pitch_type,avg_velocity,avg_spin_rate,avg_horizontal_break,avg_vertical_break,avg_plate_x,avg_plate_z,zone_distribution
CH,84.49089607787003,1791.9058992805756,-0.3727712567993129,0.5776295448038935,-0.09224448897795591,1.8599513312338964,"{13.0: 0.2393358144861151, 14.0: 0.2267391926710564, 8.0: 0.08617234468937876, 11.0: 0.07643859146865159, 7.0: 0.06813627254509018, 9.0: 0.06813627254509018, 4.0: 0.05038648726023476, 5.0: 0.04809619238476954, 12.0: 0.04380188949327226, 6.0: 0.03721729172630976, 1.0: 0.023475522473518466, 2.0: 0.017749785284855425, 3.0: 0.0143143429716576}"
CS,72.22142857142858,2328.6153846153848,0.16285714285714284,-0.5942857142857143,-0.43642857142857144,2.5307142857142857,"{14.0: 0.21428571428571427, 13.0: 0.21428571428571427, 11.0: 0.14285714285714285, 5.0: 0.14285714285714285, 8.0: 0.07142857142857142, 9.0: 0.07142857142857142, 4.0: 0.07142857142857142, 12.0: 0.07142857142857142}"
CU,78.56972694895133,2563.630608974359,0.3032686980609418,-0.7217411950929956,0.10542144835773644,1.821218836565097,"{14.0: 0.3007518796992481, 13.0: 0.1669964384645825, 11.0: 0.07558369608231104, 8.0: 0.07479224376731301, 5.0: 0.06015037593984962, 9.0: 0.054610209734863475, 7.0: 0.05104867431737238, 12.0: 0.04986149584487535, 4.0: 0.048278591214879304, 6.0: 0.04709141274238227, 2.0: 0.02928373565492679, 1.0: 0.02176493866244559, 3.0: 0.019786307874950535}"
FC,88.11644736842106,2358.4727722772277,0.09553453947368422,0.6718873355263157,0.16619243421052632,2.3323396381578947,"{14.0: 0.22039473684210525, 13.0: 0.1069078947368421, 12.0: 0.09703947368421052, 11.0: 0.09539473684210527, 6.0: 0.07154605263157894, 5.0: 0.07072368421052631, 9.0: 0.05879934210526316, 4.0: 0.05592105263157895, 2.0: 0.05180921052631579, 3.0: 0.05098684210526316, 8.0: 0.04481907894736842, 1.0: 0.04111842105263158, 7.0: 0.03453947368421053}"
FF,93.40861890902262,2312.232987747408,-0.3050436578725002,1.3235330015960944,0.024546990892873908,2.777562670171815,"{11.0: 0.16721434607079147, 12.0: 0.1454323537695991, 14.0: 0.09623509529621632, 5.0: 0.0876912965918693, 2.0: 0.07933527368322223, 6.0: 0.0662848558820768, 3.0: 0.06036991831752887, 4.0: 0.060088254623978966, 1.0: 0.059994366726129005, 13.0: 0.05980659093042907, 8.0: 0.04638062153788377, 9.0: 0.04018402027978594, 7.0: 0.030983006290489157}"
FS,85.33800322061192,1454.336569579288,-0.7879066022544283,0.37521739130434784,-0.1837037037037037,1.7925442834138487,"{14.0: 0.23993558776167473, 13.0: 0.21578099838969403, 11.0: 0.10466988727858294, 7.0: 0.09017713365539452, 8.0: 0.0853462157809984, 4.0: 0.07407407407407407, 9.0: 0.06280193236714976, 5.0: 0.043478260869565216, 1.0: 0.030595813204508857, 2.0: 0.024154589371980676, 6.0: 0.01610305958132045, 3.0: 0.008051529790660225, 12.0: 0.004830917874396135}"
KC,81.37259100642399,2513.120559741658,0.4546895074946467,-0.866220556745182,0.11706638115631691,1.8022162740899357,"{14.0: 0.2815845824411135, 13.0: 0.15524625267665954, 8.0: 0.08886509635974305, 11.0: 0.07922912205567452, 9.0: 0.07387580299785867, 5.0: 0.06209850107066381, 7.0: 0.05246252676659529, 12.0: 0.042826552462526764, 4.0: 0.042826552462526764, 6.0: 0.042826552462526764, 2.0: 0.028907922912205567, 3.0: 0.02462526766595289, 1.0: 0.02462526766595289}"
PO,89.93333333333334,2023.6666666666667,0.016666666666666607,1.2833333333333334,-0.8366666666666668,4.14,"{11.0: 0.6666666666666666, 12.0: 0.3333333333333333}"
SI,92.64852593070799,2161.783953287197,-0.5365138799225306,0.7415493867010975,-0.11248547449967722,2.3509296320206587,"{13.0: 0.15041962556488056, 14.0: 0.12158381751667742, 11.0: 0.11706477297180977, 5.0: 0.08327953518398967, 12.0: 0.08241876479449108, 4.0: 0.07725414245749947, 8.0: 0.07316548310738111, 7.0: 0.0667097051861416, 6.0: 0.058102001291155586, 9.0: 0.05143103077254142, 1.0: 0.045836023240800515, 2.0: 0.040025823111684955, 3.0: 0.03270927480094685}"
SL,84.28700270374661,2423.6377036462372,0.27078794901506376,0.08419660100424874,0.26054268057164925,1.8332078022402474,"{14.0: 0.34260332174584784, 13.0: 0.13344920818848977, 9.0: 0.08014677481653149, 8.0: 0.06759366550791812, 5.0: 0.06566241792197759, 6.0: 0.05504055619930475, 11.0: 0.04866743916570104, 7.0: 0.04692931633835458, 4.0: 0.04268057164928544, 12.0: 0.04132869833912708, 2.0: 0.03205870992661259, 1.0: 0.02394747006566242, 3.0: 0.019891850135187333}"
ST,80.89911504424778,2542.247023809524,0.7298820058997051,-0.10008849557522123,0.38731563421828913,1.8381710914454277,"{14.0: 0.3834808259587021, 13.0: 0.10324483775811209, 6.0: 0.07964601769911504, 9.0: 0.07374631268436578, 4.0: 0.058997050147492625, 8.0: 0.058997050147492625, 11.0: 0.05309734513274336, 5.0: 0.05014749262536873, 12.0: 0.035398230088495575, 7.0: 0.035398230088495575, 1.0: 0.02654867256637168, 2.0: 0.02359882005899705, 3.0: 0.017699115044247787}"
SV,83.25714285714285,2336.6507936507937,1.097936507936508,-0.20904761904761904,0.34031746031746035,1.7511111111111113,"{14.0: 0.3492063492063492, 13.0: 0.1111111111111111, 5.0: 0.09523809523809523, 6.0: 0.07936507936507936, 11.0: 0.06349206349206349, 8.0: 0.06349206349206349, 9.0: 0.047619047619047616, 7.0: 0.047619047619047616, 4.0: 0.047619047619047616, 2.0: 0.031746031746031744, 1.0: 0.031746031746031744, 12.0: 0.031746031746031744}"
CH,85.09446227929374,1766.627844712182,-0.35347512038523277,0.5426083467094703,-0.05517656500802568,1.881865971107544,"{13.0: 0.22552166934189405, 14.0: 0.22191011235955055, 8.0: 0.08426966292134831, 11.0: 0.0826645264847512, 9.0: 0.07062600321027288, 7.0: 0.06902086677367576, 4.0: 0.05337078651685393, 5.0: 0.04654895666131621, 12.0: 0.0449438202247191, 6.0: 0.04052969502407704, 1.0: 0.026886035313001606, 3.0: 0.01725521669341894, 2.0: 0.016452648475120384}"
CS,70.7,2264.0,0.5283333333333333,-1.0283333333333333,-0.22000000000000006,1.8433333333333335,"{9.0: 0.3333333333333333, 13.0: 0.3333333333333333, 11.0: 0.16666666666666666, 14.0: 0.16666666666666666}"
CU,78.37669773635153,2469.5226939970717,0.29844207723035954,-0.73211051930759,0.02601198402130493,1.9624833555259655,"{14.0: 0.22836218375499334, 13.0: 0.170439414114514, 11.0: 0.09054593874833555, 8.0: 0.08388814913448735, 5.0: 0.07057256990679095, 4.0: 0.061917443408788284, 9.0: 0.05858854860186418, 6.0: 0.05792276964047936, 7.0: 0.05459387483355526, 12.0: 0.0525965379494008, 2.0: 0.03062583222370173, 1.0: 0.02463382157123835, 3.0: 0.015312916111850865}"
FC,87.90819981149859,2323.0971615720523,0.06742695570216778,0.6014514608859566,0.17656927426955701,2.295702167766258,"{14.0: 0.22148916116870876, 13.0: 0.10838831291234684, 12.0: 0.0885956644674835, 11.0: 0.08199811498586239, 6.0: 0.07540056550424128, 5.0: 0.06597549481621112, 8.0: 0.060320452403393024, 9.0: 0.05937794533459001, 3.0: 0.05372290292177191, 2.0: 0.0527803958529689, 4.0: 0.04995287464655985, 7.0: 0.04524033930254477, 1.0: 0.036757775683317624}"
FF,93.68257734661772,2256.1285463585846,-0.27994887257472467,1.319849239643419,-0.003164656528578919,2.7219441531200843,"{11.0: 0.1603303618248558, 12.0: 0.12165705296276874, 5.0: 0.09137388568432092, 14.0: 0.09045621394861038, 2.0: 0.08154168851599371, 6.0: 0.07420031463030939, 4.0: 0.06738332459360252, 13.0: 0.06712113266911379, 1.0: 0.06082852648138437, 3.0: 0.05663345568956476, 8.0: 0.0483744100681699, 9.0: 0.041819611955951755, 7.0: 0.03828002097535396}"
FS,86.92476190476191,1349.4950495049504,-0.775952380952381,0.4999047619047619,-0.16404761904761903,1.7415238095238097,"{14.0: 0.26666666666666666, 13.0: 0.22857142857142856, 11.0: 0.1, 8.0: 0.1, 7.0: 0.08571428571428572, 5.0: 0.05714285714285714, 4.0: 0.05714285714285714, 9.0: 0.03333333333333333, 1.0: 0.01904761904761905, 12.0: 0.01904761904761905, 6.0: 0.01904761904761905, 3.0: 0.009523809523809525, 2.0: 0.004761904761904762}"
KC,79.8884476534296,2522.2813688212927,0.5058122743682311,-0.9394945848375451,0.13898916967509026,1.9090252707581226,"{14.0: 0.2815884476534296, 13.0: 0.10830324909747292, 9.0: 0.10469314079422383, 8.0: 0.08664259927797834, 11.0: 0.08303249097472924, 7.0: 0.06498194945848375, 5.0: 0.06498194945848375, 4.0: 0.05415162454873646, 6.0: 0.05054151624548736, 1.0: 0.036101083032490974, 12.0: 0.02527075812274368, 3.0: 0.021660649819494584, 2.0: 0.018050541516245487}"
SC,78.82352941176471,2119.625,-1.2705882352941178,0.49764705882352944,-0.41647058823529415,2.4447058823529413,"{1.0: 0.17647058823529413, 11.0: 0.17647058823529413, 4.0: 0.17647058823529413, 13.0: 0.11764705882352941, 14.0: 0.11764705882352941, 7.0: 0.058823529411764705, 6.0: 0.058823529411764705, 12.0: 0.058823529411764705, 5.0: 0.058823529411764705}"
SI,93.10689329556185,2152.0165527168047,-0.501614730878187,0.7432074283915644,-0.11665722379603399,2.382401636764243,"{11.0: 0.12590494176896444, 13.0: 0.12023921938936104, 14.0: 0.11331444759206799, 5.0: 0.08876298394711993, 4.0: 0.0824677368586717, 8.0: 0.07774630154233554, 12.0: 0.07239534151715454, 6.0: 0.06861819326408561, 7.0: 0.06389675794774945, 1.0: 0.05225055083412024, 9.0: 0.05067673906200818, 2.0: 0.048788164935473714, 3.0: 0.03493862134088763}"
SL,84.36154548220263,2378.088781830695,0.16959537572254335,0.09591420748402799,0.12803163979312443,1.9950745360511106,"{14.0: 0.26194097961667173, 13.0: 0.1493763310009127, 5.0: 0.08214177061149985, 9.0: 0.0687557042896258, 8.0: 0.06814724672954062, 11.0: 0.06358381502890173, 6.0: 0.0571950106480073, 4.0: 0.05415272284758138, 12.0: 0.05171889260724064, 7.0: 0.04745968968664436, 2.0: 0.04015819896562215, 3.0: 0.02829327654396106, 1.0: 0.02707636142379069}"
ST,80.63359013867488,2591.0461538461536,0.48722650231124803,0.06354391371340525,0.11314329738058553,2.072742681047766,"{14.0: 0.24961479198767333, 13.0: 0.14946070878274267, 5.0: 0.09244992295839753, 8.0: 0.07550077041602465, 11.0: 0.06779661016949153, 4.0: 0.06317411402157165, 9.0: 0.06317411402157165, 12.0: 0.05546995377503852, 6.0: 0.05084745762711865, 7.0: 0.03543913713405239, 1.0: 0.03389830508474576, 3.0: 0.032357473035439135, 2.0: 0.030816640986132512}"
SV,80.24827586206897,2268.214285714286,0.0810344827586207,-0.16344827586206898,-0.1627586206896552,1.7437931034482759,"{13.0: 0.3103448275862069, 14.0: 0.20689655172413793, 8.0: 0.10344827586206896, 11.0: 0.10344827586206896, 5.0: 0.06896551724137931, 7.0: 0.06896551724137931, 12.0: 0.034482758620689655, 1.0: 0.034482758620689655, 2.0: 0.034482758620689655, 4.0: 0.034482758620689655}"
CH,86.0780739466896,1790.1556319862425,-0.4473602751504729,0.5959673258813414,-0.02727429062768702,1.7820636285468616,"{13: 0.25709372312983664, 14: 0.2553740326741187, 8: 0.07480653482373173, 7: 0.06878761822871883, 9: 0.0644883920894239, 11: 0.061908856405846945, 4: 0.05331040412725709, 12: 0.04299226139294927, 5: 0.04213241616509028, 6: 0.040412725709372314, 1: 0.02063628546861565, 2: 0.009458297506448839, 3: 0.008598452278589854}"
CU,80.34921874999999,2670.1967329545455,0.07884232954545455,-0.8431107954545454,0.05013494318181819,1.7687713068181816,"{14: 0.2663352272727273, 13: 0.20525568181818182, 8: 0.08096590909090909, 11: 0.05894886363636364, 5: 0.0546875, 9: 0.052556818181818184, 4: 0.05184659090909091, 7: 0.05113636363636364, 12: 0.04971590909090909, 6: 0.045454545454545456, 2: 0.03409090909090909, 3: 0.024857954545454544, 1: 0.024147727272727272}"
FA,81.14999999999999,1683.0,-0.8333333333333334,0.6666666666666666,-0.8566666666666668,1.365,"{13: 0.8333333333333334, 4: 0.16666666666666666}"
FC,89.40012787723785,2414.8849104859337,0.12952685421994886,0.672544757033248,0.1170076726342711,2.4743989769820973,"{14: 0.18925831202046037, 12: 0.10869565217391304, 11: 0.09718670076726342, 13: 0.09718670076726342, 5: 0.07289002557544758, 6: 0.07161125319693094, 2: 0.06521739130434782, 9: 0.06265984654731457, 4: 0.05754475703324808, 1: 0.05115089514066496, 8: 0.04859335038363171, 3: 0.04475703324808184, 7: 0.03324808184143223}"
FF,95.21803930744034,2355.959279194945,-0.19663079082826393,1.4050982686008424,0.013348151614412728,2.767487131492747,"{11: 0.1525503041647169, 12: 0.14997660271408517, 14: 0.09007955077211044, 5: 0.08890968647636874, 2: 0.08797379503977538, 6: 0.07136172204024332, 13: 0.06761815629386991, 4: 0.0627047262517548, 1: 0.06036499766027141, 3: 0.05779129620963968, 8: 0.039541413196069256, 9: 0.03837154890032756, 7: 0.03275620028076743}"
FS,86.63623188405796,1633.4855072463768,-0.947463768115942,0.6434057971014493,-0.05297101449275362,1.919927536231884,"{14: 0.2753623188405797, 13: 0.21014492753623187, 11: 0.10869565217391304, 5: 0.07971014492753623, 8: 0.057971014492753624, 4: 0.057971014492753624, 9: 0.057971014492753624, 6: 0.036231884057971016, 1: 0.028985507246376812, 7: 0.028985507246376812, 3: 0.021739130434782608, 12: 0.021739130434782608, 2: 0.014492753623188406}"
KC,82.94722891566265,2760.467469879518,0.7229638554216867,-1.053879518072289,0.116,1.7973253012048191,"{14: 0.3204819277108434, 13: 0.14216867469879518, 11: 0.0891566265060241, 8: 0.07951807228915662, 4: 0.06746987951807229, 7: 0.06265060240963856, 5: 0.060240963855421686, 9: 0.05060240963855422, 6: 0.03855421686746988, 12: 0.033734939759036145, 2: 0.021686746987951807, 3: 0.016867469879518072, 1: 0.016867469879518072}"
SI,94.1,2142.1623672230653,-0.31920121334681495,0.6231749241658241,-0.049726996966632964,2.2990849342770474,"{13: 0.14206268958543983, 14: 0.1390293225480283, 11: 0.10566228513650151, 4: 0.08038422649140546, 6: 0.07735085945399393, 12: 0.07633973710819009, 8: 0.07280080889787664, 5: 0.07229524772497473, 7: 0.06268958543983821, 9: 0.06117290192113246, 3: 0.03993933265925177, 1: 0.03538928210313448, 2: 0.03488372093023256}"
SL,86.10286152273888,2502.8695652173915,0.12206438426162493,0.19434338272866633,0.1270056208482371,1.8516607051609606,"{14: 0.28513030148185997, 13: 0.18650996423096577, 9: 0.07153806847215124, 5: 0.06898313745528871, 8: 0.06642820643842616, 6: 0.052120592743995914, 7: 0.050076647930505876, 11: 0.04905467552376086, 4: 0.04854368932038835, 12: 0.0403679100664282, 2: 0.02963719979560552, 3: 0.026571282575370465, 1: 0.025038323965252938}"
ST,81.76233766233766,2646.746753246753,0.8596753246753246,0.01012987012987013,0.24500000000000002,2.0553896103896103,"{14: 0.3181818181818182, 13: 0.1038961038961039, 11: 0.08441558441558442, 6: 0.07792207792207792, 5: 0.07142857142857142, 9: 0.06493506493506493, 12: 0.05844155844155844, 2: 0.05844155844155844, 8: 0.05194805194805195, 4: 0.05194805194805195, 7: 0.03896103896103896, 3: 0.01948051948051948}"
SV,82.28660714285715,2816.5803571428573,-1.2698214285714287,0.06294642857142857,-0.3563392857142857,1.9780357142857141,"{13: 0.4107142857142857, 2: 0.08928571428571429, 5: 0.08035714285714286, 7: 0.07142857142857142, 4: 0.07142857142857142, 1: 0.0625, 12: 0.044642857142857144, 8: 0.044642857142857144, 14: 0.03571428571428571, 6: 0.026785714285714284, 9: 0.026785714285714284, 11: 0.026785714285714284, 3: 0.008928571428571428}"
CH,85.18188113604488,1740.1695303550973,-0.3541136244082062,0.5310678590215676,-0.07424351332398317,1.826311360448808,"{13.0: 0.24763323983169705, 14.0: 0.2348352033660589, 8.0: 0.08248597475455821, 7.0: 0.0781030855539972, 11.0: 0.07617461430575036, 9.0: 0.059694950911640954, 4.0: 0.04838709677419355, 12.0: 0.04680925666199159, 5.0: 0.04593267882187938, 6.0: 0.035326086956521736, 1.0: 0.01858345021037868, 2.0: 0.014463534361851332, 3.0: 0.011570827489481066}"
CS,68.732,2448.0,1.0876000000000001,-1.138,-0.3804,1.9836,"{14.0: 0.2, 13.0: 0.2, 7.0: 0.16, 11.0: 0.12, 2.0: 0.08, 8.0: 0.08, 4.0: 0.08, 9.0: 0.04, 5.0: 0.04}"
CU,78.54932019977802,2496.2893125521846,0.3618382352941177,-0.7929855715871255,0.06887902330743619,1.858071587125416,"{14.0: 0.2749722530521643, 13.0: 0.17425083240843509, 8.0: 0.0747780244173141, 11.0: 0.06936736958934517, 5.0: 0.06548279689234185, 9.0: 0.06409544950055494, 7.0: 0.05438401775804662, 4.0: 0.052580466148723644, 6.0: 0.04467258601553829, 12.0: 0.04397891231964484, 2.0: 0.034822419533851276, 1.0: 0.027330743618201998, 3.0: 0.01928412874583796}"
EP,58.550000000000004,1828.0,0.5766666666666667,-0.245,1.02,2.3983333333333334,"{14.0: 0.5, 12.0: 0.3333333333333333, 1.0: 0.16666666666666666}"
FA,62.36220472440945,1518.5396825396826,-0.36,1.4939370078740157,0.0184251968503937,3.1089763779527555,"{12.0: 0.25984251968503935, 11.0: 0.2283464566929134, 14.0: 0.12598425196850394, 1.0: 0.07086614173228346, 4.0: 0.06299212598425197, 13.0: 0.05511811023622047, 2.0: 0.03937007874015748, 9.0: 0.03937007874015748, 5.0: 0.03937007874015748, 6.0: 0.023622047244094488, 8.0: 0.023622047244094488, 3.0: 0.023622047244094488, 7.0: 0.007874015748031496}"
FC,88.7230024213075,2354.6326618088297,0.11534539239424584,0.6901353083606323,0.18155390969947302,2.3770189431704885,"{14.0: 0.20039880358923232, 12.0: 0.1095285571855861, 13.0: 0.09614015097564449, 11.0: 0.08574277168494517, 6.0: 0.07563025210084033, 5.0: 0.07164221620851731, 9.0: 0.06181455633100698, 2.0: 0.058253809998575705, 4.0: 0.05526278307933343, 3.0: 0.05412334425295542, 8.0: 0.05312633527987466, 1.0: 0.04201680672268908, 7.0: 0.03631961259079903}"
FF,93.68995658634655,2253.427334425462,-0.2848467365967366,1.3775556526806527,-0.007492788671658752,2.806418519273914,"{11.0: 0.1751697211619708, 12.0: 0.1350485125724775, 5.0: 0.0873517671396521, 2.0: 0.08513737944698581, 14.0: 0.08411759564115265, 6.0: 0.070044579120655, 4.0: 0.06614026397832232, 1.0: 0.06398414964598934, 3.0: 0.0617988986334897, 13.0: 0.0585938638151569, 8.0: 0.04350106348882608, 9.0: 0.03604207336616066, 7.0: 0.03307013198916116}"
FS,86.45868814729575,1396.8079584775087,-0.8659896432681242,0.33674338319907937,-0.27681242807825085,1.6988607594936709,"{13.0: 0.3130034522439586, 14.0: 0.2140391254315305, 11.0: 0.09090909090909091, 7.0: 0.08918296892980437, 8.0: 0.08630609896432681, 4.0: 0.05523590333716916, 9.0: 0.04602991944764097, 5.0: 0.03452243958573072, 1.0: 0.025891829689298044, 6.0: 0.018411967779056387, 2.0: 0.011507479861910242, 3.0: 0.00863060989643268, 12.0: 0.006329113924050633}"
KC,80.48659793814433,2430.907823741007,0.43133572389063196,-0.854643657552667,0.10767817122366652,1.7999193186911697,"{14.0: 0.3025549081129538, 13.0: 0.15015688032272523, 8.0: 0.0811295383236217, 11.0: 0.07844016136261767, 9.0: 0.06947557149260421, 5.0: 0.06364858807709547, 6.0: 0.05199462124607799, 7.0: 0.049305244285073956, 4.0: 0.04616763783056925, 12.0: 0.03272075302554908, 2.0: 0.03182429403854774, 1.0: 0.02689376961004034, 3.0: 0.015688032272523533}"
PO,86.725,2157.25,-1.035,1.0025,1.1325,3.1,"{12.0: 0.5, 11.0: 0.25, 14.0: 0.25}"
SI,92.84276379144312,2121.550522166125,-0.4488691704498555,0.7408137295363875,-0.1259423579584537,2.3567973586463062,"{13.0: 0.141422479020498, 11.0: 0.12890356307607648, 14.0: 0.12174989682212134, 4.0: 0.08164809464850736, 5.0: 0.08061631586187921, 12.0: 0.07401293162745907, 8.0: 0.07332507910304031, 7.0: 0.06589627183931765, 6.0: 0.059361672857339384, 9.0: 0.05227679185582611, 2.0: 0.04526069610675471, 1.0: 0.04278442701884716, 3.0: 0.032741780162333194}"
SL,84.42486648501362,2378.899048452368,0.25930899182561307,0.12547847411444144,0.23214877384196186,1.893777111716621,"{14.0: 0.3149318801089918, 13.0: 0.1419073569482289, 9.0: 0.07803814713896458, 8.0: 0.06997275204359674, 5.0: 0.06953678474114441, 6.0: 0.06119891008174387, 11.0: 0.05035422343324251, 12.0: 0.04550408719346049, 7.0: 0.04463215258855586, 4.0: 0.04452316076294278, 2.0: 0.03182561307901907, 3.0: 0.024686648501362398, 1.0: 0.022888283378746595}"
ST,81.46251157050293,2553.336434108527,0.5047269361308238,0.063033014501697,0.27071891391545816,1.9766985498302994,"{14.0: 0.31440913298364703, 13.0: 0.1320580067880284, 9.0: 0.07466831224930577, 6.0: 0.06788028386300525, 12.0: 0.06263498920086392, 5.0: 0.06263498920086392, 8.0: 0.061400802221536564, 11.0: 0.056155507559395246, 4.0: 0.04443073125578525, 7.0: 0.040728170317803146, 2.0: 0.03424868867633447, 1.0: 0.024992286331379204, 3.0: 0.023758099352051837}"
SV,81.81243093922652,2551.0360110803326,0.1723756906077348,-0.1594475138121547,0.01359116022099448,1.8003867403314917,"{14.0: 0.2541436464088398, 13.0: 0.1878453038674033, 7.0: 0.09668508287292818, 8.0: 0.0856353591160221, 5.0: 0.07734806629834254, 9.0: 0.06353591160220995, 4.0: 0.055248618784530384, 11.0: 0.04696132596685083, 2.0: 0.04143646408839779, 12.0: 0.03038674033149171, 6.0: 0.027624309392265192, 1.0: 0.019337016574585635, 3.0: 0.013812154696132596}"
CH,85.5729746254968,1785.7786330049262,-0.4531702843167227,0.5426780800978294,-0.0821858758789361,1.7908315499847143,"{13: 0.2503821461326811, 14: 0.24457352491592785, 8: 0.09446652399877713, 7: 0.07245490675634363, 11: 0.07214918985019872, 9: 0.05227759095077958, 4: 0.0498318557016203, 5: 0.04646896973402629, 12: 0.04494038520330174, 6: 0.03362885967594008, 1: 0.020177315805564047, 2: 0.010700091715071844, 3: 0.007948639559767655}"
CS,66.9,2460.0,0.84,-1.47,-1.95,3.87,{11: 1.0}
CU,79.2054113345521,2599.8760088041086,0.26224131627056674,-0.828800731261426,0.045414990859232174,1.7869396709323582,"{14: 0.2610603290676417, 13: 0.19707495429616087, 8: 0.0829981718464351, 5: 0.06617915904936014, 9: 0.06325411334552103, 11: 0.05923217550274223, 7: 0.05630712979890311, 6: 0.04862888482632541, 4: 0.04789762340036563, 12: 0.03912248628884826, 2: 0.03144424131627057, 1: 0.028153564899451554, 3: 0.018647166361974405}"
EP,38.825,834.25,0.065,1.5925,-0.33999999999999997,4.0025,"{11: 0.75, 3: 0.25}"
FA,78.07000000000001,1837.95,-0.792,1.2405,-0.065,2.8085,"{11: 0.2, 3: 0.15, 6: 0.1, 2: 0.1, 12: 0.1, 9: 0.1, 14: 0.1, 8: 0.05, 5: 0.05, 1: 0.05}"
FC,89.32298267849599,2380.8307888040713,0.1045711871567385,0.7394296577946768,0.22025771018166457,2.3573003802281365,"{14: 0.21461765948457964, 12: 0.1106886354034643, 11: 0.08914237431347698, 13: 0.08238276299112801, 6: 0.07520067596113224, 5: 0.07266582171525138, 9: 0.06421630756231517, 4: 0.05787917194761301, 2: 0.05280946345585129, 3: 0.051964512040557666, 8: 0.05027460920997043, 1: 0.04478242501056189, 7: 0.033375580904098014}"
FF,94.18233163028333,2306.1863963374753,-0.3041504876915931,1.4028248954946585,-0.011752902926149559,2.8093859730608455,"{11: 0.18513701811425917, 12: 0.14528564793311657, 2: 0.0805387830933581, 14: 0.08035299581978635, 5: 0.07756618671620993, 6: 0.06855550394797956, 1: 0.06706920575940548, 13: 0.06112401300510915, 4: 0.05861588481189039, 3: 0.058430097538318626, 8: 0.0435671156525778, 9: 0.04087320018578727, 7: 0.03288434742220158}"
FS,86.38004338394794,1352.3443708609273,-0.9596746203904556,0.3125596529284165,-0.1298047722342733,1.5813665943600868,"{14: 0.29067245119305857, 13: 0.24945770065075923, 7: 0.10629067245119306, 11: 0.0911062906724512, 8: 0.0737527114967462, 4: 0.049891540130151846, 5: 0.0455531453362256, 9: 0.03036876355748373, 6: 0.02386117136659436, 2: 0.01735357917570499, 1: 0.013015184381778741, 12: 0.004338394793926247, 3: 0.004338394793926247}"
KC,82.3943157894737,2543.421164021164,0.654421052631579,-0.8302,0.18266315789473683,1.751463157894737,"{14: 0.36, 13: 0.1168421052631579, 11: 0.08421052631578947, 8: 0.07578947368421053, 5: 0.07368421052631578, 9: 0.06736842105263158, 4: 0.05368421052631579, 6: 0.04, 7: 0.037894736842105266, 2: 0.031578947368421054, 1: 0.030526315789473683, 12: 0.017894736842105262, 3: 0.010526315789473684}"
PO,92.36666666666667,2225.6666666666665,-0.49666666666666665,1.4533333333333334,2.0366666666666666,4.593333333333333,{12: 1.0}
SI,94.03025594149909,2155.1072474377747,-0.5276471663619744,0.757471663619744,-0.1633893967093236,2.3388848263254114,"{13: 0.1482632541133455, 11: 0.13985374771480805, 14: 0.12541133455210238, 5: 0.08372943327239488, 4: 0.07824497257769653, 8: 0.0740402193784278, 7: 0.06343692870201097, 6: 0.062157221206581355, 12: 0.061791590493601466, 9: 0.051188299817184646, 1: 0.04625228519195612, 2: 0.03948811700182815, 3: 0.026142595978062157}"
SL,85.49825099170573,2465.450533550371,0.31677244861161197,0.20035160476018754,0.26803281644428417,1.8523205914172376,"{14: 0.33844212044716915, 13: 0.13144608727010457, 9: 0.07573025604038947, 8: 0.0699603317706455, 5: 0.06869816083663902, 6: 0.0569780021637216, 11: 0.04724125495852867, 12: 0.04652001442481067, 4: 0.04525784349080418, 7: 0.04453660295708619, 2: 0.029751172015867293, 1: 0.02398124774612333, 3: 0.02145690587811035}"
ST,81.55789915966386,2576.572268907563,0.670453781512605,0.15811764705882353,0.3539747899159664,2.0274957983193276,"{14: 0.32184873949579834, 13: 0.1, 5: 0.07478991596638655, 9: 0.07226890756302522, 12: 0.07142857142857142, 6: 0.06554621848739496, 8: 0.06554621848739496, 11: 0.05630252100840336, 2: 0.04285714285714286, 4: 0.041176470588235294, 7: 0.03697478991596639, 1: 0.02689075630252101, 3: 0.024369747899159664}"
SV,82.26280991735537,2712.4297520661157,-0.16008264462809918,-0.11041322314049587,-0.08867768595041323,2.1245454545454545,"{13: 0.18181818181818182, 14: 0.1487603305785124, 4: 0.09917355371900827, 8: 0.09090909090909091, 11: 0.09090909090909091, 6: 0.08264462809917356, 7: 0.08264462809917356, 5: 0.06611570247933884, 12: 0.049586776859504134, 3: 0.049586776859504134, 9: 0.03305785123966942, 2: 0.01652892561983471, 1: 0.008264462809917356}"
CH,86.60344827586206,1775.3908045977012,-0.832528735632184,0.40425287356321843,-0.0917241379310345,1.7477011494252874,"{13: 0.27586206896551724, 14: 0.2413793103448276, 7: 0.12643678160919541, 8: 0.09195402298850575, 4: 0.05747126436781609, 12: 0.05747126436781609, 9: 0.04597701149425287, 11: 0.04597701149425287, 3: 0.034482758620689655, 5: 0.022988505747126436}"
CU,79.73620689655172,2697.103448275862,0.23370689655172414,-0.9463793103448276,0.02362068965517242,1.6306896551724137,"{14: 0.31896551724137934, 13: 0.25862068965517243, 5: 0.06896551724137931, 7: 0.0603448275862069, 9: 0.05172413793103448, 11: 0.05172413793103448, 4: 0.04310344827586207, 6: 0.04310344827586207, 12: 0.034482758620689655, 8: 0.034482758620689655, 2: 0.02586206896551724, 3: 0.008620689655172414}"
FC,90.833,2337.87,0.0344,0.7524,-0.05750000000000001,2.0566999999999998,"{13: 0.24, 14: 0.17, 6: 0.1, 11: 0.09, 12: 0.08, 3: 0.06, 5: 0.06, 9: 0.05, 8: 0.04, 7: 0.04, 2: 0.03, 1: 0.02, 4: 0.02}"
FF,95.29563862928349,2346.5981308411215,-0.5975700934579439,1.5129906542056075,0.07370716510903427,2.913707165109034,"{11: 0.19626168224299065, 12: 0.17445482866043613, 14: 0.08722741433021806, 3: 0.08411214953271028, 5: 0.08099688473520249, 6: 0.07476635514018691, 1: 0.06853582554517133, 2: 0.06853582554517133, 8: 0.04672897196261682, 4: 0.040498442367601244, 9: 0.03115264797507788, 13: 0.03115264797507788, 7: 0.01557632398753894}"
FS,86.56666666666666,1088.3333333333333,-0.8433333333333333,0.006666666666666658,0.48,1.2566666666666666,"{14: 0.6666666666666666, 8: 0.3333333333333333}"
KC,81.44339622641509,2700.0943396226417,1.0435849056603774,-1.0018867924528303,0.18943396226415096,1.5884905660377358,"{14: 0.39622641509433965, 8: 0.1320754716981132, 9: 0.11320754716981132, 5: 0.09433962264150944, 7: 0.09433962264150944, 4: 0.07547169811320754, 1: 0.03773584905660377, 11: 0.018867924528301886, 2: 0.018867924528301886, 13: 0.018867924528301886}"
SI,95.70833333333333,2200.7549019607845,0.010931372549019606,0.8573039215686276,-0.03475490196078431,2.2813235294117646,"{14: 0.14215686274509803, 11: 0.11764705882352941, 13: 0.11274509803921569, 8: 0.09803921568627451, 4: 0.08823529411764706, 12: 0.08333333333333333, 6: 0.0784313725490196, 7: 0.07352941176470588, 9: 0.06862745098039216, 5: 0.058823529411764705, 2: 0.0392156862745098, 1: 0.0196078431372549, 3: 0.0196078431372549}"
SL,86.49124423963133,2629.7419354838707,0.6897695852534562,0.22857142857142856,0.4570967741935484,1.9039631336405531,"{14: 0.4009216589861751, 6: 0.10138248847926268, 8: 0.07373271889400922, 9: 0.07373271889400922, 5: 0.06912442396313365, 11: 0.05069124423963134, 13: 0.04608294930875576, 7: 0.03686635944700461, 4: 0.03686635944700461, 12: 0.03225806451612903, 2: 0.03225806451612903, 3: 0.027649769585253458, 1: 0.018433179723502304}"
ST,80.76315789473684,2439.3684210526317,-0.27263157894736845,-0.12421052631578947,0.4842105263157894,1.7652631578947369,"{14: 0.3684210526315789, 6: 0.21052631578947367, 5: 0.15789473684210525, 2: 0.05263157894736842, 8: 0.05263157894736842, 9: 0.05263157894736842, 7: 0.05263157894736842, 13: 0.05263157894736842}"
CH,85.20948022676046,1737.420656119444,-0.3489487704918033,0.52956970152312,-0.06756095895089133,1.8698101222594086,"{13.0: 0.24390410491086675, 14.0: 0.23509323133665733, 8.0: 0.08271292944471006, 11.0: 0.07574619219998634, 7.0: 0.07014548186599276, 9.0: 0.059353869271224644, 4.0: 0.05266033740864695, 12.0: 0.04849395533092002, 5.0: 0.04774264053001844, 6.0: 0.035311795642374154, 1.0: 0.020627006352025135, 2.0: 0.01591421351000615, 3.0: 0.012294242196571272}"
CS,68.49130434782609,2398.2608695652175,0.73,-1.0447826086956522,0.07869565217391306,1.7665217391304346,"{14.0: 0.2608695652173913, 13.0: 0.17391304347826086, 11.0: 0.17391304347826086, 7.0: 0.13043478260869565, 9.0: 0.08695652173913043, 1.0: 0.043478260869565216, 12.0: 0.043478260869565216, 6.0: 0.043478260869565216, 3.0: 0.043478260869565216}"
CU,78.48664465444608,2501.14925202695,0.36876807468974154,-0.7985585790732096,0.08313446430604576,1.8830820904019128,"{14.0: 0.2723443014915177, 13.0: 0.16326995331891153, 8.0: 0.07571444836616191, 11.0: 0.07286804053284755, 5.0: 0.06911078219287259, 9.0: 0.06444267334623704, 7.0: 0.05715586929295229, 4.0: 0.05328475463964477, 6.0: 0.04895821473300695, 12.0: 0.04702265740635318, 2.0: 0.029830354093134465, 1.0: 0.027667084139815553, 3.0: 0.018330866446544462}"
EP,46.445454545454545,1118.878787878788,0.2840909090909091,1.5377272727272726,0.1272727272727273,3.0578787878787876,"{12.0: 0.2727272727272727, 11.0: 0.18181818181818182, 2.0: 0.09090909090909091, 14.0: 0.09090909090909091, 13.0: 0.07575757575757576, 1.0: 0.06060606060606061, 5.0: 0.06060606060606061, 3.0: 0.06060606060606061, 6.0: 0.045454545454545456, 9.0: 0.030303030303030304, 4.0: 0.015151515151515152, 8.0: 0.015151515151515152}"
FA,65.69539748953976,1620.0753138075313,-0.533347280334728,1.3437238493723849,-0.21322175732217574,2.841715481171548,"{11.0: 0.26359832635983266, 14.0: 0.11715481171548117, 12.0: 0.10460251046025104, 1.0: 0.0794979079497908, 5.0: 0.06694560669456066, 6.0: 0.06276150627615062, 13.0: 0.06276150627615062, 4.0: 0.05439330543933055, 9.0: 0.05439330543933055, 3.0: 0.04602510460251046, 2.0: 0.03765690376569038, 8.0: 0.029288702928870293, 7.0: 0.02092050209205021}"
FC,88.91697359662747,2341.006558470431,0.159627246505436,0.6915952962059019,0.2366518748613268,2.3509729309962277,"{14.0: 0.2301974706012869, 12.0: 0.10461504326603062, 13.0: 0.08664299977812293, 11.0: 0.08575549145773241, 6.0: 0.07954293321499889, 5.0: 0.06966940315065454, 9.0: 0.06101619702684713, 8.0: 0.05524739294430885, 3.0: 0.05458176170401598, 2.0: 0.05214111382294209, 4.0: 0.04914577324162414, 7.0: 0.036276902595961835, 1.0: 0.03516751719547371}"
FF,93.90750311713077,2258.2206491120637,-0.27967264014864435,1.3548436544996698,0.0027633669901963183,2.8036456983595337,"{11.0: 0.17382588074224384, 12.0: 0.13849839865046573, 14.0: 0.08635063442779259, 5.0: 0.08591056890692614, 2.0: 0.08234114857100946, 6.0: 0.0708016526905117, 4.0: 0.06478742390533701, 1.0: 0.06349167542723028, 3.0: 0.061266899738405496, 13.0: 0.05823533726132558, 8.0: 0.04280859594650759, 9.0: 0.04029044324377185, 7.0: 0.03139134048847273}"
FS,87.0359246740705,1457.091481122943,-0.9316079188797681,0.35672139063254465,-0.288184451955577,1.6830613230323515,"{13.0: 0.30951231289232256, 14.0: 0.2312892322549493, 11.0: 0.10140028971511347, 7.0: 0.09270883631096088, 8.0: 0.08353452438435538, 4.0: 0.04925156929019797, 5.0: 0.04152583293095123, 9.0: 0.03283437952679865, 1.0: 0.021728633510381457, 6.0: 0.01496861419604056, 2.0: 0.01158860453887011, 12.0: 0.00772573635924674, 3.0: 0.001931434089811685}"
KC,80.99282032400589,2484.1168017686073,0.4746539027982327,-0.893582474226804,0.12607511045655376,1.8326693667157583,"{14.0: 0.30559646539027985, 13.0: 0.14212076583210603, 8.0: 0.08394698085419734, 5.0: 0.0740058910162003, 11.0: 0.07326951399116348, 9.0: 0.06590574374079529, 7.0: 0.05191458026509573, 4.0: 0.047128129602356406, 6.0: 0.0390279823269514, 12.0: 0.03755522827687776, 2.0: 0.03424153166421208, 1.0: 0.029455081001472753, 3.0: 0.015832106038291605}"
PO,90.43333333333334,2250.6666666666665,-0.7733333333333334,1.0766666666666667,-1.3383333333333332,3.8249999999999997,"{11.0: 0.6666666666666666, 12.0: 0.3333333333333333}"
SI,92.98299406956242,2125.641972661485,-0.5053518192017952,0.7038836351979484,-0.12213335470427952,2.362854089864829,"{13.0: 0.14350590372388738, 11.0: 0.1276914035368916, 14.0: 0.11914302505743442, 5.0: 0.08334669017470749, 4.0: 0.08195757867179569, 8.0: 0.07485173906074691, 12.0: 0.06934872041459636, 7.0: 0.06496767644387455, 6.0: 0.06229630816904418, 9.0: 0.05535075065448523, 1.0: 0.044237858631190896, 2.0: 0.04306245659026554, 3.0: 0.030239888871079767}"
SL,84.76830029802734,2382.680290171163,0.2751549269123421,0.14829225601967927,0.23742844978475802,1.88750082785373,"{14.0: 0.3193623160982071, 13.0: 0.14248545342731445, 9.0: 0.07488528312597569, 8.0: 0.07393916457732154, 5.0: 0.0666067458252519, 6.0: 0.058517432234258954, 7.0: 0.04934008231231373, 4.0: 0.047542457069870855, 11.0: 0.046690950376082126, 12.0: 0.04546099626283173, 2.0: 0.028809309806518756, 3.0: 0.024126022990680732, 1.0: 0.02223378589337244}"
ST,81.4868835790544,2560.568083481802,0.47563802745297407,0.07069140823589223,0.23472038637519063,2.011853075749873,"{14.0: 0.3014743263853584, 13.0: 0.12760549059481444, 9.0: 0.07498729028978139, 8.0: 0.06786985256736146, 5.0: 0.06710726995424504, 6.0: 0.0643111337061515, 11.0: 0.06354855109303507, 12.0: 0.058464667005592275, 7.0: 0.04804270462633452, 4.0: 0.04499237417386884, 2.0: 0.030249110320284697, 1.0: 0.027452974072191154, 3.0: 0.02389425521098119}"
SV,81.80800865800866,2617.7316017316016,0.03857142857142857,-0.14212121212121212,-0.03318181818181818,1.8362554112554113,"{13.0: 0.23809523809523808, 14.0: 0.21428571428571427, 4.0: 0.09307359307359307, 8.0: 0.08658008658008658, 5.0: 0.08225108225108226, 9.0: 0.06060606060606061, 7.0: 0.05194805194805195, 6.0: 0.045454545454545456, 11.0: 0.04112554112554113, 1.0: 0.030303030303030304, 2.0: 0.02813852813852814, 12.0: 0.01948051948051948, 3.0: 0.008658008658008658}"
CH,85.36533344150577,1762.0779357984559,-0.33660311536589327,0.5010498134025636,-0.07569527827356806,1.853280869706312,"{13: 0.24671426253447995, 14: 0.2332467953918546, 8: 0.08137270809670615, 11: 0.07845205257179945, 7: 0.07293525880253124, 9: 0.06279409378549408, 12: 0.04770404024014279, 4: 0.047379522959597596, 5: 0.04527016063605387, 6: 0.03934772026610417, 1: 0.017361674509167615, 2: 0.014603277624533506, 3: 0.012818432581534967}"
CS,69.37272727272727,2514.7272727272725,0.8618181818181818,-1.1390909090909092,-0.2,2.3918181818181816,"{14: 0.36363636363636365, 11: 0.2727272727272727, 13: 0.09090909090909091, 12: 0.09090909090909091, 7: 0.09090909090909091, 8: 0.09090909090909091}"
CU,78.89924774941423,2540.7324431256184,0.3032938710075225,-0.7776976199284745,0.08436305339745961,1.8577013195215193,"{14: 0.2754963620668393, 13: 0.17548403009002342, 8: 0.07818473301270194, 11: 0.06930570970526576, 5: 0.06215316315205328, 9: 0.06202984338389444, 7: 0.05463065729436429, 12: 0.051424343322234556, 6: 0.048834628190899, 4: 0.048711308422740164, 2: 0.02688370945862622, 1: 0.025527192008879023, 3: 0.021334319891478604}"
EP,49.64042553191489,1252.9462365591398,-0.15829787234042553,1.2547872340425532,-0.058829787234042544,3.2785106382978726,"{11: 0.30851063829787234, 12: 0.18085106382978725, 14: 0.14893617021276595, 6: 0.06382978723404255, 13: 0.05319148936170213, 1: 0.05319148936170213, 3: 0.0425531914893617, 9: 0.0425531914893617, 4: 0.031914893617021274, 2: 0.031914893617021274, 5: 0.02127659574468085, 8: 0.010638297872340425, 7: 0.010638297872340425}"
FA,74.21955835962144,1795.757097791798,-0.42987381703470035,1.20403785488959,0.03359621451104101,2.8541009463722395,"{11: 0.20504731861198738, 14: 0.15141955835962145, 12: 0.138801261829653, 2: 0.06624605678233439, 13: 0.06309148264984227, 1: 0.06309148264984227, 5: 0.05993690851735016, 9: 0.05993690851735016, 6: 0.05362776025236593, 3: 0.03785488958990536, 4: 0.03470031545741325, 8: 0.03470031545741325, 7: 0.031545741324921134}"
FC,89.27759300320275,2379.3805528134253,0.15979921162847993,0.6562416851441242,0.229169746242917,2.3308154717910816,"{14: 0.2342941611234294, 12: 0.09386548410938655, 11: 0.08893816210889381, 13: 0.08339492485833949, 6: 0.0767430401576743, 5: 0.0732939147573294, 9: 0.07046070460704607, 2: 0.05900468095590047, 3: 0.05358462675535846, 4: 0.04988913525498891, 8: 0.04754865730475487, 1: 0.03609263365360926, 7: 0.03288987435328899}"
FF,93.9519511452073,2278.032734132268,-0.25284986290746947,1.3159813886504002,-0.010902595064668901,2.805355471238264,"{11: 0.17301354308028913, 12: 0.14011133575207024, 5: 0.08477580524552025, 2: 0.08280942753482705, 14: 0.0801506633062841, 6: 0.0698479519206802, 1: 0.06400420971002853, 3: 0.06400420971002853, 4: 0.06378264602431662, 13: 0.06201013653862132, 8: 0.04384191431024455, 9: 0.037831999335308945, 7: 0.03381615753178054}"
FS,87.64752089136489,1443.625,-0.8931643454038998,0.3540724233983287,-0.27654038997214486,1.7193704735376045,"{13: 0.2958217270194986, 14: 0.2222841225626741, 11: 0.09805013927576602, 7: 0.09192200557103064, 8: 0.07242339832869081, 4: 0.06350974930362117, 5: 0.04233983286908078, 9: 0.04178272980501393, 6: 0.022841225626740947, 1: 0.022284122562674095, 2: 0.013927576601671309, 12: 0.007799442896935933, 3: 0.005013927576601671}"
KC,81.40253070338667,2529.989552238806,0.46752884257536287,-0.8434871604019352,0.040260513583922596,1.8149758094529216,"{14: 0.2731671008559732, 13: 0.1700781540751768, 8: 0.08857461853368069, 11: 0.07629326386304429, 9: 0.061778935615928544, 4: 0.06103461109043543, 7: 0.05842947525120953, 5: 0.05656866393747674, 6: 0.03721622627465575, 2: 0.034983252698176405, 12: 0.032005954596203944, 1: 0.03126163007071083, 3: 0.018608113137327874}"
KN,51.08,961.0,-0.398,0.9019999999999999,-1.518,4.2780000000000005,"{11: 0.6, 13: 0.2, 1: 0.2}"
PO,89.55714285714285,2133.0,-0.6585714285714285,1.1642857142857144,-0.5585714285714286,4.682857142857143,"{12: 0.5714285714285714, 11: 0.42857142857142855}"
SI,93.6536170212766,2143.678588125292,-0.5144039638589333,0.686994462255902,-0.10940775284173711,2.352311279510347,"{13: 0.1438064704167881, 14: 0.12410375983678228, 11: 0.12153890993879335, 5: 0.08172544447682892, 4: 0.07863596619061498, 12: 0.07315651413582046, 8: 0.07175750510055377, 7: 0.0679685222967065, 6: 0.06447099970853978, 9: 0.053920139900903524, 2: 0.04476828912853396, 1: 0.042261731273681144, 3: 0.03188574759545322}"
SL,85.17243840541398,2412.4585342589157,0.21654171513164852,0.15240562546262026,0.23630855450988686,1.8499159352860315,"{14: 0.325949032462726, 13: 0.15337844982552606, 9: 0.07782594903246273, 8: 0.07068837897853442, 5: 0.06476683937823834, 6: 0.057312043988579885, 4: 0.04668499524161997, 7: 0.04546896478798773, 11: 0.044464417891508935, 12: 0.04282542032356984, 2: 0.028391667547848155, 3: 0.021835677276091783, 1: 0.02040816326530612}"
ST,82.10848361696723,2593.3442581300815,0.6448844297688595,0.09938023876047752,0.34773177546355094,1.9534848869697738,"{14: 0.33883667767335535, 13: 0.11353822707645415, 9: 0.07721615443230886, 8: 0.07188214376428753, 5: 0.07086614173228346, 6: 0.06934213868427737, 12: 0.05359410718821438, 11: 0.047244094488188976, 4: 0.041148082296164595, 7: 0.04064008128016256, 2: 0.031242062484124967, 3: 0.022606045212090423, 1: 0.021844043688087376}"
SV,81.9079081632653,2549.8979591836733,0.3135204081632653,-0.27150510204081635,0.026198979591836733,1.870204081632653,"{14: 0.25, 13: 0.1683673469387755, 4: 0.09183673469387756, 7: 0.08928571428571429, 8: 0.08418367346938775, 9: 0.0663265306122449, 5: 0.0663265306122449, 11: 0.05102040816326531, 2: 0.04336734693877551, 6: 0.03571428571428571, 1: 0.02295918367346939, 12: 0.02040816326530612, 3: 0.01020408163265306}"
CH,85.37366899908731,1730.6380452158028,-0.33699323039476686,0.5151977487070276,-0.08106480073014907,1.8572885609978704,"{13.0: 0.25737754791603284, 14.0: 0.23052935807727412, 8.0: 0.07986005476118041, 11.0: 0.07643748098570124, 7.0: 0.07400365074536051, 9.0: 0.05689078186796471, 12.0: 0.0495892911469425, 4.0: 0.04692728932156982, 5.0: 0.04502585944630362, 6.0: 0.03582293885001521, 1.0: 0.019242470337693947, 2.0: 0.014679038637055065, 3.0: 0.013614237906905993}"
CS,66.60000000000001,2364.294117647059,-0.17941176470588235,-1.0758823529411765,-0.5094117647058823,2.2235294117647055,"{4.0: 0.23529411764705882, 11.0: 0.17647058823529413, 8.0: 0.11764705882352941, 13.0: 0.11764705882352941, 14.0: 0.11764705882352941, 3.0: 0.11764705882352941, 6.0: 0.058823529411764705, 7.0: 0.058823529411764705}"
CU,78.67950521749326,2527.855366568915,0.33613319263688596,-0.8165224528080666,0.07899284793058975,1.89325477781686,"{14.0: 0.27013717903622936, 13.0: 0.16684253722593503, 8.0: 0.07703130495954977, 11.0: 0.07562434048540274, 5.0: 0.06765154179856958, 9.0: 0.06202368390198147, 7.0: 0.05229217962246453, 6.0: 0.050298979950756245, 4.0: 0.04947825067417048, 12.0: 0.0479540391605112, 2.0: 0.0327119240239184, 1.0: 0.028139289482940557, 3.0: 0.01981474967757064}"
EP,48.97899159663866,1173.1176470588234,-0.32322033898305086,1.448813559322034,-0.011764705882352943,3.4673949579831933,"{11.0: 0.3949579831932773, 12.0: 0.2184873949579832, 14.0: 0.13445378151260504, 1.0: 0.058823529411764705, 2.0: 0.04201680672268908, 3.0: 0.03361344537815126, 5.0: 0.03361344537815126, 13.0: 0.025210084033613446, 6.0: 0.025210084033613446, 4.0: 0.01680672268907563, 7.0: 0.008403361344537815, 9.0: 0.008403361344537815}"
FA,68.21081081081081,1667.8756756756757,-0.7768108108108108,1.2236756756756757,0.12891891891891893,2.5443783783783784,"{14.0: 0.21621621621621623, 11.0: 0.1837837837837838, 12.0: 0.10270270270270271, 5.0: 0.08648648648648649, 1.0: 0.07567567567567568, 6.0: 0.06486486486486487, 8.0: 0.05405405405405406, 9.0: 0.04864864864864865, 3.0: 0.043243243243243246, 13.0: 0.043243243243243246, 4.0: 0.032432432432432434, 7.0: 0.02702702702702703, 2.0: 0.021621621621621623}"
FC,89.46366612111294,2360.1281340556884,0.1266868152625614,0.6782976580206497,0.20955432456250786,2.346503839858995,"{14.0: 0.22560745310336144, 12.0: 0.10613118469092282, 13.0: 0.09215661588820345, 11.0: 0.08636535314113056, 5.0: 0.07188719627344832, 6.0: 0.07163540224096689, 9.0: 0.06294850812035754, 2.0: 0.06269671408787612, 4.0: 0.0492257333501196, 8.0: 0.04758907213899031, 3.0: 0.04356036761928742, 1.0: 0.04091653027823241, 7.0: 0.03927986906710311}"
FF,93.967429287785,2264.1812173458725,-0.2576457375679064,1.3277761236908774,-0.01556112721669409,2.8121982814907676,"{11.0: 0.17535062289430384, 12.0: 0.13938729138917183, 5.0: 0.08469795502624775, 14.0: 0.08182506725169109, 2.0: 0.08153777847423542, 6.0: 0.06863590065031733, 4.0: 0.06586748152210818, 1.0: 0.06490114654339367, 13.0: 0.06291624226279088, 3.0: 0.05965159706443104, 8.0: 0.04358954268850061, 9.0: 0.03849669617905926, 7.0: 0.03314267805374912}"
FS,87.17101623571858,1405.2530120481927,-0.8517197835237523,0.35405892964521946,-0.2423932651834035,1.688953698135899,"{13.0: 0.2808177991581479, 14.0: 0.24473842453397474, 11.0: 0.09921828021647625, 8.0: 0.08117859290438965, 7.0: 0.07817197835237523, 4.0: 0.06915213469633193, 9.0: 0.04149128081779916, 5.0: 0.03668069753457607, 1.0: 0.02465423932651834, 2.0: 0.01803968731208659, 6.0: 0.015634395670475046, 3.0: 0.005411906193625977, 12.0: 0.004810583283223091}"
KC,81.3180860403863,2516.2919772029813,0.5130917874396135,-0.8949253731343284,0.08242756804214224,1.8331079894644424,"{14.0: 0.295873573309921, 13.0: 0.1562774363476734, 11.0: 0.08999122036874452, 8.0: 0.08208955223880597, 5.0: 0.06672519754170325, 9.0: 0.05794556628621598, 4.0: 0.05706760316066725, 7.0: 0.04784899034240562, 6.0: 0.03906935908691835, 12.0: 0.031167690956979806, 1.0: 0.029411764705882353, 2.0: 0.025899912203687446, 3.0: 0.020632133450395083}"
KN,56.9,447.35714285714283,-0.11,0.5592857142857143,-0.8407142857142856,2.4364285714285714,"{11.0: 0.2857142857142857, 13.0: 0.14285714285714285, 14.0: 0.14285714285714285, 2.0: 0.14285714285714285, 6.0: 0.07142857142857142, 4.0: 0.07142857142857142, 8.0: 0.07142857142857142, 1.0: 0.07142857142857142}"
PO,91.38571428571429,2212.5714285714284,-0.7428571428571429,1.4257142857142857,1.07,3.475714285714286,"{12.0: 0.7142857142857143, 11.0: 0.2857142857142857}"
SI,93.14944287177016,2134.947323960659,-0.5759844606396434,0.6792170089742818,-0.13176715051496718,2.343554779256761,"{13.0: 0.150816117569114, 11.0: 0.1237728121423839, 14.0: 0.12118291874962356, 5.0: 0.08347888935734506, 4.0: 0.07769680178281034, 8.0: 0.0772149611515991, 7.0: 0.06565078600252966, 12.0: 0.06492802505571282, 6.0: 0.06191652111064266, 9.0: 0.05661627416731916, 2.0: 0.04426910799253147, 1.0: 0.04179967475757393, 3.0: 0.03065711016081431}"
SL,85.15628927823272,2398.8053847986657,0.26129470025236895,0.16492334793372693,0.23499381070272332,1.8842834698152733,"{14.0: 0.3161302609026852, 13.0: 0.14854313464102076, 9.0: 0.0790325652256713, 8.0: 0.06984383926871073, 5.0: 0.06855836983431728, 6.0: 0.059369643877356694, 12.0: 0.04765758903066083, 11.0: 0.045657969910493236, 7.0: 0.044848600266615885, 4.0: 0.04223005141877738, 2.0: 0.032565225671300706, 3.0: 0.023852599504856218, 1.0: 0.021710150447533803}"
ST,81.90841265757653,2577.70246659815,0.5823211528564076,0.09894005659891947,0.28663493696938513,1.9578518137381014,"{14.0: 0.32904553640339596, 13.0: 0.12528942629277076, 9.0: 0.08541291484435297, 5.0: 0.06560329302804219, 6.0: 0.06251607923848726, 8.0: 0.06045793671211731, 11.0: 0.05119629534345253, 4.0: 0.04939542063287883, 12.0: 0.047851813738101365, 7.0: 0.04605093902752765, 2.0: 0.031643941342938, 1.0: 0.024183174684846924, 3.0: 0.021353228711088242}"
SV,81.49135802469137,2554.16975308642,0.04385802469135802,-0.21277777777777776,0.08277777777777778,1.9154938271604938,"{14.0: 0.23765432098765432, 13.0: 0.1728395061728395, 5.0: 0.07716049382716049, 4.0: 0.07407407407407407, 8.0: 0.07098765432098765, 9.0: 0.07098765432098765, 7.0: 0.06790123456790123, 6.0: 0.05246913580246913, 12.0: 0.04938271604938271, 11.0: 0.040123456790123455, 1.0: 0.037037037037037035, 3.0: 0.027777777777777776, 2.0: 0.021604938271604937}"
CH,85.23854591477992,1789.5167804122987,-0.3786527914498664,0.456577134017719,-0.0649978905920405,1.7773618337786528,"{13.0: 0.2593868654197722, 14.0: 0.24750386724792575, 8.0: 0.08043875685557587, 7.0: 0.07439178737167768, 11.0: 0.06384474757418085, 9.0: 0.05786809168893264, 4.0: 0.04886795106173534, 5.0: 0.047110111095485865, 12.0: 0.04324286316973703, 6.0: 0.035227112923639434, 1.0: 0.01659400928139502, 2.0: 0.01413303332864576, 3.0: 0.011390802981296582}"
CS,46.23333333333333,1624.4166666666667,0.8875000000000001,-0.41,0.24333333333333337,2.3658333333333332,"{12.0: 0.3333333333333333, 11.0: 0.25, 13.0: 0.16666666666666666, 5.0: 0.08333333333333333, 1.0: 0.08333333333333333, 14.0: 0.08333333333333333}"
CU,78.9483023138833,2542.396627658236,0.30397510060362176,-0.8225704225352113,0.0314273138832998,1.7933249496981891,"{14.0: 0.2733903420523139, 13.0: 0.19290744466800805, 11.0: 0.07834507042253522, 8.0: 0.07306338028169014, 9.0: 0.0625, 5.0: 0.0613682092555332, 7.0: 0.05746981891348089, 4.0: 0.049798792756539235, 6.0: 0.041876257545271627, 12.0: 0.04112173038229376, 2.0: 0.026282696177062373, 1.0: 0.024019114688128774, 3.0: 0.017857142857142856}"
EP,48.0328947368421,1204.6447368421052,0.18223684210526317,1.1439473684210526,0.05921052631578947,2.686578947368421,"{11.0: 0.2236842105263158, 14.0: 0.17105263157894737, 12.0: 0.13157894736842105, 2.0: 0.09210526315789473, 5.0: 0.07894736842105263, 6.0: 0.07894736842105263, 13.0: 0.06578947368421052, 9.0: 0.05263157894736842, 1.0: 0.039473684210526314, 8.0: 0.039473684210526314, 4.0: 0.013157894736842105, 3.0: 0.013157894736842105}"
FA,61.78496240601503,1623.593984962406,-0.3341353383458646,1.3104511278195488,0.06443609022556392,2.572857142857143,"{11.0: 0.14285714285714285, 14.0: 0.13533834586466165, 12.0: 0.12030075187969924, 5.0: 0.10526315789473684, 13.0: 0.09022556390977443, 6.0: 0.07518796992481203, 4.0: 0.07518796992481203, 9.0: 0.06766917293233082, 2.0: 0.06766917293233082, 1.0: 0.045112781954887216, 8.0: 0.03007518796992481, 7.0: 0.03007518796992481, 3.0: 0.015037593984962405}"
FC,89.26339444735463,2368.894560318625,0.12203771608171816,0.6546726034573075,0.15837506547930855,2.380358302776323,"{14.0: 0.19769512833944475, 12.0: 0.10120481927710843, 11.0: 0.09827134625458356, 13.0: 0.09502357255107385, 5.0: 0.07585123101100053, 6.0: 0.07501309586170771, 9.0: 0.06254583551597695, 2.0: 0.05898376113148245, 8.0: 0.055840754321634364, 4.0: 0.05217391304347826, 3.0: 0.047668936616029334, 1.0: 0.04379256155055002, 7.0: 0.035935044525929806}"
FF,94.24439284354777,2275.414487381303,-0.26812485725161783,1.303735566552468,-0.017958888465930717,2.818613120162416,"{11.0: 0.17903819312270017, 12.0: 0.13990610328638498, 5.0: 0.08701941377997716, 2.0: 0.08493845958634691, 14.0: 0.07704606014465169, 1.0: 0.06811318360614135, 6.0: 0.06770714376348179, 4.0: 0.06689506407816267, 3.0: 0.06095673137926659, 13.0: 0.05618576322801675, 8.0: 0.04352239563507169, 9.0: 0.036594340819692935, 7.0: 0.03207714757010532}"
FO,82.89483870967743,1141.1483870967743,-0.5479999999999999,0.10154838709677419,-0.06225806451612904,1.1876129032258065,"{14.0: 0.3935483870967742, 13.0: 0.3032258064516129, 11.0: 0.07096774193548387, 8.0: 0.06451612903225806, 4.0: 0.05161290322580645, 1.0: 0.03870967741935484, 5.0: 0.025806451612903226, 9.0: 0.025806451612903226, 7.0: 0.012903225806451613, 6.0: 0.012903225806451613}"
FS,86.63883357041252,1339.7388829598008,-0.8661308677098151,0.22872332859174963,-0.2783108108108108,1.7484246088193456,"{13.0: 0.2958748221906117, 14.0: 0.232574679943101, 11.0: 0.10135135135135136, 7.0: 0.08534850640113797, 8.0: 0.07396870554765292, 4.0: 0.05476529160739687, 5.0: 0.04516358463726885, 9.0: 0.03840682788051209, 1.0: 0.02418207681365576, 6.0: 0.016358463726884778, 2.0: 0.014580369843527738, 12.0: 0.011379800853485065, 3.0: 0.00604551920341394}"
KC,82.34979274611399,2477.5865284974093,0.48690155440414506,-0.7754663212435233,0.08078756476683938,1.6956994818652849,"{14.0: 0.31191709844559584, 13.0: 0.17927461139896372, 8.0: 0.08652849740932643, 11.0: 0.06632124352331606, 9.0: 0.06632124352331606, 7.0: 0.06373056994818653, 5.0: 0.05699481865284974, 4.0: 0.05129533678756477, 6.0: 0.027979274611398965, 12.0: 0.02694300518134715, 1.0: 0.026424870466321245, 2.0: 0.024352331606217616, 3.0: 0.011917098445595855}"
KN,76.04360902255638,316.8872180451128,-0.26112781954887215,-0.13165413533834588,-0.12646616541353384,2.454887218045113,"{11.0: 0.18045112781954886, 14.0: 0.15789473684210525, 4.0: 0.13533834586466165, 13.0: 0.08270676691729323, 12.0: 0.08270676691729323, 1.0: 0.07518796992481203, 7.0: 0.06015037593984962, 8.0: 0.06015037593984962, 5.0: 0.05263157894736842, 9.0: 0.03759398496240601, 2.0: 0.03759398496240601, 6.0: 0.022556390977443608, 3.0: 0.015037593984962405}"
PO,89.47999999999999,2200.1,-0.158,1.166,1.3539999999999999,4.339,"{12.0: 0.8, 11.0: 0.2}"
SI,93.3017621369084,2144.51663534312,-0.5929936014625228,0.6448964046313224,-0.09936877919967499,2.3132195815559617,"{13.0: 0.13949827341052204, 14.0: 0.1277676213690839, 11.0: 0.113700995328052, 5.0: 0.08734511476741824, 4.0: 0.08389193581149705, 8.0: 0.07957546211659557, 6.0: 0.0662197846841357, 7.0: 0.06489945155393052, 12.0: 0.06271582368474507, 9.0: 0.05845013203331302, 2.0: 0.04301239081860654, 1.0: 0.04240300629697339, 3.0: 0.030520008125126955}"
SL,85.18656763424492,2403.503781512605,0.22836806466852136,0.11146816440081884,0.21020996273161513,1.85962364180358,"{14.0: 0.315049078788515, 13.0: 0.1480762164715763, 9.0: 0.07663639703952549, 8.0: 0.07086242192010918, 5.0: 0.06902524801847672, 6.0: 0.05663744685318356, 11.0: 0.05296309904991864, 7.0: 0.04839640963728938, 4.0: 0.04592934754081151, 12.0: 0.04141514881108603, 2.0: 0.030759540181617764, 1.0: 0.022413521599916015, 3.0: 0.021836124087974383}"
ST,81.87378306464235,2550.0615312353216,0.5976537799342619,0.09600406949444358,0.3192033182031617,1.9647691344498357,"{14.0: 0.33463765847550475, 13.0: 0.12271090937548912, 5.0: 0.07043355767725779, 9.0: 0.0674596963531069, 6.0: 0.06370323994365315, 8.0: 0.06292064485835029, 12.0: 0.05806855532947253, 11.0: 0.05352950383471592, 4.0: 0.04366880575989983, 7.0: 0.03959931131632494, 2.0: 0.032086398497417436, 3.0: 0.03005165127562999, 1.0: 0.021130067303177336}"
SV,81.73508771929825,2442.7669172932333,0.2889473684210527,-0.3981704260651629,0.0930576441102757,1.8185714285714285,"{14.0: 0.2781954887218045, 13.0: 0.20050125313283207, 9.0: 0.07769423558897243, 8.0: 0.07268170426065163, 5.0: 0.06265664160401002, 12.0: 0.06015037593984962, 4.0: 0.05764411027568922, 7.0: 0.05263157894736842, 6.0: 0.045112781954887216, 11.0: 0.040100250626566414, 1.0: 0.02506265664160401, 3.0: 0.020050125313283207, 2.0: 0.007518796992481203}"
CH,85.50829606440072,1781.681556734145,-0.32412865235539656,0.4500059630292188,-0.045100626118067984,1.8021943947525345,"{14.0: 0.2525342874180084, 13.0: 0.24560226595110315, 8.0: 0.08542039355992845, 7.0: 0.07237626714370901, 11.0: 0.06872391174716756, 9.0: 0.056797853309481214, 4.0: 0.04785330948121646, 12.0: 0.04688431723315444, 5.0: 0.042337507453786526, 6.0: 0.03697078115682767, 1.0: 0.017740011926058438, 2.0: 0.014162194394752534, 3.0: 0.012596899224806201}"
CS,66.76,2254.0,-0.25,-1.096,-0.262,1.02,"{13.0: 0.4, 9.0: 0.2, 14.0: 0.2, 7.0: 0.2}"
CU,78.77328169187261,2540.67737963305,0.3227173244805115,-0.813327185540391,0.040715603098487645,1.8063285380548384,"{14.0: 0.2682896840034428, 13.0: 0.18517152342309112, 8.0: 0.077708102791098, 11.0: 0.0734046477314644, 5.0: 0.06455182589450387, 9.0: 0.06135497356449035, 7.0: 0.05655969506947006, 4.0: 0.05274806344522316, 6.0: 0.045124800196729375, 12.0: 0.03787040452477561, 1.0: 0.031107832288208532, 2.0: 0.02729620066396164, 3.0: 0.01881224640354113}"
EP,44.79788732394366,1088.8169014084508,-0.20176056338028167,1.3931690140845072,0.1195774647887324,3.1135915492957746,"{11.0: 0.28169014084507044, 12.0: 0.20422535211267606, 14.0: 0.16901408450704225, 5.0: 0.06338028169014084, 2.0: 0.04929577464788732, 6.0: 0.04929577464788732, 9.0: 0.04225352112676056, 1.0: 0.04225352112676056, 13.0: 0.035211267605633804, 3.0: 0.028169014084507043, 8.0: 0.02112676056338028, 7.0: 0.007042253521126761, 4.0: 0.007042253521126761}"
FA,67.135546875,1677.62890625,-0.5790234375,1.465390625,0.0741015625,2.80078125,"{11.0: 0.2109375, 12.0: 0.1328125, 14.0: 0.125, 3.0: 0.09375, 2.0: 0.078125, 13.0: 0.06640625, 1.0: 0.0625, 6.0: 0.0625, 5.0: 0.05859375, 4.0: 0.04296875, 9.0: 0.03125, 8.0: 0.0234375, 7.0: 0.01171875}"
FC,89.56067897165458,2389.732474964235,0.13211272247857614,0.6403625576796308,0.20033509118874973,2.3658031201933643,"{14.0: 0.2038013623379477, 12.0: 0.1007470885519666, 13.0: 0.08723357503845308, 6.0: 0.08646451329378159, 11.0: 0.08514612173148758, 5.0: 0.08097121511755657, 9.0: 0.06416172269830807, 2.0: 0.05943748626675456, 8.0: 0.05394418809052955, 3.0: 0.05218633267413755, 4.0: 0.04932981762250055, 1.0: 0.043946385409800046, 7.0: 0.03263019116677653}"
FF,94.25717695900363,2277.0304825758167,-0.23861624286455632,1.276987545407369,-0.02923845355474831,2.8110467047223664,"{11.0: 0.17932018681888948, 12.0: 0.13557343020238713, 5.0: 0.087519460300986, 2.0: 0.08469122989102232, 14.0: 0.07376751427088739, 6.0: 0.06829268292682927, 1.0: 0.06782563570316555, 4.0: 0.06741048261546445, 13.0: 0.06196159833938765, 3.0: 0.06120913336792942, 8.0: 0.04351323300467047, 9.0: 0.037052413077322266, 7.0: 0.03186299948105864}"
FO,82.43425925925925,1159.8333333333333,-0.5416666666666666,0.07212962962962963,0.08324074074074074,0.952962962962963,"{14.0: 0.49074074074074076, 13.0: 0.2777777777777778, 7.0: 0.07407407407407407, 9.0: 0.037037037037037035, 11.0: 0.037037037037037035, 5.0: 0.018518518518518517, 6.0: 0.018518518518518517, 12.0: 0.018518518518518517, 8.0: 0.018518518518518517, 4.0: 0.009259259259259259}"
FS,86.81666666666668,1321.0413739266198,-0.7882281931464175,0.2564096573208723,-0.1915809968847352,1.6867367601246106,"{14.0: 0.2675233644859813, 13.0: 0.2601246105919003, 11.0: 0.09345794392523364, 8.0: 0.08839563862928349, 7.0: 0.08489096573208722, 4.0: 0.050623052959501556, 5.0: 0.041666666666666664, 9.0: 0.038551401869158876, 1.0: 0.025311526479750778, 6.0: 0.01791277258566978, 2.0: 0.012850467289719626, 12.0: 0.011682242990654205, 3.0: 0.007009345794392523}"
KC,81.85301455301455,2456.9374739474783,0.4246777546777547,-0.7805862785862786,0.12328066528066528,1.7125821205821208,"{14.0: 0.3230769230769231, 13.0: 0.1683991683991684, 8.0: 0.08565488565488566, 11.0: 0.06070686070686071, 9.0: 0.05945945945945946, 7.0: 0.05654885654885655, 5.0: 0.05072765072765073, 6.0: 0.047401247401247404, 4.0: 0.04490644490644491, 12.0: 0.035343035343035345, 1.0: 0.026195426195426197, 2.0: 0.02577962577962578, 3.0: 0.0158004158004158}"
KN,76.35675675675675,408.5945945945946,-0.2772972972972973,-0.3427027027027027,-0.22027027027027027,2.15,"{14.0: 0.21621621621621623, 13.0: 0.16216216216216217, 11.0: 0.16216216216216217, 8.0: 0.13513513513513514, 1.0: 0.10810810810810811, 5.0: 0.05405405405405406, 2.0: 0.05405405405405406, 7.0: 0.05405405405405406, 9.0: 0.02702702702702703, 4.0: 0.02702702702702703}"
PO,90.75,2278.2,-0.693,1.221,0.37799999999999995,4.174,"{12.0: 0.6, 11.0: 0.4}"
SC,79.85454545454546,2091.4545454545455,-0.6663636363636364,-0.22,-0.7363636363636363,2.7345454545454544,"{11.0: 0.45454545454545453, 5.0: 0.18181818181818182, 4.0: 0.09090909090909091, 8.0: 0.09090909090909091, 13.0: 0.09090909090909091, 1.0: 0.09090909090909091}"
SI,93.50597126929674,2145.6469988188555,-0.5407048292865949,0.6523197727394544,-0.10157152811277269,2.355033499490808,"{13.0: 0.1304068178163692, 11.0: 0.12397491558128317, 14.0: 0.12306372943131265, 5.0: 0.0880098622500938, 4.0: 0.08141716245913062, 8.0: 0.0749316610387522, 12.0: 0.0694109449536367, 6.0: 0.06683818405960229, 9.0: 0.05777992174518947, 7.0: 0.05627914455700273, 1.0: 0.047435278983759446, 2.0: 0.0472744814278823, 3.0: 0.03317789569598542}"
SL,85.40108859406133,2393.8268828197265,0.20903630266802742,0.1282135393886378,0.20568061427807746,1.8736701171210577,"{14.0: 0.307722214122564, 13.0: 0.1504106526704573, 8.0: 0.07484084171647956, 9.0: 0.07318851144481703, 5.0: 0.06570442727316907, 6.0: 0.057005394372357486, 11.0: 0.04932691840404335, 4.0: 0.04772318608154736, 7.0: 0.04641104145405064, 12.0: 0.04524469067405355, 2.0: 0.03309520338241726, 3.0: 0.025027943820770764, 1.0: 0.024298974583272587}"
ST,81.9416130550761,2547.9273013375296,0.5823442648674094,0.09618233171190962,0.2949286050525655,1.9506558920445631,"{14.0: 0.32873058214341755, 13.0: 0.12490193001726031, 9.0: 0.0702965636278048, 5.0: 0.06778597206966891, 8.0: 0.06747214812490193, 6.0: 0.06182331711909619, 11.0: 0.05648831005805743, 12.0: 0.05366389455515456, 4.0: 0.04503373607406245, 7.0: 0.039855640985407184, 2.0: 0.032637690255766516, 1.0: 0.02730268319472776, 3.0: 0.024007531774674407}"
SV,80.88308823529412,2579.0710784313724,-0.24784313725490198,-0.34311274509803924,-0.004338235294117646,1.9693382352941178,"{13.0: 0.19117647058823528, 14.0: 0.18872549019607843, 5.0: 0.10049019607843138, 9.0: 0.07598039215686274, 7.0: 0.07352941176470588, 4.0: 0.07107843137254902, 8.0: 0.06862745098039216, 12.0: 0.058823529411764705, 11.0: 0.05392156862745098, 6.0: 0.04656862745098039, 2.0: 0.03431372549019608, 3.0: 0.0196078431372549, 1.0: 0.01715686274509804}"
CH,85.33794923347575,1785.0144194282823,-0.3656823322442825,0.4328072379994974,-0.08256597134958533,1.7944508670520232,"{13.0: 0.25408394068861523, 14.0: 0.24327720532797184, 8.0: 0.07941693892937925, 7.0: 0.06911284242271927, 11.0: 0.06835888414174415, 9.0: 0.0545363156572003, 4.0: 0.052777079668258356, 5.0: 0.04925860769037447, 12.0: 0.046242774566473986, 6.0: 0.032168886654938424, 1.0: 0.02060819301331993, 2.0: 0.017089721035436038, 3.0: 0.013068610203568736}"
CS,70.6,2269.0,0.42,-1.11,-0.85,1.84,{13.0: 1.0}
CU,78.80137592137592,2525.2895389191867,0.37395577395577395,-0.8203341523341524,0.027425061425061428,1.8462604422604423,"{14.0: 0.26044226044226043, 13.0: 0.19164619164619165, 11.0: 0.07911547911547911, 8.0: 0.07911547911547911, 5.0: 0.060933660933660934, 9.0: 0.056511056511056514, 7.0: 0.05454545454545454, 4.0: 0.05307125307125307, 6.0: 0.04864864864864865, 12.0: 0.041277641277641275, 2.0: 0.025552825552825554, 1.0: 0.025552825552825554, 3.0: 0.023587223587223587}"
EP,49.8,1360.0,-0.17,1.55,0.52,3.71,{12.0: 1.0}
FA,60.14444444444444,1651.0,-0.6033333333333333,1.4333333333333333,0.18888888888888888,2.81,"{5.0: 0.3333333333333333, 12.0: 0.2222222222222222, 2.0: 0.1111111111111111, 14.0: 0.1111111111111111, 3.0: 0.1111111111111111, 11.0: 0.1111111111111111}"
FC,88.79688203150111,2354.0901077375124,0.12601735776277725,0.6648087431693989,0.1790421086467374,2.4230633236901316,"{14.0: 0.18836387013821923, 12.0: 0.11861137897782063, 13.0: 0.0935390549662488, 11.0: 0.09032465445194471, 6.0: 0.07521697203471553, 5.0: 0.07168113146898103, 2.0: 0.06814529090324654, 9.0: 0.05978784956605593, 3.0: 0.05625200900032144, 8.0: 0.05014464802314368, 4.0: 0.04885888781742205, 1.0: 0.04210864673738348, 7.0: 0.03696560591449695}"
FF,94.06547884187081,2263.012778449318,-0.2695331505910571,1.324575124207641,-0.003236251499057735,2.7922614356690083,"{11.0: 0.1759465478841871, 12.0: 0.13782765119068013, 2.0: 0.08660270686996745, 5.0: 0.08309062874764434, 14.0: 0.08214836388555764, 6.0: 0.07204043172862772, 1.0: 0.06578721946205242, 4.0: 0.06467363371594997, 3.0: 0.06064759294157958, 13.0: 0.05936268631146137, 8.0: 0.04428644851807435, 9.0: 0.03443549768716807, 7.0: 0.03315059105704985}"
FO,83.08695652173913,892.5217391304348,0.11717391304347825,0.1973913043478261,0.3130434782608696,2.0643478260869568,"{14.0: 0.2826086956521739, 12.0: 0.10869565217391304, 6.0: 0.10869565217391304, 13.0: 0.08695652173913043, 11.0: 0.08695652173913043, 5.0: 0.06521739130434782, 9.0: 0.06521739130434782, 8.0: 0.06521739130434782, 2.0: 0.043478260869565216, 1.0: 0.043478260869565216, 3.0: 0.021739130434782608, 4.0: 0.021739130434782608}"
FS,85.64698672114402,1304.8769389865563,-0.778917262512768,0.24614913176710929,-0.15710929519918285,1.6549540347293157,"{13.0: 0.278855975485189, 14.0: 0.27374872318692545, 11.0: 0.09601634320735444, 8.0: 0.07967313585291114, 4.0: 0.06230847803881512, 7.0: 0.05720122574055159, 9.0: 0.04698672114402452, 5.0: 0.03881511746680286, 1.0: 0.018386108273748723, 6.0: 0.018386108273748723, 2.0: 0.012257405515832482, 12.0: 0.009193054136874362, 3.0: 0.008171603677221655}"
KC,81.23778501628665,2450.4315960912054,0.39003257328990226,-0.8164983713355048,0.06221498371335505,1.7120684039087948,"{14.0: 0.3127035830618892, 13.0: 0.18566775244299674, 8.0: 0.09120521172638436, 7.0: 0.06026058631921824, 5.0: 0.05374592833876222, 11.0: 0.05211726384364821, 9.0: 0.050488599348534204, 1.0: 0.04560260586319218, 4.0: 0.04071661237785016, 2.0: 0.03420195439739414, 12.0: 0.030944625407166124, 6.0: 0.02768729641693811, 3.0: 0.014657980456026058}"
PO,89.55000000000001,2125.5,0.19499999999999995,1.34,0.6825000000000001,4.779999999999999,"{12.0: 0.75, 11.0: 0.25}"
SC,80.8,2028.2,-1.078,-0.0020000000000000018,-0.694,2.41,"{4.0: 0.2, 3.0: 0.2, 11.0: 0.2, 8.0: 0.2, 13.0: 0.2}"
SI,93.28347450855041,2140.7062449310624,-0.4389004315167013,0.6667620265302862,-0.08148154067444462,2.395421128336263,"{11.0: 0.12753715838261148, 13.0: 0.12322199136966597, 14.0: 0.12034521336103564, 5.0: 0.0915774332747323, 4.0: 0.07527569122582707, 12.0: 0.07511587022534762, 8.0: 0.0695221352085664, 6.0: 0.06376857919130574, 7.0: 0.05801502317404507, 9.0: 0.056576634169729904, 2.0: 0.052261467156784404, 1.0: 0.04842576314527729, 3.0: 0.03835704011507112}"
SL,85.19516616314199,2403.9972847787894,0.19488153919542056,0.1523787565590714,0.18657020193989504,1.9603005247257115,"{14.0: 0.2922563205597074, 13.0: 0.13595166163141995, 9.0: 0.0748926697408173, 5.0: 0.0748926697408173, 8.0: 0.0713944983304182, 11.0: 0.06217204643027508, 6.0: 0.056288758149149305, 12.0: 0.05231356336460487, 4.0: 0.04674829066624265, 7.0: 0.041978056924789314, 2.0: 0.031483542693591986, 1.0: 0.030052472571155987, 3.0: 0.029575449197010655}"
ST,81.6844414893617,2570.6343552750227,0.5317597517730497,0.14221631205673757,0.20511524822695035,1.9924645390070923,"{14.0: 0.28900709219858156, 13.0: 0.14184397163120568, 5.0: 0.07446808510638298, 9.0: 0.07180851063829788, 6.0: 0.0625, 11.0: 0.05895390070921986, 8.0: 0.05851063829787234, 4.0: 0.05629432624113475, 12.0: 0.04654255319148936, 7.0: 0.04565602836879433, 2.0: 0.03634751773049645, 3.0: 0.02969858156028369, 1.0: 0.028368794326241134}"
SV,82.41382113821138,2440.294736842105,0.900650406504065,-0.37414634146341463,0.4847967479674797,1.8226016260162603,"{14.0: 0.43902439024390244, 9.0: 0.08130081300813008, 6.0: 0.08130081300813008, 5.0: 0.06504065040650407, 8.0: 0.06504065040650407, 13.0: 0.06504065040650407, 4.0: 0.056910569105691054, 11.0: 0.04878048780487805, 1.0: 0.024390243902439025, 3.0: 0.024390243902439025, 12.0: 0.024390243902439025, 7.0: 0.016260162601626018, 2.0: 0.008130081300813009}"
CH,85.47748228501443,1817.682793325682,-0.32767736855918117,0.43506954772110923,-0.048821625404601526,1.8273186947773599,"{14.0: 0.2492345376607471, 13.0: 0.24162365497331817, 8.0: 0.08476948648412212, 7.0: 0.07085994226226927, 11.0: 0.06911031405826262, 9.0: 0.06666083457265332, 4.0: 0.046715073046977515, 5.0: 0.04584025894497419, 12.0: 0.0450529262531712, 6.0: 0.03551745254133497, 1.0: 0.017408800629866154, 2.0: 0.014609395503455516, 3.0: 0.01259732306884787}"
CU,79.40262795645101,2569.9196654840343,0.37841822049806034,-0.7526417219371793,0.054525090727067946,1.8709360530596921,"{14.0: 0.262670504317357, 13.0: 0.18132899511950945, 8.0: 0.08371918408209235, 11.0: 0.07082968339381805, 5.0: 0.0661994744087098, 9.0: 0.06444750344137154, 7.0: 0.056939056438493306, 4.0: 0.047052934551370294, 6.0: 0.04655237141784507, 12.0: 0.042547866349643346, 1.0: 0.029282943311225128, 2.0: 0.02903266174446252, 3.0: 0.019396821424102116}"
EP,48.25393258426967,1258.2359550561798,-0.4793258426966292,1.4089887640449439,-0.4357303370786517,3.5137078651685396,"{11.0: 0.34831460674157305, 12.0: 0.19101123595505617, 1.0: 0.11235955056179775, 13.0: 0.06741573033707865, 2.0: 0.06741573033707865, 3.0: 0.056179775280898875, 4.0: 0.0449438202247191, 5.0: 0.033707865168539325, 8.0: 0.02247191011235955, 7.0: 0.02247191011235955, 14.0: 0.02247191011235955, 9.0: 0.011235955056179775}"
FA,68.6,1740.432098765432,0.14457446808510638,1.3736170212765957,0.0978723404255319,2.8876595744680853,"{11.0: 0.18085106382978725, 12.0: 0.18085106382978725, 14.0: 0.11702127659574468, 13.0: 0.09574468085106383, 3.0: 0.09574468085106383, 5.0: 0.0851063829787234, 2.0: 0.07446808510638298, 8.0: 0.0425531914893617, 4.0: 0.031914893617021274, 9.0: 0.031914893617021274, 6.0: 0.02127659574468085, 1.0: 0.02127659574468085, 7.0: 0.02127659574468085}"
FC,89.7799424184261,2401.359037697347,0.12657959270711164,0.6717283292461883,0.18653161317837721,2.442202793474784,"{14.0: 0.18989231261328499, 12.0: 0.10854035611472439, 11.0: 0.09180083164516473, 13.0: 0.08668301524682802, 6.0: 0.0855101823222092, 5.0: 0.08348437999786758, 2.0: 0.060774069730248424, 9.0: 0.05853502505597612, 3.0: 0.05480328393218893, 8.0: 0.05299072395777801, 4.0: 0.04765966520951061, 1.0: 0.04510075701034225, 7.0: 0.03422539716387674}"
FF,94.3696822300024,2304.2352339967724,-0.24517438597428978,1.2929323569500495,0.004701606221770852,2.8460408370526764,"{11.0: 0.17096506935350242, 12.0: 0.14057781222438998, 5.0: 0.08979875457679665, 2.0: 0.08800812464922361, 14.0: 0.07782558729989042, 6.0: 0.06919314749979956, 1.0: 0.06676109789667799, 4.0: 0.06569206510409707, 3.0: 0.06486356468984686, 13.0: 0.05409305930459417, 8.0: 0.04326910227971243, 9.0: 0.03813774487532405, 7.0: 0.0308148702461448}"
FO,79.15,737.7,-0.4516666666666667,-0.154,-0.013666666666666683,1.884,"{14.0: 0.36666666666666664, 11.0: 0.2, 13.0: 0.13333333333333333, 7.0: 0.1, 5.0: 0.1, 8.0: 0.06666666666666667, 2.0: 0.03333333333333333}"
FS,86.49762954796032,1308.954507628294,-0.7147243660418964,0.2351819184123484,-0.16613285556780596,1.7385391400220507,"{13.0: 0.2615766262403528, 14.0: 0.25964718853362734, 11.0: 0.08682469680264608, 7.0: 0.07662624035281147, 8.0: 0.07386990077177508, 4.0: 0.05981256890848952, 9.0: 0.04961411245865491, 5.0: 0.04437706725468578, 6.0: 0.023153252480705624, 12.0: 0.021223814773980155, 1.0: 0.020672546857772877, 2.0: 0.014608599779492833, 3.0: 0.007993384785005513}"
KC,81.92040549378679,2394.1720078482667,0.32332243296272073,-0.7500981033355135,0.09230215827338129,1.6624198822759975,"{14.0: 0.2995421844342708, 13.0: 0.20732504905166776, 8.0: 0.08044473512099411, 9.0: 0.07848266841072596, 5.0: 0.06278613472858077, 7.0: 0.052975801177240024, 11.0: 0.041857423152387184, 6.0: 0.03727926749509483, 4.0: 0.03597122302158273, 12.0: 0.034009156311314584, 2.0: 0.028122956180510136, 3.0: 0.025506867233485938, 1.0: 0.015696533682145193}"
KN,76.35059760956176,253.73640167364016,-0.43247011952191233,-0.3264143426294821,-0.38892430278884466,2.375059760956175,"{11.0: 0.24302788844621515, 13.0: 0.16733067729083664, 14.0: 0.1593625498007968, 5.0: 0.07569721115537849, 1.0: 0.055776892430278883, 8.0: 0.055776892430278883, 7.0: 0.055776892430278883, 4.0: 0.05179282868525897, 9.0: 0.03187250996015936, 6.0: 0.03187250996015936, 12.0: 0.027888446215139442, 2.0: 0.02390438247011952, 3.0: 0.0199203187250996}"
PO,90.12857142857142,2165.714285714286,-0.7942857142857144,0.9642857142857143,-1.487142857142857,4.3428571428571425,"{11.0: 0.7142857142857143, 12.0: 0.2857142857142857}"
SI,93.404595458733,2148.0025801493193,-0.5004031864737442,0.6186181108762803,-0.07114181975830489,2.3700162575191026,"{13.0: 0.1322820137646995, 14.0: 0.12426163767409093, 11.0: 0.1065951335826153, 5.0: 0.0903918062103723, 4.0: 0.08096244513087303, 8.0: 0.07749417438898824, 12.0: 0.0737549449953937, 6.0: 0.06822738850051482, 7.0: 0.06459654256760418, 9.0: 0.05706389205007316, 2.0: 0.045792012138947596, 1.0: 0.042919850430824254, 3.0: 0.03565815856500298}"
SL,85.65927851981607,2444.930446266439,0.21358276768119117,0.12258484782132692,0.2531722137070287,1.888996606087147,"{14.0: 0.3214363915042698, 13.0: 0.13663236260126999, 9.0: 0.07942850886796585, 8.0: 0.07253120210203635, 5.0: 0.06798773812130501, 6.0: 0.06054302605649223, 4.0: 0.047241077293628204, 7.0: 0.04718633676373987, 12.0: 0.04603678563608496, 11.0: 0.045160937157871686, 2.0: 0.029614626669586162, 1.0: 0.023155244142763303, 3.0: 0.023045763082986642}"
ST,81.82486109132354,2576.8522579714327,0.6808476991024363,0.12169112409175095,0.3383758370138196,1.9973728451346344,"{14.0: 0.3377974070380396, 13.0: 0.1122667046587833, 9.0: 0.07579427268841715, 6.0: 0.06639122382105712, 8.0: 0.06610628294628865, 5.0: 0.06567887163413591, 12.0: 0.05513605926770195, 11.0: 0.054993588830317706, 4.0: 0.048297478273258296, 7.0: 0.042883601652657075, 1.0: 0.025929619603932183, 2.0: 0.02521726741701097, 3.0: 0.023507622168400057}"
SV,81.64005681818182,2514.7005988023952,0.4481818181818182,-0.4231818181818182,0.09954545454545455,1.8890056818181817,"{14.0: 0.2784090909090909, 13.0: 0.20454545454545456, 5.0: 0.08238636363636363, 8.0: 0.07386363636363637, 6.0: 0.07102272727272728, 7.0: 0.056818181818181816, 4.0: 0.05113636363636364, 9.0: 0.045454545454545456, 12.0: 0.04261363636363636, 11.0: 0.04261363636363636, 2.0: 0.022727272727272728, 3.0: 0.019886363636363636, 1.0: 0.008522727272727272}"
CH,85.48627630375114,1796.8316476645825,-0.3396605672461116,0.4296825251601098,-0.08537419945105215,1.8227493138151878,"{13: 0.2586459286367795, 14: 0.24025617566331198, 8: 0.08170173833485819, 11: 0.07429094236047576, 7: 0.07145471180237878, 9: 0.06120768526989936, 4: 0.05004574565416285, 12: 0.04437328453796889, 5: 0.04382433668801464, 6: 0.03494967978042086, 1: 0.017017383348581886, 2: 0.011985361390667887, 3: 0.010247026532479414}"
CS,67.52857142857142,2094.0,0.26857142857142857,-0.6942857142857142,0.43285714285714283,1.5571428571428572,"{14: 0.42857142857142855, 4: 0.2857142857142857, 7: 0.14285714285714285, 6: 0.14285714285714285}"
CU,79.65629629629629,2574.2234308393354,0.37656209150326797,-0.7662265795206972,0.05693100944081337,1.7767465504720406,"{14: 0.28932461873638343, 13: 0.18358750907770516, 8: 0.0832244008714597, 11: 0.0691358024691358, 9: 0.0634713144517066, 5: 0.06274509803921569, 7: 0.06013071895424837, 4: 0.050544662309368195, 6: 0.04531590413943355, 12: 0.030791575889615105, 1: 0.023238925199709513, 2: 0.022948438634713145, 3: 0.015541031227305737}"
EP,50.269444444444446,1240.2962962962963,-0.35805555555555557,1.3964814814814814,-0.004259259259259263,3.2832407407407405,"{11: 0.2962962962962963, 12: 0.1574074074074074, 14: 0.12037037037037036, 3: 0.06481481481481481, 1: 0.06481481481481481, 4: 0.06481481481481481, 9: 0.05555555555555555, 13: 0.05555555555555555, 6: 0.037037037037037035, 5: 0.037037037037037035, 2: 0.027777777777777776, 8: 0.009259259259259259, 7: 0.009259259259259259}"
FA,67.76352941176471,1587.5764705882352,-0.4345882352941176,1.178705882352941,0.3509411764705882,2.3851764705882355,"{14: 0.2823529411764706, 12: 0.11764705882352941, 5: 0.10588235294117647, 11: 0.09411764705882353, 2: 0.08235294117647059, 13: 0.058823529411764705, 9: 0.047058823529411764, 4: 0.047058823529411764, 1: 0.047058823529411764, 6: 0.03529411764705882, 7: 0.03529411764705882, 3: 0.023529411764705882, 8: 0.023529411764705882}"
FC,89.54293282236249,2379.4863394172994,0.12846708746618576,0.6561643372407574,0.17268823264201982,2.4463818755635707,"{14: 0.19048692515779983, 12: 0.10978358881875563, 11: 0.10099188458070334, 13: 0.08712804328223625, 5: 0.07889990982867448, 6: 0.07540577096483318, 2: 0.06481064021641118, 9: 0.05703336339044184, 3: 0.05387736699729486, 4: 0.0527502254283138, 8: 0.049932371505861134, 1: 0.0422678088367899, 7: 0.03663210099188458}"
FF,94.40666417931865,2298.202025740174,-0.276799357116207,1.2816152455299485,-0.0029145021955629537,2.8586640071176417,"{11: 0.17475533105645324, 12: 0.14186493700312833, 2: 0.08991763051402003, 5: 0.08650231036363115, 14: 0.07792095973366243, 6: 0.07131992078753265, 1: 0.07088941824756766, 4: 0.0665556926785868, 3: 0.0636282754068249, 13: 0.05111500157850931, 8: 0.04075424045001866, 9: 0.035329908446459835, 7: 0.02944637373360503}"
FO,83.07083333333334,1188.3333333333333,-0.62,0.09333333333333334,0.022083333333333344,1.5866666666666667,"{14: 0.3333333333333333, 13: 0.20833333333333334, 8: 0.16666666666666666, 9: 0.08333333333333333, 11: 0.08333333333333333, 7: 0.08333333333333333, 1: 0.041666666666666664}"
FS,86.49996432393864,1298.2822436584495,-0.7399714591509097,0.260353193007492,-0.1659257937923653,1.7090617195861577,"{14: 0.2632893328576525, 13: 0.24866214769889405, 11: 0.10024973242953977, 8: 0.09561184445237246, 7: 0.08276846236175527, 4: 0.05565465572600785, 9: 0.04388155547627542, 5: 0.03567606136282554, 1: 0.01962183374955405, 6: 0.01890831252229754, 12: 0.016054227613271493, 2: 0.011416339636104174, 3: 0.008205494113449875}"
KC,82.01332973556396,2456.552474170745,0.3401079330814895,-0.7845655693470048,0.06832703723691311,1.6643443065299515,"{14: 0.29573664328116567, 13: 0.22396114409066378, 8: 0.09228278467350243, 9: 0.05936319481921209, 5: 0.05450620615218565, 7: 0.05450620615218565, 11: 0.048569886670264434, 4: 0.04371289800323799, 12: 0.03669724770642202, 6: 0.032379924446842956, 1: 0.02050728548300054, 2: 0.019427954668105773, 3: 0.01834862385321101}"
KN,77.43241758241759,249.21428571428572,-0.4865934065934066,-0.270989010989011,-0.15060439560439562,2.01521978021978,"{14: 0.26373626373626374, 13: 0.15934065934065933, 11: 0.13736263736263737, 8: 0.09340659340659341, 5: 0.07692307692307693, 4: 0.06593406593406594, 7: 0.04945054945054945, 9: 0.04945054945054945, 6: 0.04395604395604396, 1: 0.02197802197802198, 2: 0.016483516483516484, 12: 0.016483516483516484, 3: 0.005494505494505495}"
PO,92.39999999999999,2310.4285714285716,-0.8357142857142856,1.2414285714285713,-0.86,3.597142857142857,"{12: 0.42857142857142855, 11: 0.42857142857142855, 13: 0.14285714285714285}"
SC,80.99491525423728,2152.9661016949153,-0.7225423728813559,-0.24627118644067794,-0.2940677966101695,2.0079661016949153,"{14: 0.2711864406779661, 13: 0.1694915254237288, 7: 0.15254237288135594, 11: 0.13559322033898305, 4: 0.06779661016949153, 6: 0.05084745762711865, 1: 0.03389830508474576, 9: 0.03389830508474576, 8: 0.03389830508474576, 2: 0.01694915254237288, 3: 0.01694915254237288, 5: 0.01694915254237288}"
SI,93.53248760915743,2144.0289716840534,-0.5300253717252774,0.6067931319329715,-0.0938635827236252,2.3636045551097475,"{13: 0.13022185508614587, 14: 0.12361340571158838, 11: 0.11293367949020533, 5: 0.08939107859334434, 4: 0.08396270946424357, 8: 0.07912438045787114, 12: 0.06991975454330894, 7: 0.06873967429785226, 6: 0.06319329714420581, 9: 0.05628982770828416, 1: 0.04454802926599009, 2: 0.042600896860986545, 3: 0.03546141137597356}"
SL,85.7434179743224,2448.055119013479,0.24259229671897292,0.126679029957204,0.24043823109843082,1.8929786019971468,"{14: 0.3148644793152639, 13: 0.13751783166904422, 9: 0.08154065620542082, 8: 0.07075606276747504, 5: 0.06847360912981455, 6: 0.061169757489301, 4: 0.04867332382310984, 7: 0.04815977175463623, 11: 0.04701854493580599, 12: 0.04399429386590585, 2: 0.033894436519258206, 1: 0.022139800285306703, 3: 0.021797432239657633}"
ST,81.86822609208973,2583.009508245432,0.7016676505312869,0.12211776859504132,0.3313592089728453,2.0283736717827625,"{14: 0.33146399055489967, 13: 0.10876623376623376, 9: 0.07910271546635184, 5: 0.07275678866587958, 11: 0.0628689492325856, 6: 0.060950413223140494, 8: 0.05991735537190083, 12: 0.05932703659976387, 4: 0.05121015348288076, 7: 0.04073199527744982, 1: 0.026711924439197166, 2: 0.023612750885478158, 3: 0.02257969303423849}"
SV,81.18676470588234,2412.046568627451,0.30808823529411766,-0.4453186274509804,0.33335784313725486,1.9540686274509804,"{14: 0.34558823529411764, 13: 0.14215686274509803, 12: 0.09068627450980392, 11: 0.0661764705882353, 9: 0.0661764705882353, 6: 0.061274509803921566, 8: 0.056372549019607844, 4: 0.041666666666666664, 5: 0.041666666666666664, 7: 0.0392156862745098, 2: 0.0196078431372549, 3: 0.0196078431372549, 1: 0.00980392156862745}"
CH,85.4043599257885,1797.960668467252,-0.3245817169843144,0.4547495361781076,-0.033575645134086694,1.8181017034913138,"{13.0: 0.24827120931017035, 14.0: 0.2480182155506831, 8.0: 0.08525889694720863, 7.0: 0.06982627761848541, 9.0: 0.06577837746668916, 11.0: 0.06485073368190251, 12.0: 0.04612919547984483, 4.0: 0.04604486422668241, 5.0: 0.04503288918873335, 6.0: 0.03702142013830326, 1.0: 0.01644459436667229, 2.0: 0.01475796930342385, 3.0: 0.012565356721200877}"
CS,69.55000000000001,2258.5,0.54,-1.05,-0.07500000000000001,2.2399999999999998,"{8.0: 0.5, 5.0: 0.5}"
CU,79.61852791878174,2559.8929765886287,0.37113144536468073,-0.7601616350520972,0.042930804167779855,1.8329054234571198,"{14.0: 0.26582954849051565, 13.0: 0.1807373764360139, 8.0: 0.08549292011755276, 5.0: 0.06745925728025648, 11.0: 0.0650547689019503, 9.0: 0.06478760352658296, 7.0: 0.06011220945765429, 4.0: 0.05289874432273577, 6.0: 0.048223350253807105, 12.0: 0.03994122361741918, 1.0: 0.026449372161367887, 2.0: 0.02564787603526583, 3.0: 0.017365749398877906}"
EP,54.33076923076923,1356.2692307692307,-0.27692307692307694,1.3926923076923077,-0.11730769230769232,2.976153846153846,"{11.0: 0.34615384615384615, 14.0: 0.11538461538461539, 4.0: 0.07692307692307693, 13.0: 0.07692307692307693, 7.0: 0.07692307692307693, 2.0: 0.07692307692307693, 3.0: 0.07692307692307693, 12.0: 0.07692307692307693, 5.0: 0.038461538461538464, 8.0: 0.038461538461538464}"
FA,66.27058823529411,1658.9411764705883,-0.6335294117647059,1.3423529411764705,0.4599999999999999,2.2876470588235294,"{9.0: 0.17647058823529413, 11.0: 0.11764705882352941, 6.0: 0.11764705882352941, 13.0: 0.11764705882352941, 14.0: 0.11764705882352941, 7.0: 0.058823529411764705, 5.0: 0.058823529411764705, 1.0: 0.058823529411764705, 2.0: 0.058823529411764705, 3.0: 0.058823529411764705, 8.0: 0.058823529411764705}"
FC,89.4397437201261,2412.142376681614,0.15245398149089798,0.6623746567680261,0.19768636224956776,2.408407403640801,"{14.0: 0.20604088274178786, 12.0: 0.10149496593104851, 11.0: 0.0891894640496288, 13.0: 0.0855283229939998, 5.0: 0.08085019831180718, 6.0: 0.07800264415742907, 2.0: 0.06183260449506763, 9.0: 0.06132411268178582, 3.0: 0.054103528933184174, 4.0: 0.051662768229431506, 8.0: 0.051561069866775146, 1.0: 0.04373029594223533, 7.0: 0.03467914166581918}"
FF,94.19238514279544,2297.2370880605076,-0.23449711169896886,1.3128572585434326,0.021105112562759813,2.8248809588079684,"{11.0: 0.16366139394266588, 12.0: 0.1422285806834746, 5.0: 0.08880850834098149, 2.0: 0.08529935755547158, 14.0: 0.08071046806672785, 6.0: 0.07304432327376775, 1.0: 0.066187982508233, 4.0: 0.06529719807806511, 3.0: 0.06491928953193327, 13.0: 0.054256869837499326, 8.0: 0.044134319494682286, 9.0: 0.03908654105706419, 7.0: 0.03236516762943368}"
FO,79.4875,770.4583333333334,-0.5375,-0.11625,-0.2020833333333333,2.1670833333333333,"{13.0: 0.16666666666666666, 14.0: 0.16666666666666666, 11.0: 0.125, 8.0: 0.125, 5.0: 0.125, 4.0: 0.125, 12.0: 0.041666666666666664, 9.0: 0.041666666666666664, 7.0: 0.041666666666666664, 1.0: 0.041666666666666664}"
FS,86.33309705561614,1285.3631895139267,-0.715659760087241,0.2210359869138495,-0.15581788440567065,1.702846237731734,"{13.0: 0.27262813522355506, 14.0: 0.2658124318429662, 8.0: 0.0831515812431843, 11.0: 0.07851690294438386, 7.0: 0.0752453653217012, 9.0: 0.0564340239912759, 4.0: 0.0509814612868048, 5.0: 0.04171210468920392, 6.0: 0.02208287895310796, 1.0: 0.02044711014176663, 12.0: 0.012813522355507088, 2.0: 0.011450381679389313, 3.0: 0.008724100327153763}"
KC,82.1252383341696,2430.7038152610444,0.44171600602107375,-0.7373005519317611,0.12541896638233818,1.6640742599096838,"{14.0: 0.3261414952333166, 13.0: 0.17711991971901656, 8.0: 0.08228800802809834, 9.0: 0.07375815353738083, 7.0: 0.0682388359257401, 5.0: 0.05569493226292022, 11.0: 0.051680883090817864, 4.0: 0.04264927245358756, 6.0: 0.03712995484194681, 12.0: 0.025087807325639738, 2.0: 0.02408429503261415, 1.0: 0.02408429503261415, 3.0: 0.012042147516307075}"
KN,78.31952662721893,267.57988165680473,-0.48680473372781063,-0.31485207100591717,-0.16118343195266271,2.18698224852071,"{14.0: 0.22485207100591717, 13.0: 0.15976331360946747, 11.0: 0.11834319526627218, 5.0: 0.07692307692307693, 8.0: 0.07100591715976332, 9.0: 0.07100591715976332, 1.0: 0.05917159763313609, 7.0: 0.05325443786982249, 4.0: 0.05325443786982249, 2.0: 0.04142011834319527, 6.0: 0.04142011834319527, 3.0: 0.023668639053254437, 12.0: 0.005917159763313609}"
PO,91.0875,2194.25,-0.49124999999999996,1.19875,0.28750000000000003,4.37375,"{11.0: 0.5, 12.0: 0.5}"
SI,93.24102363844632,2145.46773352794,-0.5095168176611476,0.6372867853795688,-0.08808653545766948,2.3546537540351977,"{13.0: 0.1348536915547225, 14.0: 0.12131625533687389, 11.0: 0.10991356867645527, 5.0: 0.08919087785067166, 4.0: 0.0828386962407581, 8.0: 0.08132875143184422, 6.0: 0.06820785171300635, 12.0: 0.06643757159221077, 7.0: 0.06565656565656566, 9.0: 0.06029365823180256, 2.0: 0.04368426533374987, 1.0: 0.041861918150577944, 3.0: 0.03441632823076122}"
SL,85.48105516871988,2438.474868717179,0.23026084627745047,0.13118211033743973,0.25381735404392075,1.886531869309052,"{14.0: 0.323513658275308, 13.0: 0.13958221746116764, 9.0: 0.08077129084092126, 8.0: 0.0726298875200857, 5.0: 0.06748794858061061, 6.0: 0.06186395286555972, 12.0: 0.04617032672737011, 7.0: 0.04504552758435994, 11.0: 0.04424209962506695, 4.0: 0.04172469201928227, 2.0: 0.030101767541510446, 1.0: 0.023567220139260846, 3.0: 0.02329941081949652}"
ST,81.87982010168166,2561.8994129158514,0.6237700430191631,0.146563681397471,0.2924325381306218,1.9732459913961675,"{14.0: 0.32681527832094903, 13.0: 0.13101290574892452, 9.0: 0.08147568765480381, 5.0: 0.06909138313127362, 8.0: 0.06478946682309998, 6.0: 0.06309477251988006, 11.0: 0.05031938469560683, 4.0: 0.04901577369312997, 12.0: 0.04888541259288228, 7.0: 0.04445313518446096, 2.0: 0.025811497849041846, 1.0: 0.023073914743840438, 3.0: 0.022161387042106635}"
SV,81.44017094017094,2464.4786324786323,0.7318376068376068,-0.3918589743589743,0.4009615384615385,1.872051282051282,"{14.0: 0.36538461538461536, 13.0: 0.11965811965811966, 5.0: 0.0876068376068376, 9.0: 0.07264957264957266, 6.0: 0.07264957264957266, 12.0: 0.049145299145299144, 4.0: 0.049145299145299144, 7.0: 0.049145299145299144, 8.0: 0.04700854700854701, 11.0: 0.029914529914529916, 1.0: 0.023504273504273504, 3.0: 0.019230769230769232, 2.0: 0.014957264957264958}"
CH,84.99558236139958,1750.3601888151052,-0.28851254193960696,0.5582704904936892,-0.05074772327847899,1.8045150982585076,"{14.0: 0.24500718964690846, 13.0: 0.24293018054002236, 8.0: 0.0857165681418757, 11.0: 0.07381370826010544, 7.0: 0.07077807956542578, 9.0: 0.05631890078287266, 12.0: 0.04936890877136923, 4.0: 0.048649944080524046, 5.0: 0.04441604090110241, 6.0: 0.0378654737178463, 1.0: 0.01845342706502636, 2.0: 0.014459178782553124, 3.0: 0.01222239974436811}"
CS,70.73225806451612,2288.7096774193546,1.001290322580645,-1.125483870967742,-0.07161290322580645,1.6741935483870967,"{13.0: 0.3225806451612903, 14.0: 0.22580645161290322, 8.0: 0.0967741935483871, 1.0: 0.06451612903225806, 5.0: 0.06451612903225806, 6.0: 0.06451612903225806, 12.0: 0.03225806451612903, 2.0: 0.03225806451612903, 4.0: 0.03225806451612903, 11.0: 0.03225806451612903, 7.0: 0.03225806451612903}"
CU,78.31735391140433,2508.0496403725974,0.366566918001885,-0.8048798303487276,0.08840245051837889,1.8288053722902922,"{14.0: 0.27992459943449577, 13.0: 0.16764844486333647, 8.0: 0.07575400565504241, 11.0: 0.07280867106503298, 5.0: 0.0660933081998115, 9.0: 0.06114514608859566, 7.0: 0.05501885014137606, 4.0: 0.054429783223374176, 6.0: 0.047007540056550425, 12.0: 0.043001885014137604, 2.0: 0.029571159283694626, 1.0: 0.026036757775683317, 3.0: 0.021559849198868993}"
EP,52.58461538461539,1048.8461538461538,0.9038461538461539,1.7376923076923076,-0.5930769230769231,2.9738461538461536,"{11.0: 0.38461538461538464, 1.0: 0.07692307692307693, 8.0: 0.07692307692307693, 13.0: 0.07692307692307693, 7.0: 0.07692307692307693, 3.0: 0.07692307692307693, 2.0: 0.07692307692307693, 14.0: 0.07692307692307693, 12.0: 0.07692307692307693}"
FA,76.53720930232558,1937.5116279069769,-0.5095348837209303,1.2744186046511627,0.16,2.707906976744186,"{11.0: 0.16279069767441862, 2.0: 0.16279069767441862, 14.0: 0.13953488372093023, 12.0: 0.11627906976744186, 6.0: 0.09302325581395349, 5.0: 0.09302325581395349, 4.0: 0.06976744186046512, 9.0: 0.06976744186046512, 3.0: 0.046511627906976744, 8.0: 0.046511627906976744}"
FC,88.76385460463855,2364.7353340575773,0.11562457615624576,0.6506510240065102,0.15263393462633934,2.291989692119897,"{14.0: 0.21619422216194223, 13.0: 0.10891089108910891, 12.0: 0.09439848094398481, 11.0: 0.0901939509019395, 5.0: 0.07351146073511461, 6.0: 0.07120575071205751, 9.0: 0.0625254306252543, 4.0: 0.056150820561508205, 2.0: 0.05425200054252, 8.0: 0.0531669605316696, 3.0: 0.041231520412315203, 7.0: 0.039739590397395906, 1.0: 0.038518920385189205}"
FF,93.73169838420108,2262.710834711338,-0.2454525433871933,1.3374635547576301,-0.015861879114302813,2.7625472172351886,"{11.0: 0.1668222621184919, 12.0: 0.13268701376421305, 14.0: 0.08852184320766009, 5.0: 0.08684619988031118, 2.0: 0.0826331538001197, 6.0: 0.0688689407540395, 4.0: 0.0686295631358468, 13.0: 0.06554159186116099, 1.0: 0.06511071214841413, 3.0: 0.05670855774985039, 8.0: 0.0437342908438061, 9.0: 0.03944943147815679, 7.0: 0.03444643925792938}"
FS,85.55649249870667,1340.0613943808532,-0.7717847904811174,0.3622814278323849,-0.1979720641489912,1.7217692705638903,"{13.0: 0.26745990688049665, 14.0: 0.24624935333678222, 11.0: 0.11639937920331092, 7.0: 0.07501293326435593, 8.0: 0.07397827211588205, 4.0: 0.05380237972064149, 9.0: 0.04345576823590274, 5.0: 0.04242110708742887, 6.0: 0.02586652871184687, 1.0: 0.02017589239524056, 12.0: 0.014485256078634247, 2.0: 0.013450594930160372, 3.0: 0.007242628039317123}"
KC,81.1692108667529,2507.46505608283,0.4210224331320103,-0.8114402759810263,0.10308322552824493,1.7810090556274256,"{14.0: 0.2949547218628719, 13.0: 0.1591203104786546, 8.0: 0.08279430789133248, 5.0: 0.07201379905131522, 11.0: 0.07072013799051315, 9.0: 0.062095730918499355, 7.0: 0.056921086675291076, 4.0: 0.046140577835273824, 6.0: 0.043553255713669685, 12.0: 0.043553255713669685, 1.0: 0.028891763691246228, 2.0: 0.02457956015523933, 3.0: 0.014661492022423459}"
KN,59.949999999999996,377.4166666666667,0.2625,1.1624999999999999,-0.13499999999999998,2.825833333333333,"{11.0: 0.25, 14.0: 0.16666666666666666, 6.0: 0.16666666666666666, 1.0: 0.16666666666666666, 12.0: 0.08333333333333333, 7.0: 0.08333333333333333, 9.0: 0.08333333333333333}"
PO,90.5,1838.0,-0.76,1.22,-1.69,4.2,{11.0: 1.0}
SI,93.05034732894818,2122.40367424943,-0.41698530767812136,0.7356095161984385,-0.07482817975041495,2.3499268457613574,"{13.0: 0.13708735476732034, 14.0: 0.13223089690785025, 11.0: 0.11858363558123809, 5.0: 0.08311305096207044, 12.0: 0.0822524128603922, 4.0: 0.07733448085080223, 8.0: 0.07026495358701666, 6.0: 0.06602323722874531, 7.0: 0.06178152087047396, 9.0: 0.053912829655130015, 2.0: 0.04266306018319297, 1.0: 0.04204831868199422, 3.0: 0.03270424786377328}"
SL,84.85176275404396,2373.6986813415015,0.23747304023226878,0.14406729572791374,0.23922542513479886,1.8690341144753215,"{14.0: 0.31548112816258816, 13.0: 0.14967855661551224, 9.0: 0.0748133554541684, 8.0: 0.06968063044379925, 5.0: 0.0677104935711323, 6.0: 0.05811903774367482, 12.0: 0.05288262131895479, 11.0: 0.04795727913728743, 7.0: 0.045624222314392365, 4.0: 0.04318747407714641, 2.0: 0.02763376192451265, 3.0: 0.02426379095810867, 1.0: 0.02296764827872252}"
ST,81.44752327746741,2545.383668903803,0.5608119180633147,0.029027932960893853,0.2562607076350093,1.9283277467411548,"{14.0: 0.3217877094972067, 13.0: 0.12886405959031658, 9.0: 0.08528864059590316, 8.0: 0.0696461824953445, 6.0: 0.06554934823091248, 5.0: 0.06294227188081937, 11.0: 0.05176908752327747, 4.0: 0.047672253258845436, 7.0: 0.04655493482309125, 12.0: 0.04022346368715084, 2.0: 0.02942271880819367, 1.0: 0.02830540037243948, 3.0: 0.02197392923649907}"
SV,82.00954446854664,2579.975982532751,0.28900216919739696,-0.11952277657266812,0.12271149674620391,1.7995661605206075,"{14.0: 0.2885032537960954, 13.0: 0.19522776572668113, 5.0: 0.07809110629067245, 8.0: 0.0737527114967462, 9.0: 0.06073752711496746, 7.0: 0.06073752711496746, 11.0: 0.049891540130151846, 4.0: 0.049891540130151846, 6.0: 0.0455531453362256, 2.0: 0.03470715835140998, 12.0: 0.026030368763557483, 1.0: 0.019522776572668113, 3.0: 0.01735357917570499}"
CH,84.68080987216433,1723.9176540284361,-0.2287593290475135,0.5568055863444913,-0.034419566984408484,1.8718510308135667,"{14.0: 0.24015369836695485, 13.0: 0.228626320845341, 11.0: 0.08209561811867287, 8.0: 0.07840094583610434, 9.0: 0.06591295352102268, 7.0: 0.06576516662971994, 12.0: 0.05675016626025271, 5.0: 0.04810463311904234, 4.0: 0.04707012487992315, 6.0: 0.04071528855390527, 1.0: 0.016995492499815266, 2.0: 0.014704795684622775, 3.0: 0.014704795684622775}"
CS,68.26896551724138,2185.9310344827586,0.9044827586206897,-0.9668965517241379,-0.0686206896551724,1.4482758620689655,"{14.0: 0.3448275862068966, 13.0: 0.20689655172413793, 8.0: 0.1724137931034483, 7.0: 0.10344827586206896, 4.0: 0.06896551724137931, 9.0: 0.06896551724137931, 5.0: 0.034482758620689655}"
CU,78.28488868900382,2496.259853190288,0.3255194513154936,-0.7683955475601528,0.09209017315043849,1.829435574544637,"{14.0: 0.2796267146390825, 13.0: 0.16662918821677536, 8.0: 0.07982909826849562, 11.0: 0.07072183494490668, 9.0: 0.06498763211153587, 5.0: 0.062064313020013494, 7.0: 0.055655498088599056, 4.0: 0.049696424555880366, 6.0: 0.04868450640881493, 12.0: 0.04733528221272768, 2.0: 0.029345626264897683, 1.0: 0.026197436474027433, 3.0: 0.01922644479424331}"
EP,51.79677419354839,1209.7272727272727,-0.34524590163934427,1.2862295081967212,-0.2358064516129032,3.105967741935484,"{11.0: 0.3064516129032258, 12.0: 0.1774193548387097, 14.0: 0.12903225806451613, 3.0: 0.0967741935483871, 13.0: 0.0967741935483871, 2.0: 0.04838709677419355, 9.0: 0.03225806451612903, 4.0: 0.03225806451612903, 8.0: 0.03225806451612903, 5.0: 0.016129032258064516, 1.0: 0.016129032258064516, 6.0: 0.016129032258064516}"
FA,73.92880000000001,1820.928,-0.46552,1.15048,-0.07304000000000001,2.5464,"{11.0: 0.144, 5.0: 0.128, 14.0: 0.12, 13.0: 0.112, 7.0: 0.104, 12.0: 0.08, 3.0: 0.064, 4.0: 0.064, 1.0: 0.056, 6.0: 0.048, 8.0: 0.032, 2.0: 0.032, 9.0: 0.016}"
FC,88.38749711649365,2324.4597727799674,0.12575547866205306,0.6329457900807383,0.18523414071510957,2.3022283737024223,"{14.0: 0.2235294117647059, 13.0: 0.10299884659746252, 12.0: 0.09677047289504037, 11.0: 0.08246828143021914, 6.0: 0.07681660899653979, 5.0: 0.07554786620530565, 9.0: 0.05570934256055363, 4.0: 0.05444059976931949, 2.0: 0.05420991926182238, 8.0: 0.048788927335640137, 3.0: 0.04694348327566321, 1.0: 0.041176470588235294, 7.0: 0.0405997693194925}"
FF,93.60503523262868,2244.8682654325316,-0.19901231975360495,1.323635960614121,-0.00894815437024593,2.7516109011153107,"{11.0: 0.1624667506649867, 12.0: 0.13348733025339493, 14.0: 0.09011153110271128, 5.0: 0.0864482710345793, 2.0: 0.07991506836529937, 13.0: 0.06976527136123944, 4.0: 0.06918194969433944, 6.0: 0.06768864622707546, 1.0: 0.06493536795930747, 3.0: 0.058285500956647536, 8.0: 0.04461244108451164, 9.0: 0.038592561482103695, 7.0: 0.03450930981380372}"
FS,85.5911924789708,1278.6202280614775,-0.7267936665017317,0.31424542305789216,-0.2784957941613063,1.7609648688767936,"{13.0: 0.281048985650668, 14.0: 0.22612568035625927, 11.0: 0.12469074715487383, 8.0: 0.0801583374567046, 7.0: 0.07966353290450272, 4.0: 0.05343889163780307, 5.0: 0.03711034141514102, 9.0: 0.03661553686293914, 1.0: 0.028203859475507173, 6.0: 0.01830776843146957, 2.0: 0.01583374567046017, 12.0: 0.010390895596239486, 3.0: 0.008411677387431964}"
KC,80.26477683956574,2445.693081255028,0.3332127060715722,-0.8306513872135102,0.004036992360273422,1.7837394451145958,"{14.0: 0.2609569762766385, 13.0: 0.20788098110172898, 8.0: 0.07800562927221552, 11.0: 0.07478890229191798, 9.0: 0.06755126658624849, 5.0: 0.06513872135102533, 7.0: 0.05227181342983514, 4.0: 0.04825090470446321, 12.0: 0.04382790510655408, 6.0: 0.03538399678327302, 2.0: 0.02814636107760354, 3.0: 0.019300361881785282, 1.0: 0.018496180136710897}"
PO,91.0,2113.0,-0.915,1.185,2.6,3.9050000000000002,{12.0: 1.0}
SI,93.08981085702072,2093.868706387547,-0.3964586450096174,0.739916114554392,-0.08061979055353709,2.350143192989955,"{13.0: 0.1369950844197478, 14.0: 0.13560589869630263, 11.0: 0.12256892498397093, 5.0: 0.08340457362684334, 12.0: 0.07875614447531523, 4.0: 0.07640521478948493, 8.0: 0.06796324000854884, 6.0: 0.061979055353708054, 7.0: 0.06048300918999786, 9.0: 0.05492626629621714, 2.0: 0.043599059628125665, 1.0: 0.042904466766403075, 3.0: 0.034409061765334474}"
SL,84.76291272446419,2369.8399593731865,0.22657559374396602,0.14699555898822167,0.20806960803243868,1.8770863100984747,"{14.0: 0.30536783162772735, 13.0: 0.1553871403745897, 9.0: 0.07414558795134196, 8.0: 0.0702355667117204, 5.0: 0.06478084572311257, 6.0: 0.061353543155049234, 11.0: 0.0509750917165476, 12.0: 0.05029928557636609, 4.0: 0.047258157945549335, 7.0: 0.04653407993821201, 2.0: 0.02949411083220699, 1.0: 0.022156787024522107, 3.0: 0.022011971423054645}"
ST,81.9078431372549,2528.1783380018674,0.46976190476190477,0.046274509803921574,0.3129645191409897,1.9682913165266107,"{14.0: 0.3253968253968254, 13.0: 0.12605042016806722, 5.0: 0.07236227824463119, 9.0: 0.07142857142857142, 6.0: 0.06349206349206349, 8.0: 0.06162464985994398, 12.0: 0.05742296918767507, 11.0: 0.052754435107376284, 4.0: 0.04388422035480859, 7.0: 0.04295051353874883, 2.0: 0.03127917833800187, 3.0: 0.02661064425770308, 1.0: 0.024743230625583566}"
SV,82.79663157894737,2616.1983122362867,0.2805263157894737,-0.07134736842105263,0.20538947368421054,1.8776842105263158,"{14.0: 0.28210526315789475, 13.0: 0.14105263157894737, 8.0: 0.09894736842105263, 5.0: 0.07789473684210527, 4.0: 0.07578947368421053, 9.0: 0.06736842105263158, 12.0: 0.05052631578947368, 6.0: 0.05052631578947368, 7.0: 0.042105263157894736, 11.0: 0.04, 3.0: 0.02736842105263158, 2.0: 0.023157894736842106, 1.0: 0.023157894736842106}"
CH,85.16920392761503,1798.7898125509373,-0.33256755660147685,0.44260731964619004,-0.019510671102815874,1.781166112148016,"{14.0: 0.25764829992696586, 13.0: 0.24271687089182828, 8.0: 0.08715410208553112, 7.0: 0.07319646190051124, 9.0: 0.06110525034488355, 11.0: 0.05883307636127566, 5.0: 0.04990667856853039, 4.0: 0.045849225026373445, 12.0: 0.041223727988314536, 6.0: 0.04016879006735373, 1.0: 0.01606751602694149, 2.0: 0.014606832751764992, 3.0: 0.011523168059725716}"
CS,69.8,2258.0,0.48000000000000004,-1.1400000000000001,0.825,0.73,{14.0: 1.0}
CU,79.0133882734396,2554.6042484102286,0.3766738719265063,-0.799500135098622,0.07320318832747906,1.8169413671980545,"{14.0: 0.283977303431505, 13.0: 0.17387192650634964, 8.0: 0.08376114563631451, 11.0: 0.06998108619292083, 5.0: 0.06538773304512294, 9.0: 0.063091056471224, 7.0: 0.05336395568765199, 4.0: 0.05228316671169954, 6.0: 0.046203728721967034, 12.0: 0.03580113482842475, 2.0: 0.0286409078627398, 1.0: 0.026614428532828964, 3.0: 0.017022426371251013}"
EP,51.76575342465753,1255.150684931507,-0.4672602739726027,1.350958904109589,0.06410958904109589,3.366027397260274,"{11.0: 0.273972602739726, 12.0: 0.2328767123287671, 14.0: 0.1780821917808219, 5.0: 0.0958904109589041, 6.0: 0.0547945205479452, 3.0: 0.0410958904109589, 9.0: 0.0273972602739726, 1.0: 0.0273972602739726, 4.0: 0.0273972602739726, 2.0: 0.0136986301369863, 13.0: 0.0136986301369863, 7.0: 0.0136986301369863}"
FA,66.41798245614035,1641.1359649122808,-0.311140350877193,1.3689912280701755,0.003245614035087718,2.667105263157895,"{11.0: 0.17982456140350878, 14.0: 0.15789473684210525, 12.0: 0.11842105263157894, 13.0: 0.10964912280701754, 4.0: 0.06578947368421052, 2.0: 0.06140350877192982, 6.0: 0.06140350877192982, 3.0: 0.05701754385964912, 5.0: 0.05701754385964912, 1.0: 0.04824561403508772, 8.0: 0.03508771929824561, 7.0: 0.02631578947368421, 9.0: 0.021929824561403508}"
FC,89.31923428455367,2385.9941996540147,0.14432212856707627,0.6913201990453945,0.18854067228597543,2.4394180968822994,"{14.0: 0.19508479740022341, 12.0: 0.10693612267695744, 11.0: 0.09657763785924647, 13.0: 0.08469584645069564, 5.0: 0.07758708236010968, 6.0: 0.07586066822382452, 9.0: 0.06529907586066823, 2.0: 0.06448664567888697, 3.0: 0.05483903727023459, 8.0: 0.051690870315832235, 4.0: 0.051386208997664266, 1.0: 0.04244947699807048, 7.0: 0.033106529907586064}"
FF,93.9780294828017,2285.206794186014,-0.23593542655673078,1.3363124288609423,0.003811387801560201,2.8241503567363484,"{11.0: 0.16462619027789346, 12.0: 0.14022375836317705, 5.0: 0.08803198134421587, 2.0: 0.08525582299214347, 14.0: 0.07987007578912302, 1.0: 0.07115293856361567, 6.0: 0.06973709780405875, 4.0: 0.06635018461453042, 3.0: 0.06368507259654091, 13.0: 0.05671691513283918, 8.0: 0.04458510313428278, 9.0: 0.03886621692901363, 7.0: 0.030898642458565835}"
FO,83.53750000000001,1074.2291666666667,0.7635416666666667,0.4272916666666667,0.5385416666666666,2.2104166666666667,"{14.0: 0.3958333333333333, 12.0: 0.22916666666666666, 13.0: 0.14583333333333334, 6.0: 0.0625, 8.0: 0.0625, 5.0: 0.020833333333333332, 7.0: 0.020833333333333332, 11.0: 0.020833333333333332, 9.0: 0.020833333333333332, 3.0: 0.020833333333333332}"
FS,86.00304910955208,1304.7688756110808,-0.7932191041554236,0.2171856449001619,-0.14531840259039394,1.6348434970318402,"{14.0: 0.2868321640582839, 13.0: 0.26821370750134915, 8.0: 0.09093362115488397, 7.0: 0.0774419859686994, 11.0: 0.0747436589314625, 4.0: 0.0558553696708041, 9.0: 0.03993524015110631, 5.0: 0.03588774959525094, 6.0: 0.021046950890447922, 1.0: 0.01834862385321101, 2.0: 0.015110631408526714, 12.0: 0.012142471667566108, 3.0: 0.003507825148407987}"
KC,81.99377394636015,2388.4409333981525,0.37535919540229884,-0.7507758620689655,0.10600574712643679,1.6905651340996168,"{14.0: 0.31417624521072796, 13.0: 0.1824712643678161, 8.0: 0.07231800766283525, 5.0: 0.06800766283524905, 9.0: 0.06369731800766283, 11.0: 0.06226053639846743, 7.0: 0.06130268199233716, 4.0: 0.04597701149425287, 6.0: 0.040229885057471264, 12.0: 0.03065134099616858, 2.0: 0.02346743295019157, 3.0: 0.01867816091954023, 1.0: 0.016762452107279693}"
KN,76.47020202020202,248.17424242424244,-0.46161616161616165,-0.22853535353535354,-0.24767676767676766,2.137929292929293,"{14.0: 0.17676767676767677, 13.0: 0.1717171717171717, 11.0: 0.15656565656565657, 5.0: 0.09090909090909091, 8.0: 0.08080808080808081, 4.0: 0.07575757575757576, 7.0: 0.0707070707070707, 9.0: 0.04040404040404041, 1.0: 0.03535353535353535, 2.0: 0.03535353535353535, 6.0: 0.030303030303030304, 3.0: 0.020202020202020204, 12.0: 0.015151515151515152}"
PO,91.74000000000001,2257.6,-0.27999999999999997,1.028,-1.0219999999999998,4.506,"{11.0: 0.6, 12.0: 0.4}"
SC,85.14285714285714,1492.857142857143,-0.8285714285714285,0.015714285714285712,0.5842857142857143,1.4114285714285715,"{14.0: 0.5714285714285714, 8.0: 0.14285714285714285, 11.0: 0.14285714285714285, 9.0: 0.14285714285714285}"
SI,92.95497117371914,2142.1649084449305,-0.5487289241814424,0.6605188730555858,-0.08114543674534973,2.3905988251930816,"{13.0: 0.1238986185140868, 14.0: 0.12291961274883063, 11.0: 0.11470684216251496, 5.0: 0.08664201022517133, 4.0: 0.080387251169368, 8.0: 0.07570977917981073, 12.0: 0.07010769063417818, 6.0: 0.06880234961383662, 7.0: 0.06347220711410856, 9.0: 0.05917545958881758, 2.0: 0.05041879691069292, 1.0: 0.048188839334276076, 3.0: 0.035570542804307624}"
SL,85.35529348120097,2422.2543169398905,0.2341422775223154,0.14473627265350283,0.2362629158777387,1.8894162834730863,"{14.0: 0.3234514471192859, 13.0: 0.1348661076548553, 9.0: 0.08006491750067622, 8.0: 0.07308628617798214, 5.0: 0.0692453340546389, 6.0: 0.05626183391939411, 11.0: 0.049175006762239654, 7.0: 0.04744387341087368, 4.0: 0.04511766296997566, 12.0: 0.04160129835001353, 2.0: 0.03327021909656478, 1.0: 0.0242899648363538, 3.0: 0.022126048147146336}"
ST,81.51685455810717,2548.9889138366543,0.5868267223382047,0.13573973556019484,0.27924147529575505,1.987195546276966,"{14.0: 0.3163535142658316, 13.0: 0.12734864300626306, 9.0: 0.07571329157967989, 8.0: 0.07279053583855254, 6.0: 0.0651356993736952, 5.0: 0.06290883785664579, 11.0: 0.05511482254697286, 4.0: 0.05386221294363257, 12.0: 0.05080027835768963, 7.0: 0.04620737647877523, 2.0: 0.026722338204592903, 3.0: 0.02352122477383438, 1.0: 0.02352122477383438}"
SV,81.95879120879121,2438.3471074380163,0.9711538461538461,-0.3396703296703297,0.5433516483516484,1.7961813186813185,"{14.0: 0.4532967032967033, 9.0: 0.09065934065934066, 5.0: 0.07692307692307693, 13.0: 0.07142857142857142, 8.0: 0.057692307692307696, 11.0: 0.04945054945054945, 6.0: 0.04395604395604396, 4.0: 0.04120879120879121, 7.0: 0.04120879120879121, 12.0: 0.024725274725274724, 3.0: 0.024725274725274724, 2.0: 0.013736263736263736, 1.0: 0.01098901098901099}"
CH,86.11205951448709,1773.7823022709476,-0.32756460454189507,0.42559906029757244,-0.0498355520751762,1.7772200469851211,"{14: 0.25841816758026626, 13: 0.25606891151135475, 8: 0.08848864526233359, 11: 0.07047768206734534, 7: 0.06499608457321848, 9: 0.05403288958496476, 4: 0.04620203602192639, 5: 0.04150352388410337, 12: 0.03915426781519186, 6: 0.03445575567736883, 1: 0.018010963194988253, 2: 0.014095536413469069, 3: 0.014095536413469069}"
CU,78.49605911330049,2633.8193760262725,0.2474712643678161,-1.0177668308702792,0.08525451559934319,1.7423481116584563,"{14: 0.2742200328407225, 13: 0.19376026272577998, 8: 0.09359605911330049, 9: 0.08210180623973727, 5: 0.06403940886699508, 7: 0.05582922824302135, 11: 0.05090311986863711, 6: 0.047619047619047616, 4: 0.042692939244663386, 12: 0.034482758620689655, 3: 0.024630541871921183, 1: 0.021346469622331693, 2: 0.014778325123152709}"
FC,91.64587884806355,2519.664349553128,0.20110228401191657,0.7455710029791459,0.22546176762661368,2.5091062562065543,"{14: 0.19860973187686196, 11: 0.1221449851042701, 12: 0.1221449851042701, 5: 0.0804369414101291, 6: 0.07944389275074479, 2: 0.07845084409136048, 9: 0.06951340615690169, 4: 0.04865938430983118, 3: 0.04667328699106256, 13: 0.04270109235352532, 8: 0.041708043694141016, 1: 0.038728897715988087, 7: 0.030784508440913606}"
FF,95.53528690534576,2363.7577243746937,-0.3198479646885728,1.4039480137322218,-0.06393084845512506,2.8699534085335947,"{11: 0.20255026974006865, 12: 0.13977439921530163, 2: 0.08876900441392839, 5: 0.0801863658656204, 1: 0.07282981853849926, 14: 0.06718979892103973, 4: 0.06007846983815596, 6: 0.055174104953408534, 3: 0.0537027954879843, 13: 0.05272192251103482, 9: 0.04536537518391368, 8: 0.04462972045120157, 7: 0.03702795487984306}"
FO,83.1375,1244.375,-0.84375,0.21375,0.244375,0.473125,"{14: 0.625, 13: 0.3125, 12: 0.0625}"
FS,88.20280373831775,1276.3395638629283,-0.8440809968847351,0.23302180685358254,-0.30152647975077884,1.600404984423676,"{13: 0.3707165109034268, 14: 0.22429906542056074, 11: 0.11214953271028037, 7: 0.08099688473520249, 8: 0.059190031152647975, 9: 0.04361370716510903, 4: 0.03426791277258567, 12: 0.024922118380062305, 5: 0.01557632398753894, 1: 0.01557632398753894, 2: 0.009345794392523364, 6: 0.006230529595015576, 3: 0.003115264797507788}"
KC,80.60562347188264,2602.633251833741,0.816919315403423,-0.9506112469437653,0.09564792176039119,1.558679706601467,"{14: 0.3569682151589242, 13: 0.17603911980440098, 8: 0.09290953545232274, 7: 0.06845965770171149, 4: 0.05623471882640587, 9: 0.05134474327628362, 11: 0.04645476772616137, 5: 0.04156479217603912, 1: 0.039119804400977995, 2: 0.02689486552567237, 6: 0.022004889975550123, 12: 0.012224938875305624, 3: 0.009779951100244499}"
SC,80.10000000000001,1998.7083333333333,-0.6629166666666667,-0.21083333333333332,-0.2520833333333333,2.18125,"{14: 0.20833333333333334, 11: 0.20833333333333334, 13: 0.16666666666666666, 4: 0.16666666666666666, 6: 0.08333333333333333, 1: 0.041666666666666664, 7: 0.041666666666666664, 9: 0.041666666666666664, 5: 0.041666666666666664}"
SI,94.11269698334083,2196.9441692931114,-0.10196307969383162,0.6961008554705088,-0.0840207113912652,2.4526879783881137,"{13: 0.12561909049977488, 11: 0.12021611886537596, 14: 0.1044574515983791, 12: 0.09635299414678072, 4: 0.08329581269698334, 5: 0.08104457451598379, 8: 0.06888788833858622, 2: 0.0675371454299865, 7: 0.05853219270598829, 6: 0.05853219270598829, 3: 0.047726249437190456, 1: 0.04682575416479064, 9: 0.04097253489419181}"
SL,86.55928685470995,2504.655667908462,0.15485896753592338,0.10808940926024481,0.1626875997871208,1.7969185737094198,"{14: 0.32730175625332625, 13: 0.18254390633315593, 9: 0.06865353911655135, 8: 0.06599254922831294, 5: 0.05854177754124534, 6: 0.05481639169771155, 11: 0.052155401809473124, 4: 0.04523682810005322, 7: 0.03991484832357637, 12: 0.03778605641298563, 2: 0.027142096860031932, 1: 0.020755721128259713, 3: 0.019159127195316657}"
ST,83.06981339187706,2657.682766190999,0.6888254665203073,0.00601536772777168,0.31222832052689353,1.9433809001097695,"{14: 0.3468715697036224, 13: 0.12184412733260154, 9: 0.07683863885839737, 5: 0.06586169045005488, 12: 0.06366630076838639, 11: 0.06037321624588365, 8: 0.06037321624588365, 6: 0.0570801317233809, 4: 0.05598243688254665, 7: 0.030735455543358946, 3: 0.020856201975850714, 1: 0.019758507135016465, 2: 0.019758507135016465}"
SV,79.25,2676.705882352941,0.18676470588235294,-0.2858823529411765,-0.3526470588235294,2.0608823529411766,"{13: 0.29411764705882354, 14: 0.14705882352941177, 4: 0.11764705882352941, 2: 0.08823529411764706, 11: 0.08823529411764706, 12: 0.058823529411764705, 5: 0.058823529411764705, 7: 0.058823529411764705, 8: 0.029411764705882353, 6: 0.029411764705882353, 1: 0.029411764705882353}"
CH,85.51840739111306,1810.374216888732,-0.31835987681478223,0.4276858776946766,-0.05344390673119226,1.8260756709194896,"{13: 0.2543774747030356, 14: 0.2392432908051034, 8: 0.07971843378794545, 7: 0.07012758468983722, 11: 0.0666080070391553, 9: 0.06300043994720633, 12: 0.05138583369995601, 4: 0.05112186537615486, 5: 0.044434667839859214, 6: 0.037747470303563575, 1: 0.015662120545534536, 2: 0.013990321161460624, 3: 0.012582490101187857}"
CS,58.4,1535.25,0.865,0.7275,0.49,2.6550000000000002,"{12: 0.25, 5: 0.25, 14: 0.25, 7: 0.25}"
CU,79.31528571428571,2573.087799167534,0.39449220779220784,-0.8317025974025973,0.0596051948051948,1.8403662337662337,"{14: 0.2718181818181818, 13: 0.1783116883116883, 8: 0.08298701298701298, 11: 0.07519480519480519, 9: 0.062207792207792205, 5: 0.0612987012987013, 7: 0.05220779220779221, 4: 0.04961038961038961, 6: 0.04766233766233766, 12: 0.04, 1: 0.030779220779220778, 2: 0.028181818181818183, 3: 0.019740259740259742}"
EP,49.019266055045875,1245.1376146788991,-0.11660550458715598,1.3922018348623852,0.036330275229357806,3.041192660550459,"{11: 0.23853211009174313, 12: 0.22935779816513763, 14: 0.09174311926605505, 2: 0.07339449541284404, 5: 0.05504587155963303, 6: 0.05504587155963303, 9: 0.05504587155963303, 13: 0.045871559633027525, 1: 0.03669724770642202, 8: 0.03669724770642202, 4: 0.03669724770642202, 3: 0.027522935779816515, 7: 0.01834862385321101}"
FA,70.15714285714286,1700.8650793650793,-0.4845238095238095,1.2432539682539683,-0.07706349206349207,2.728015873015873,"{11: 0.20634920634920634, 12: 0.15079365079365079, 1: 0.10317460317460317, 14: 0.09523809523809523, 3: 0.0873015873015873, 5: 0.07142857142857142, 13: 0.06349206349206349, 9: 0.05555555555555555, 4: 0.047619047619047616, 2: 0.047619047619047616, 6: 0.031746031746031744, 8: 0.031746031746031744, 7: 0.007936507936507936}"
FC,89.6426561988878,2399.7476983779043,0.1552033584123869,0.653373677897721,0.16234216552175335,2.4295845600261696,"{14: 0.19409006651401156, 11: 0.10707665467233671, 12: 0.10086141096935994, 13: 0.08570493948315341, 6: 0.07992585323301712, 5: 0.07850834151128558, 2: 0.05986261040235525, 9: 0.0589902954966743, 4: 0.053647366699378474, 3: 0.05310216988332788, 8: 0.05026714643986479, 1: 0.04361574528404754, 7: 0.03434739941118744}"
FF,94.41139602707314,2301.36224574169,-0.29780608595168656,1.3277535354647003,-0.03188879106366588,2.8665778902767842,"{11: 0.18832883948715126, 12: 0.14194134155065208, 2: 0.0887030209651681, 5: 0.0870247069828867, 1: 0.06966378693666428, 14: 0.06762779948274913, 6: 0.06556429868486216, 4: 0.06512408518131294, 3: 0.06388598470258075, 13: 0.055962141638694764, 8: 0.04060969570241567, 9: 0.03502448687613492, 7: 0.03053981180872723}"
FS,86.4644089456869,1285.705431309904,-0.6916837060702875,0.28694249201277955,-0.15775399361022363,1.7087571884984025,"{13: 0.2757188498402556, 14: 0.25750798722044727, 11: 0.08466453674121406, 8: 0.08051118210862619, 7: 0.0744408945686901, 4: 0.04856230031948882, 9: 0.04696485623003195, 5: 0.04153354632587859, 6: 0.026517571884984027, 1: 0.023003194888178913, 12: 0.018210862619808307, 2: 0.014057507987220448, 3: 0.008306709265175719}"
KC,81.12200328407225,2515.135741652983,0.534176245210728,-0.8596387520525451,0.14112205801860975,1.651072796934866,"{14: 0.3459222769567597, 13: 0.17733990147783252, 8: 0.09195402298850575, 9: 0.06458675424192666, 5: 0.061850027367268745, 7: 0.05035577449370553, 11: 0.04980842911877394, 4: 0.03667214012041598, 6: 0.03393541324575807, 12: 0.03229337712096333, 1: 0.022441160372194856, 2: 0.02079912424740011, 3: 0.0120415982484948}"
KN,77.71666666666667,254.55555555555554,-0.3491666666666667,0.025277777777777774,0.013611111111111107,1.9461111111111111,"{14: 0.3611111111111111, 11: 0.19444444444444445, 8: 0.16666666666666666, 7: 0.08333333333333333, 9: 0.05555555555555555, 13: 0.05555555555555555, 4: 0.027777777777777776, 1: 0.027777777777777776, 2: 0.027777777777777776}"
PO,92.21666666666665,2107.3333333333335,-0.57,1.02,0.36083333333333334,3.8041666666666667,"{12: 0.5833333333333334, 11: 0.3333333333333333, 13: 0.08333333333333333}"
SC,80.59189189189189,2082.7567567567567,-0.5972972972972973,-0.26135135135135135,-0.09405405405405406,1.798108108108108,"{14: 0.3783783783783784, 11: 0.16216216216216217, 13: 0.13513513513513514, 8: 0.10810810810810811, 7: 0.02702702702702703, 3: 0.02702702702702703, 4: 0.02702702702702703, 2: 0.02702702702702703, 5: 0.02702702702702703, 6: 0.02702702702702703, 1: 0.02702702702702703, 12: 0.02702702702702703}"
SI,93.46396969361797,2148.986046253058,-0.4626479371750913,0.6216945028204844,-0.06400564096891936,2.4021424621170224,"{13: 0.12205508240238912, 14: 0.11901338347527929, 11: 0.11348302178962504, 5: 0.09136157504700808, 4: 0.07897356487114257, 12: 0.07748036721601592, 8: 0.07394093573719722, 6: 0.0670279836301294, 7: 0.0586771374847915, 9: 0.05729454706337794, 2: 0.052261917929432584, 1: 0.05010507687202743, 3: 0.0383254064815839}"
SL,85.74253959433176,2420.620899014092,0.2193320366768547,0.11942428452347874,0.22256626840789107,1.889286468463462,"{14: 0.30747429841622675, 13: 0.14648513475965547, 9: 0.07891080855793275, 8: 0.07452070019449847, 5: 0.06462906362878577, 6: 0.05734926368435676, 7: 0.04901361489302584, 11: 0.04845790497360378, 4: 0.0477910530702973, 12: 0.043845512642400664, 2: 0.032898027229786055, 1: 0.024562378438455126, 3: 0.02406223951097527}"
ST,82.2072153846154,2598.438574748257,0.6823476923076923,0.09946,0.3076307692307692,2.0319800000000003,"{14: 0.32369230769230767, 13: 0.11984615384615385, 9: 0.07307692307692308, 6: 0.06507692307692307, 5: 0.06476923076923077, 8: 0.06415384615384616, 12: 0.060153846153846155, 11: 0.05815384615384615, 4: 0.04676923076923077, 7: 0.042923076923076925, 3: 0.02876923076923077, 1: 0.02707692307692308, 2: 0.025538461538461538}"
SV,82.56582568807339,2526.701834862385,0.7037844036697248,-0.38213302752293576,0.28883027522935784,1.8696330275229358,"{14: 0.3463302752293578, 13: 0.12844036697247707, 9: 0.08256880733944955, 8: 0.08256880733944955, 5: 0.06651376146788991, 6: 0.05963302752293578, 7: 0.05504587155963303, 4: 0.045871559633027525, 11: 0.04357798165137615, 12: 0.034403669724770644, 1: 0.020642201834862386, 3: 0.01834862385321101, 2: 0.016055045871559634}"
CH,84.82078945533162,1781.2410152426235,-0.313279866099449,0.5908808145616848,-0.02146035288374364,1.866853337052793,"{14: 0.24346188716088987, 13: 0.22065694957807377, 8: 0.08236278680521654, 11: 0.07455192133342632, 7: 0.06918195132157054, 9: 0.06443964014226934, 12: 0.05300230141571936, 4: 0.05042192621521724, 5: 0.050003486993514194, 6: 0.0427505404839947, 1: 0.01862054536578562, 2: 0.01652834925727038, 3: 0.014017713927052096}"
CS,72.51111111111112,2452.777777777778,0.6238888888888889,-1.0405555555555557,-0.4183333333333333,1.826111111111111,"{13: 0.3888888888888889, 14: 0.16666666666666666, 9: 0.1111111111111111, 11: 0.1111111111111111, 3: 0.05555555555555555, 8: 0.05555555555555555, 5: 0.05555555555555555, 7: 0.05555555555555555}"
CU,78.813124248716,2575.0406352683463,0.404410446945689,-0.8105616872472954,0.09499289695115287,1.8085662769096271,"{14: 0.2924270571522238, 13: 0.16205879138891924, 11: 0.08239536662659819, 8: 0.07682220522347284, 9: 0.06316249590208721, 5: 0.0602119986886679, 4: 0.050377007977270245, 7: 0.04862856518413288, 6: 0.04709867774013769, 12: 0.041744071686154516, 2: 0.02983280515790624, 1: 0.025898808873347175, 3: 0.019342148399082066}"
EP,44.10434782608696,1127.4285714285713,-0.5365217391304348,1.3052173913043479,0.1382608695652174,2.880434782608696,"{11: 0.30434782608695654, 14: 0.21739130434782608, 12: 0.08695652173913043, 3: 0.08695652173913043, 5: 0.08695652173913043, 6: 0.043478260869565216, 13: 0.043478260869565216, 2: 0.043478260869565216, 8: 0.043478260869565216, 1: 0.043478260869565216}"
FA,72.648,1811.5645161290322,-0.53984,1.1746400000000001,0.02312,2.81808,"{11: 0.192, 5: 0.112, 12: 0.112, 14: 0.112, 6: 0.088, 3: 0.088, 13: 0.08, 2: 0.064, 4: 0.056, 1: 0.056, 7: 0.032, 9: 0.008}"
FC,88.91573397243859,2418.7968543642696,0.12840623127621328,0.7010677052127022,0.189866986219293,2.306564409826243,"{14: 0.2128220491312163, 13: 0.11060515278609946, 12: 0.10724985020970641, 11: 0.08424206111443978, 6: 0.07741162372678251, 5: 0.06926303175554224, 9: 0.06183343319352906, 8: 0.053684841222288796, 4: 0.05260635110844817, 2: 0.049490713001797484, 3: 0.04841222288795686, 7: 0.03786698621929299, 1: 0.03451168364289994}"
FF,93.71414837698266,2323.887216656664,-0.2509226300258207,1.3857423459977867,0.016949926226484693,2.7161600885282184,"{11: 0.15623847288823312, 12: 0.12988749538915528, 14: 0.09828015492438215, 5: 0.08792880855772778, 2: 0.07845352268535595, 6: 0.07192917742530432, 13: 0.06706473625968278, 4: 0.06469015123570639, 1: 0.06037901143489487, 3: 0.0575202877167097, 8: 0.047583917373662854, 9: 0.043733862043526375, 7: 0.03631040206565843}"
FS,86.09724550898203,1482.255548890222,-0.8751796407185628,0.3494431137724551,-0.19247305389221558,1.6317245508982037,"{13: 0.274251497005988, 14: 0.26646706586826346, 11: 0.09580838323353294, 7: 0.0784431137724551, 8: 0.06826347305389222, 4: 0.05568862275449102, 9: 0.05269461077844311, 5: 0.046706586826347304, 6: 0.01976047904191617, 1: 0.018562874251497007, 2: 0.011377245508982036, 12: 0.005988023952095809, 3: 0.005988023952095809}"
KC,80.82174663444943,2527.295745416811,0.46567138419054194,-0.9406144287193648,0.11431826026924405,1.7661097687262686,"{14: 0.30479806696582673, 13: 0.15429754918881602, 11: 0.07939247497411114, 8: 0.07525025888850535, 5: 0.06696582671729376, 9: 0.06006213324128409, 4: 0.04867103900586814, 6: 0.045219192267863306, 7: 0.043148084225060404, 12: 0.037625129444252677, 2: 0.037625129444252677, 1: 0.030031066620642043, 3: 0.01691404901622368}"
KN,80.28,1259.4,-1.018,0.34199999999999997,-0.636,1.5219999999999998,"{13: 0.8, 14: 0.2}"
PO,88.29090909090908,2151.0,-0.3336363636363636,1.238181818181818,0.10818181818181817,4.221818181818182,"{12: 0.6363636363636364, 11: 0.36363636363636365}"
SI,92.91305261993028,2159.074654224296,-0.5163011121562552,0.7861672107563769,-0.057692690754163674,2.3066862170087976,"{14: 0.14242239805234327, 13: 0.1400984894594146, 11: 0.11010900237923975, 5: 0.08482266364189675, 8: 0.07519504232833508, 4: 0.07408841918884523, 12: 0.07386709456094727, 6: 0.06623139489846733, 7: 0.058983013334808834, 9: 0.05820837713716594, 2: 0.0411663807890223, 1: 0.04000442649255796, 3: 0.03480329773695568}"
SL,84.94775529192836,2455.1445108289768,0.24256338683414747,0.1502321470109328,0.22308676436380553,1.872180507094673,"{14: 0.3147708769481275, 13: 0.14687136543382182, 9: 0.07587811118864853, 8: 0.06824842986741103, 5: 0.0673179809257967, 6: 0.058478715980460574, 11: 0.052896022330774596, 4: 0.04624331239823215, 12: 0.046010700162828565, 7: 0.04084670853686904, 2: 0.03303093742730868, 3: 0.02502907652942545, 1: 0.02437776227029542}"
ST,81.26796116504855,2652.05359317905,0.4820509708737864,0.010625,0.12652305825242718,1.9439441747572814,"{14: 0.27366504854368934, 13: 0.16929611650485438, 9: 0.07220873786407767, 11: 0.06674757281553398, 5: 0.06674757281553398, 8: 0.06128640776699029, 4: 0.06067961165048544, 12: 0.05703883495145631, 7: 0.05279126213592233, 6: 0.0491504854368932, 2: 0.028519417475728157, 1: 0.024271844660194174, 3: 0.017597087378640776}"
SV,82.93298791018998,2596.6597582038,0.2333678756476684,-0.07963730569948187,0.18808290155440416,1.7429879101899828,"{14: 0.32469775474956825, 13: 0.15025906735751296, 8: 0.09499136442141623, 9: 0.07772020725388601, 5: 0.06735751295336788, 7: 0.05699481865284974, 4: 0.0535405872193437, 6: 0.044905008635578586, 2: 0.03454231433506045, 12: 0.03281519861830743, 11: 0.02936096718480138, 1: 0.018998272884283247, 3: 0.013816925734024179}"
CH,84.44375,1529.0625,0.209375,0.403125,0.20249999999999999,1.593125,"{14: 0.3125, 13: 0.25, 5: 0.125, 3: 0.125, 12: 0.0625, 6: 0.0625, 7: 0.0625}"
CU,78.14285714285714,2715.5238095238096,0.43809523809523804,-0.839047619047619,0.27380952380952384,2.0904761904761906,"{14: 0.23809523809523808, 4: 0.14285714285714285, 12: 0.09523809523809523, 8: 0.09523809523809523, 5: 0.09523809523809523, 7: 0.09523809523809523, 6: 0.09523809523809523, 9: 0.047619047619047616, 11: 0.047619047619047616, 1: 0.047619047619047616}"
FC,85.78,2357.4,0.40066666666666667,0.03333333333333333,0.6626666666666666,1.2473333333333334,"{14: 0.6666666666666666, 8: 0.13333333333333333, 5: 0.06666666666666667, 9: 0.06666666666666667, 6: 0.06666666666666667}"
FF,95.01550387596899,2331.4418604651164,-0.046356589147286825,1.359767441860465,-0.1334108527131783,2.697829457364341,"{11: 0.20155038759689922, 4: 0.10077519379844961, 12: 0.09302325581395349, 5: 0.08527131782945736, 6: 0.07751937984496124, 13: 0.07751937984496124, 2: 0.07751937984496124, 14: 0.07751937984496124, 7: 0.06201550387596899, 8: 0.06201550387596899, 1: 0.031007751937984496, 3: 0.031007751937984496, 9: 0.023255813953488372}"
FS,87.95714285714287,989.1428571428571,-0.8242857142857144,0.45999999999999996,0.5771428571428572,1.772857142857143,"{14: 0.2857142857142857, 9: 0.2857142857142857, 8: 0.14285714285714285, 11: 0.14285714285714285, 6: 0.14285714285714285}"
KC,77.2,3148.0,1.23,-0.86,-0.21,1.01,{13: 1.0}
SI,93.63333333333333,1994.6666666666667,0.9216666666666667,0.93,0.7308333333333333,2.3366666666666664,"{14: 0.3333333333333333, 3: 0.16666666666666666, 12: 0.16666666666666666, 7: 0.08333333333333333, 8: 0.08333333333333333, 2: 0.08333333333333333, 9: 0.08333333333333333}"
SL,84.37868852459017,2579.8852459016393,0.15934426229508197,-0.17475409836065575,-0.16245901639344262,1.926393442622951,"{13: 0.2459016393442623, 6: 0.13114754098360656, 14: 0.11475409836065574, 7: 0.09836065573770492, 4: 0.09836065573770492, 9: 0.08196721311475409, 5: 0.06557377049180328, 8: 0.06557377049180328, 2: 0.04918032786885246, 11: 0.04918032786885246}"
ST,82.23333333333333,2778.8888888888887,1.5322222222222222,0.33222222222222225,1.3055555555555556,2.227777777777778,"{14: 0.4444444444444444, 12: 0.2222222222222222, 9: 0.2222222222222222, 6: 0.1111111111111111}"
CH,85.54115463917525,1757.0400330169211,-0.3445360824742268,0.5171010309278351,-0.03867628865979382,1.7763010309278349,"{14.0: 0.2639175257731959, 13.0: 0.2445360824742268, 8.0: 0.07587628865979382, 11.0: 0.07051546391752578, 9.0: 0.06144329896907216, 7.0: 0.05979381443298969, 4.0: 0.05360824742268041, 5.0: 0.04206185567010309, 6.0: 0.04, 12.0: 0.03546391752577319, 1.0: 0.018969072164948454, 3.0: 0.01731958762886598, 2.0: 0.016494845360824743}"
CS,67.8,2622.0,1.43,-1.3,1.69,1.0,{14.0: 1.0}
CU,79.13157894736842,2578.0364554122266,0.3163661814109742,-0.8492385218365062,0.05667973124300112,1.8290145576707726,"{14.0: 0.26595744680851063, 13.0: 0.1858902575587906, 8.0: 0.08174692049272117, 5.0: 0.0671892497200448, 11.0: 0.06662933930571109, 9.0: 0.06606942889137737, 7.0: 0.04927211646136618, 4.0: 0.048152295632698766, 12.0: 0.04759238521836506, 6.0: 0.04703247480403135, 2.0: 0.02855543113101904, 1.0: 0.027435610302351622, 3.0: 0.018477043673012318}"
FC,89.65863095238095,2407.244192972007,0.09116666666666666,0.7069702380952381,0.19092857142857142,2.3161785714285714,"{14.0: 0.22380952380952382, 13.0: 0.0994047619047619, 12.0: 0.09761904761904762, 11.0: 0.08214285714285714, 6.0: 0.07738095238095238, 5.0: 0.0744047619047619, 3.0: 0.05714285714285714, 4.0: 0.05416666666666667, 9.0: 0.05178571428571429, 2.0: 0.050595238095238096, 8.0: 0.04702380952380952, 7.0: 0.04404761904761905, 1.0: 0.04047619047619048}"
FF,94.41043956043956,2290.996606996607,-0.3089805938742109,1.3599345335515547,0.0010638297872340428,2.7795791442599955,"{11.0: 0.17056347907411737, 12.0: 0.13069908814589665, 14.0: 0.09247135842880523, 5.0: 0.08627542670095861, 2.0: 0.08031330371755904, 6.0: 0.07435118073415946, 4.0: 0.06745382277297171, 1.0: 0.06347907411737198, 13.0: 0.059621229833995794, 3.0: 0.05810147299509002, 8.0: 0.04535889642272621, 9.0: 0.040332008417114804, 7.0: 0.030979658639233108}"
FS,85.66641791044776,1338.7231920199501,-0.9437313432835821,0.2954228855721393,-0.1477860696517413,1.5883582089552237,"{14.0: 0.25870646766169153, 13.0: 0.2537313432835821, 7.0: 0.1044776119402985, 8.0: 0.09203980099502487, 11.0: 0.07462686567164178, 5.0: 0.05472636815920398, 9.0: 0.0472636815920398, 4.0: 0.04477611940298507, 6.0: 0.022388059701492536, 1.0: 0.014925373134328358, 2.0: 0.014925373134328358, 3.0: 0.009950248756218905, 12.0: 0.007462686567164179}"
KC,81.3919014084507,2562.443661971831,0.597306338028169,-0.8189788732394366,0.1370774647887324,1.716742957746479,"{14.0: 0.323943661971831, 13.0: 0.16901408450704225, 8.0: 0.07570422535211267, 11.0: 0.07042253521126761, 9.0: 0.06338028169014084, 5.0: 0.05457746478873239, 7.0: 0.05457746478873239, 4.0: 0.051056338028169015, 12.0: 0.040492957746478875, 6.0: 0.03697183098591549, 1.0: 0.02464788732394366, 3.0: 0.02112676056338028, 2.0: 0.014084507042253521}"
PO,90.1,2224.0,-0.75,1.41,-3.05,3.94,{11.0: 1.0}
SI,93.55461586121437,2107.984190948543,-0.33961276332094176,0.6916387856257745,-0.009845105328376704,2.3186802973977696,"{14.0: 0.13971499380421312, 13.0: 0.13011152416356878, 11.0: 0.09510532837670384, 5.0: 0.0926270136307311, 12.0: 0.08085501858736059, 8.0: 0.07775712515489468, 6.0: 0.07063197026022305, 4.0: 0.06660470879801735, 7.0: 0.06505576208178439, 9.0: 0.06412639405204461, 2.0: 0.045229244114002476, 1.0: 0.04244114002478315, 3.0: 0.02973977695167286}"
SL,84.93315420560748,2396.4703132304817,0.18272897196261684,0.09416355140186916,0.24159345794392523,1.8328621495327102,"{14.0: 0.33014018691588787, 13.0: 0.15794392523364487, 5.0: 0.07126168224299065, 9.0: 0.06985981308411215, 8.0: 0.06799065420560747, 6.0: 0.053738317757009345, 7.0: 0.04883177570093458, 12.0: 0.043457943925233646, 4.0: 0.04182242990654206, 11.0: 0.04135514018691589, 2.0: 0.02850467289719626, 3.0: 0.024299065420560748, 1.0: 0.020794392523364486}"
ST,82.66341030195382,2599.234458259325,0.945044404973357,0.07028419182948491,0.581740674955595,1.8841740674955594,"{14.0: 0.44404973357015987, 13.0: 0.07282415630550622, 8.0: 0.07104795737122557, 9.0: 0.07104795737122557, 11.0: 0.055062166962699825, 12.0: 0.05328596802841918, 6.0: 0.05150976909413854, 5.0: 0.046181172291296625, 4.0: 0.03374777975133215, 7.0: 0.03374777975133215, 3.0: 0.028419182948490232, 2.0: 0.021314387211367674, 1.0: 0.017761989342806393}"
SV,81.36148148148148,2902.9703703703703,-1.4300000000000002,-0.13562962962962963,-0.509925925925926,1.962740740740741,"{13.0: 0.31851851851851853, 7.0: 0.14814814814814814, 8.0: 0.1111111111111111, 4.0: 0.0962962962962963, 5.0: 0.08888888888888889, 11.0: 0.06666666666666667, 14.0: 0.037037037037037035, 12.0: 0.02962962962962963, 1.0: 0.02962962962962963, 6.0: 0.02962962962962963, 2.0: 0.022222222222222223, 9.0: 0.014814814814814815, 3.0: 0.007407407407407408}"
CH,84.696894703657,1792.3970037453184,-0.38015526481715006,0.592016866330391,-0.07486286254728877,1.8159725725094578,"{13.0: 0.2403846153846154, 14.0: 0.23668032786885246, 8.0: 0.08527742749054225, 7.0: 0.0799968474148802, 11.0: 0.07282471626733922, 9.0: 0.06021437578814628, 4.0: 0.05052017654476671, 5.0: 0.04823455233291299, 12.0: 0.0430327868852459, 6.0: 0.03877679697351828, 1.0: 0.018442622950819672, 2.0: 0.013871374527112233, 3.0: 0.011743379571248424}"
CS,70.15652173913043,2318.6521739130435,0.5643478260869565,-1.0004347826086957,-0.09347826086956519,1.8621739130434782,"{13.0: 0.30434782608695654, 14.0: 0.2608695652173913, 9.0: 0.08695652173913043, 5.0: 0.08695652173913043, 7.0: 0.08695652173913043, 12.0: 0.043478260869565216, 8.0: 0.043478260869565216, 11.0: 0.043478260869565216, 6.0: 0.043478260869565216}"
CU,78.42529658922392,2559.3520218308113,0.43237518536826497,-0.7926099851705388,0.09762975778546712,1.8239767671774594,"{14.0: 0.29424122590212554, 13.0: 0.15595650024715768, 11.0: 0.08069698467622342, 8.0: 0.07810182896688087, 9.0: 0.0671033119130005, 5.0: 0.05993573900148295, 4.0: 0.054498269896193774, 7.0: 0.049802273850716755, 12.0: 0.042881858625803265, 6.0: 0.04201680672268908, 1.0: 0.030029658922392486, 2.0: 0.028423133959466138, 3.0: 0.016312407315867524}"
EP,45.38461538461539,1079.0,0.20076923076923078,1.5015384615384615,-0.3776923076923077,3.4000000000000004,"{11.0: 0.38461538461538464, 1.0: 0.15384615384615385, 12.0: 0.15384615384615385, 5.0: 0.07692307692307693, 14.0: 0.07692307692307693, 2.0: 0.07692307692307693, 3.0: 0.07692307692307693}"
FA,70.16748768472907,1739.152709359606,-0.4969950738916256,1.2926600985221677,-0.05172413793103449,2.6553201970443348,"{11.0: 0.1921182266009852, 14.0: 0.1625615763546798, 12.0: 0.11330049261083744, 1.0: 0.09359605911330049, 5.0: 0.08374384236453201, 13.0: 0.07389162561576355, 8.0: 0.06403940886699508, 4.0: 0.054187192118226604, 2.0: 0.04926108374384237, 6.0: 0.04926108374384237, 9.0: 0.029556650246305417, 7.0: 0.024630541871921183, 3.0: 0.009852216748768473}"
FC,88.54853097345134,2399.3318225190837,0.09462182890855457,0.7061935103244837,0.1746914454277286,2.3302761061946904,"{14.0: 0.21474926253687315, 13.0: 0.10076696165191741, 12.0: 0.09451327433628319, 11.0: 0.09073746312684365, 5.0: 0.07480825958702064, 6.0: 0.07292035398230089, 9.0: 0.062300884955752214, 2.0: 0.05781710914454277, 4.0: 0.05545722713864307, 8.0: 0.05203539823008849, 3.0: 0.046253687315634215, 1.0: 0.040825958702064895, 7.0: 0.036814159292035395}"
FF,93.59704414488577,2312.3508444236904,-0.2865180592714551,1.3974354291006381,0.0069445873636550725,2.7472586952047746,"{11.0: 0.15836591891335666, 12.0: 0.1329491664951636, 14.0: 0.09487548878370035, 5.0: 0.08805824243671537, 2.0: 0.08232146532208273, 6.0: 0.07035912739246758, 4.0: 0.06629450504218976, 13.0: 0.06418501749331137, 1.0: 0.06361905741922207, 3.0: 0.05783082938876312, 8.0: 0.04620292241201893, 9.0: 0.04049187075529945, 7.0: 0.034446388145708995}"
FS,86.35298804780876,1474.6815834767642,-0.9210643141718838,0.3941263517359135,-0.25611838360842343,1.6567444507683553,"{13.0: 0.2948207171314741, 14.0: 0.2236767216846898, 11.0: 0.09220261809903244, 8.0: 0.09106431417188389, 7.0: 0.08366533864541832, 4.0: 0.05976095617529881, 5.0: 0.03927148548662493, 9.0: 0.03813318155947638, 1.0: 0.026750142287990893, 6.0: 0.022766078542970972, 12.0: 0.01195219123505976, 2.0: 0.010244735344336939, 3.0: 0.005691519635742743}"
KC,81.10403616402971,2535.6803787136796,0.4840297061672586,-0.9179496286729092,0.10301905069422021,1.7440716822731677,"{14.0: 0.3212786567646109, 13.0: 0.14820794317081046, 11.0: 0.08621246367452373, 8.0: 0.07878592185986438, 9.0: 0.054568937681627384, 7.0: 0.05424604455925089, 5.0: 0.05424604455925089, 4.0: 0.05230868582499193, 6.0: 0.03874717468517921, 12.0: 0.03132063287051986, 2.0: 0.03035195350339038, 1.0: 0.030029060381013883, 3.0: 0.019696480464966096}"
PO,87.85714285714286,2144.285714285714,-0.71,1.2771428571428571,0.34,4.7299999999999995,"{12.0: 0.7142857142857143, 11.0: 0.2857142857142857}"
SC,82.3,1945.0,-0.83,-0.17,-0.77,2.56,{4.0: 1.0}
SI,92.66548057259713,2151.1002777285353,-0.5511224072451065,0.784888694127958,-0.09172188139059305,2.3183213555360793,"{13.0: 0.14589541338007594, 14.0: 0.12959392345895412, 11.0: 0.11504528191644756, 4.0: 0.08098159509202454, 5.0: 0.0801635991820041, 8.0: 0.07449605609114812, 12.0: 0.07373648846041483, 7.0: 0.06491381828805141, 6.0: 0.06222611744084137, 9.0: 0.058194566170026295, 1.0: 0.04230207420391469, 2.0: 0.04084136722173532, 3.0: 0.03160969909436167}"
SL,84.60031246798484,2443.1163595064786,0.26328501178157976,0.15741676057780965,0.23614178875115255,1.8704046716524947,"{14.0: 0.31636102858313697, 13.0: 0.14035447187788136, 9.0: 0.0797049482634976, 8.0: 0.0705358057576068, 5.0: 0.06633541645323225, 6.0: 0.05890789878086262, 11.0: 0.052197520745825225, 7.0: 0.04553836697059727, 12.0: 0.044923675852883926, 4.0: 0.04482122733326503, 2.0: 0.031093125704333573, 1.0: 0.024946214527200083, 3.0: 0.024280299149677286}"
ST,81.01471471471471,2632.0030581039755,0.39734234234234234,-0.030457957957957957,0.14825075075075075,1.9660735735735735,"{14.0: 0.2725225225225225, 13.0: 0.17867867867867868, 9.0: 0.06756756756756757, 5.0: 0.06681681681681682, 11.0: 0.06006006006006006, 6.0: 0.05855855855855856, 8.0: 0.057057057057057055, 4.0: 0.0503003003003003, 7.0: 0.048798798798798795, 12.0: 0.04504504504504504, 3.0: 0.03528528528528529, 2.0: 0.03003003003003003, 1.0: 0.02927927927927928}"
SV,83.22655826558265,2624.779891304348,0.008536585365853656,-0.087289972899729,0.0010027100271002658,1.7253116531165311,"{13.0: 0.23848238482384823, 14.0: 0.22764227642276422, 9.0: 0.07588075880758807, 8.0: 0.07317073170731707, 5.0: 0.06504065040650407, 7.0: 0.06504065040650407, 6.0: 0.056910569105691054, 4.0: 0.051490514905149054, 11.0: 0.04336043360433604, 2.0: 0.037940379403794036, 1.0: 0.024390243902439025, 12.0: 0.02168021680216802, 3.0: 0.018970189701897018}"
CH,85.67628044971893,1799.9286997266693,-0.327936445971268,0.4340935352904435,-0.03330574640849469,1.814914116177389,"{14.0: 0.25772954403497816, 13.0: 0.2414896939412867, 8.0: 0.08104309806371018, 7.0: 0.07206433479075577, 11.0: 0.06574016239850093, 9.0: 0.06183635227982511, 12.0: 0.050359150530918176, 4.0: 0.04825109306683323, 5.0: 0.04583073079325422, 6.0: 0.03513429106808245, 1.0: 0.016005621486570892, 2.0: 0.012804497189256714, 3.0: 0.011711430356027484}"
CS,67.46666666666667,2127.1666666666665,0.2816666666666667,-0.9700000000000001,0.7999999999999999,1.9433333333333334,"{14.0: 0.5, 9.0: 0.16666666666666666, 12.0: 0.16666666666666666, 5.0: 0.16666666666666666}"
CU,79.5239608801956,2583.72623853211,0.3466161369193154,-0.7606014669926651,0.07102078239608803,1.8314400977995111,"{14.0: 0.27212713936430316, 13.0: 0.18190709046454767, 8.0: 0.08410757946210269, 11.0: 0.06943765281173594, 9.0: 0.06466992665036675, 5.0: 0.06466992665036675, 7.0: 0.05647921760391198, 4.0: 0.047799511002444985, 6.0: 0.04669926650366748, 12.0: 0.04437652811735941, 1.0: 0.02628361858190709, 2.0: 0.022493887530562348, 3.0: 0.018948655256723717}"
EP,51.711176470588235,1258.6117647058823,-0.2838823529411765,1.2988235294117647,0.03994117647058824,3.018882352941177,"{12.0: 0.25882352941176473, 11.0: 0.17647058823529413, 13.0: 0.13529411764705881, 6.0: 0.08823529411764706, 14.0: 0.08235294117647059, 5.0: 0.058823529411764705, 3.0: 0.047058823529411764, 2.0: 0.041176470588235294, 9.0: 0.029411764705882353, 8.0: 0.029411764705882353, 1.0: 0.023529411764705882, 7.0: 0.01764705882352941, 4.0: 0.011764705882352941}"
FA,68.45131578947368,1760.1184210526317,-0.3348684210526316,1.391315789473684,0.015657894736842103,2.9027631578947366,"{11.0: 0.18421052631578946, 12.0: 0.13157894736842105, 5.0: 0.11842105263157894, 6.0: 0.09210526315789473, 3.0: 0.09210526315789473, 14.0: 0.07894736842105263, 4.0: 0.07894736842105263, 8.0: 0.05263157894736842, 13.0: 0.05263157894736842, 2.0: 0.05263157894736842, 1.0: 0.039473684210526314, 7.0: 0.013157894736842105, 9.0: 0.013157894736842105}"
FC,89.44502780153978,2397.175740720933,0.1364210863986313,0.6782784431137725,0.20025662959794696,2.4339264328485886,"{14.0: 0.1982463644140291, 12.0: 0.10746364414029085, 11.0: 0.1006201881950385, 6.0: 0.08308383233532934, 13.0: 0.07966210436270317, 5.0: 0.07891360136869119, 9.0: 0.06223267750213858, 2.0: 0.06180496150556031, 4.0: 0.05325064157399487, 3.0: 0.052929854576561165, 8.0: 0.04908041060735672, 1.0: 0.03967065868263473, 7.0: 0.033041060735671514}"
FF,94.28628892845164,2298.3202322580646,-0.2654225043217999,1.3000869520344713,-0.03213484015790696,2.863857109683412,"{11.0: 0.18819826095931058, 12.0: 0.1416518306370462, 5.0: 0.08620378254250845, 2.0: 0.08522331449802616, 1.0: 0.07069690636530175, 14.0: 0.06847795236989447, 6.0: 0.06705885388445958, 4.0: 0.06618159300255438, 3.0: 0.06354981035683877, 13.0: 0.05325489588977475, 8.0: 0.043166395747864905, 9.0: 0.03485821916040973, 7.0: 0.03147818458601027}"
FS,86.26146976269457,1325.5141617759632,-0.7078081143148762,0.2796810410819086,-0.18074763970400612,1.7324955345751467,"{13.0: 0.271497831079357, 14.0: 0.24368461342179126, 11.0: 0.08675682572084716, 7.0: 0.07935697882112784, 8.0: 0.07782597601428937, 4.0: 0.05894360806328145, 9.0: 0.051543761163562136, 5.0: 0.04363357999489666, 6.0: 0.026027047716254147, 12.0: 0.01990303648890023, 1.0: 0.01913753508548099, 2.0: 0.012503189589180914, 3.0: 0.009186016841030875}"
KC,81.68130477117819,2470.503407984421,0.4317770204479065,-0.7967721518987342,0.02453748782862707,1.6611148977604673,"{14.0: 0.29308666017526774, 13.0: 0.22200584225900682, 8.0: 0.0881207400194742, 9.0: 0.07059396299902629, 7.0: 0.05744888023369036, 5.0: 0.054527750730282376, 11.0: 0.054527750730282376, 4.0: 0.048198636806231744, 6.0: 0.03359298928919182, 12.0: 0.024342745861733205, 1.0: 0.021908471275559883, 2.0: 0.016553067185978577, 3.0: 0.015092502434274586}"
KN,76.18592592592593,312.72592592592594,-0.37096296296296294,-0.07059259259259258,-0.10703703703703703,2.1757037037037037,"{14.0: 0.2, 13.0: 0.17777777777777778, 11.0: 0.17037037037037037, 6.0: 0.08888888888888889, 7.0: 0.07407407407407407, 9.0: 0.06666666666666667, 4.0: 0.06666666666666667, 5.0: 0.05185185185185185, 8.0: 0.02962962962962963, 12.0: 0.022222222222222223, 1.0: 0.022222222222222223, 2.0: 0.014814814814814815, 3.0: 0.014814814814814815}"
PO,90.73333333333333,2231.75,-0.5441666666666667,1.0291666666666666,0.14500000000000002,4.278333333333333,"{12.0: 0.5833333333333334, 11.0: 0.3333333333333333, 3.0: 0.08333333333333333}"
SC,80.82181818181817,1992.2181818181818,-0.6265454545454545,-0.29254545454545455,-0.17345454545454547,2.030545454545454,"{14.0: 0.21818181818181817, 13.0: 0.18181818181818182, 11.0: 0.14545454545454545, 5.0: 0.07272727272727272, 8.0: 0.07272727272727272, 9.0: 0.07272727272727272, 1.0: 0.07272727272727272, 4.0: 0.05454545454545454, 7.0: 0.05454545454545454, 6.0: 0.01818181818181818, 3.0: 0.01818181818181818, 12.0: 0.01818181818181818}"
SI,93.43915960268345,2149.735774472069,-0.5323074522856103,0.6155660720786312,-0.07128815851058297,2.3820604295595196,"{13.0: 0.12429143481200271, 14.0: 0.11971501378126788, 11.0: 0.11337043007956732, 5.0: 0.09074834884809402, 4.0: 0.07889125799573561, 12.0: 0.0729627125695564, 8.0: 0.07259867907847523, 6.0: 0.06828228196994124, 7.0: 0.06484996619689011, 9.0: 0.060637578657236464, 2.0: 0.04982058349368142, 1.0: 0.04675230121171148, 3.0: 0.03707941130584014}"
SL,85.71391815342263,2428.779024829266,0.2012684631266875,0.12474508973476627,0.23037905659378474,1.8845905024088092,"{14.0: 0.3125099264121976, 13.0: 0.14431679813648154, 9.0: 0.07655249086770077, 8.0: 0.07480544232092752, 5.0: 0.06347609719942823, 6.0: 0.06029964529620414, 7.0: 0.049182063634919795, 11.0: 0.04870559584943618, 4.0: 0.04621737519191064, 12.0: 0.045264439620943404, 2.0: 0.031552755572026046, 3.0: 0.02530573349568532, 1.0: 0.02181163640213881}"
ST,81.87756816507002,2587.8738393515105,0.6941768607221812,0.10433603537214443,0.351933677229182,2.0137582903463525,"{14.0: 0.33824613117170227, 13.0: 0.11156963890935888, 9.0: 0.07531319086219602, 5.0: 0.07295504789977893, 6.0: 0.06617538688282977, 8.0: 0.05910095799557848, 11.0: 0.057921886514369934, 12.0: 0.05718496683861459, 4.0: 0.04392041267501842, 7.0: 0.0397936624907885, 2.0: 0.02918201915991157, 3.0: 0.02520265291083272, 1.0: 0.023434045689019897}"
SV,81.31107325383304,2451.802385008518,0.4907836456558773,-0.41572402044293016,0.32603066439523,1.8642930153321975,"{14.0: 0.34071550255536626, 13.0: 0.12947189097103917, 9.0: 0.08347529812606473, 8.0: 0.06984667802385008, 6.0: 0.06643952299829642, 7.0: 0.056218057921635436, 12.0: 0.054514480408858604, 5.0: 0.05110732538330494, 4.0: 0.04770017035775128, 11.0: 0.03236797274275979, 2.0: 0.030664395229982964, 1.0: 0.020442930153321975, 3.0: 0.017035775127768313}"
CH,84.86339011663597,1736.2074829931973,-0.28203192142418665,0.5467994168201351,-0.030892418661755676,1.883388581952118,"{14: 0.24040822590546349, 13: 0.2254450583179865, 11: 0.07934315531000614, 8: 0.07911295273173727, 7: 0.06982811540822591, 9: 0.06015960712093309, 12: 0.05831798649478207, 5: 0.04957028852056476, 4: 0.04941682013505218, 6: 0.041282995702885204, 1: 0.0187231430325353, 3: 0.014732965009208104, 2: 0.013658686310620012}"
CS,69.65,2268.25,0.8025,-0.9949999999999999,-0.5895,1.9335,"{13: 0.25, 11: 0.25, 8: 0.15, 14: 0.15, 9: 0.1, 4: 0.05, 7: 0.05}"
CU,78.50030546441904,2511.2555441828727,0.34242674510691257,-0.7770743296753027,0.0446023305803824,1.8582758230569068,"{14: 0.25806086661387034, 13: 0.17060753478900328, 8: 0.08304106799411698, 11: 0.08009955877361692, 5: 0.06573141758117435, 9: 0.06064034393030886, 7: 0.05520986536938568, 4: 0.05373911075913565, 12: 0.049439981898404796, 6: 0.042878153637289286, 2: 0.03032017196515443, 1: 0.029528227175019798, 3: 0.02070369951351963}"
EP,45.04705882352941,1124.6,-0.05647058823529411,1.0441176470588236,0.41705882352941176,2.8517647058823528,"{12: 0.23529411764705882, 11: 0.17647058823529413, 14: 0.17647058823529413, 1: 0.11764705882352941, 8: 0.058823529411764705, 13: 0.058823529411764705, 9: 0.058823529411764705, 5: 0.058823529411764705, 6: 0.058823529411764705}"
FA,76.0896,1891.776,-0.5952000000000001,1.2473599999999998,0.0352,2.7262399999999998,"{11: 0.2, 14: 0.168, 12: 0.128, 5: 0.072, 1: 0.064, 6: 0.064, 3: 0.056, 4: 0.048, 13: 0.048, 2: 0.04, 9: 0.04, 8: 0.04, 7: 0.032}"
FC,88.74534723094311,2356.298364779874,0.12318347356523923,0.6380585206580434,0.17783875423835238,2.325171417807359,"{14: 0.20545020720833856, 13: 0.10975762903428356, 12: 0.10599020469672234, 11: 0.08752982544267236, 6: 0.07723219892000502, 5: 0.0700740926786387, 9: 0.06366947130478463, 2: 0.05299510234836117, 4: 0.052367198292100965, 3: 0.0512369709908326, 8: 0.04759512746452342, 7: 0.039055632299384656, 1: 0.037046339319352}"
FF,93.78721967035936,2259.1229831746186,-0.21120950111763404,1.309743066984353,0.0012598560585591115,2.746594286556459,"{11: 0.1647220652894795, 12: 0.13389501608901772, 14: 0.09198987988504335, 5: 0.0857507798874997, 2: 0.07906953894524821, 6: 0.06976001572056692, 13: 0.06863009997298028, 4: 0.06334897202230355, 1: 0.06231730981798531, 3: 0.05841173147306625, 8: 0.046866940139028763, 9: 0.04006288226769178, 7: 0.03517476849008867}"
FS,85.70307342060329,1356.0616790405484,-0.788252703471827,0.30660785429709736,-0.2751280591918042,1.7591121229368243,"{13: 0.27660785429709733, 14: 0.23904382470119523, 11: 0.12350597609561753, 7: 0.07455890722822994, 8: 0.06545247581104155, 4: 0.06488332384746727, 9: 0.040978941377347755, 5: 0.040409789413773475, 1: 0.025611838360842343, 2: 0.01935116676152533, 6: 0.016505406943653957, 12: 0.00910643141718839, 3: 0.00398406374501992}"
KC,80.8066765578635,2479.337812616648,0.49438056379821954,-0.9108531157270029,0.05416913946587537,1.8720066765578636,"{14: 0.28078635014836795, 13: 0.14985163204747776, 11: 0.09310089020771513, 8: 0.081973293768546, 5: 0.06824925816023739, 9: 0.056750741839762614, 4: 0.05118694362017804, 7: 0.046364985163204746, 12: 0.04080118694362018, 6: 0.03968842729970327, 1: 0.039317507418397624, 2: 0.03412462908011869, 3: 0.017804154302670624}"
KN,77.89666666666668,447.3833333333333,-0.232,0.2828333333333333,-0.42783333333333334,2.459166666666667,"{11: 0.2, 13: 0.15, 5: 0.13333333333333333, 6: 0.1, 7: 0.08333333333333333, 14: 0.06666666666666667, 8: 0.05, 2: 0.05, 4: 0.05, 1: 0.05, 12: 0.03333333333333333, 9: 0.03333333333333333}"
PO,89.75555555555555,2208.5555555555557,-0.6588888888888889,1.4666666666666666,-1.8766666666666667,4.287777777777778,"{11: 0.7777777777777778, 13: 0.1111111111111111, 12: 0.1111111111111111}"
SI,93.09583424209379,2108.11100110011,-0.4842649945474373,0.7383015267175573,-0.08295038167938931,2.3285479825517994,"{13: 0.13320610687022902, 14: 0.1316793893129771, 11: 0.11962922573609597, 5: 0.08767720828789531, 8: 0.07731733914940021, 4: 0.07649945474372956, 12: 0.07290076335877863, 7: 0.0663576881134133, 6: 0.06499454743729553, 9: 0.05659760087241003, 1: 0.04133042529989095, 2: 0.038931297709923665, 3: 0.03287895310796074}"
SL,84.93643871982695,2402.9208316870804,0.22436753355292266,0.12876013961948773,0.18780050145027286,1.9023951624797208,"{14: 0.29777297084705767, 13: 0.14974681677400326, 9: 0.07497173196991298, 8: 0.0706454943218131, 5: 0.06921980236959835, 11: 0.05874834078953837, 6: 0.05747013421169067, 4: 0.047588614129098865, 7: 0.047588614129098865, 12: 0.044540583058846665, 2: 0.03229929698638218, 1: 0.026498205594611867, 3: 0.02290939481834718}"
ST,81.47991987981973,2530.0808638874937,0.4564697045568353,0.03083124687030546,0.1871607411116675,1.9608662994491737,"{14: 0.2909364046069104, 13: 0.15773660490736105, 9: 0.07911867801702553, 11: 0.0701051577366049, 8: 0.06259389083625438, 5: 0.061091637456184275, 6: 0.05658487731597396, 12: 0.05508262393590386, 7: 0.04606910365548322, 4: 0.04356534802203305, 2: 0.02704056084126189, 3: 0.026539809714571858, 1: 0.023535302954431646}"
SV,82.17322580645161,2636.5,-0.08764516129032258,-0.11287096774193549,0.004903225806451617,1.824322580645161,"{14: 0.23548387096774193, 13: 0.1967741935483871, 9: 0.06774193548387097, 8: 0.06774193548387097, 7: 0.06451612903225806, 4: 0.06451612903225806, 5: 0.06129032258064516, 6: 0.054838709677419356, 2: 0.05161290322580645, 11: 0.04838709677419355, 1: 0.03870967741935484, 12: 0.03225806451612903, 3: 0.016129032258064516}"
CH,84.70043132611637,1720.0663675611615,-0.2832315629228687,0.5672082205683356,-0.016500338294993235,1.8427317320703653,"{14.0: 0.2540595399188092, 13.0: 0.23088633288227334, 8.0: 0.07992219215155616, 11.0: 0.07865358592692828, 7.0: 0.065882949932341, 9.0: 0.06486806495263871, 12.0: 0.053958051420838975, 4.0: 0.046261840324763194, 5.0: 0.04355548037889039, 6.0: 0.04008795669824087, 1.0: 0.016661028416779432, 2.0: 0.01277063599458728, 3.0: 0.01243234100135318}"
CS,68.98709677419355,2264.7419354838707,0.895483870967742,-1.028709677419355,0.2170967741935484,1.4719354838709677,"{14.0: 0.45161290322580644, 13.0: 0.1935483870967742, 9.0: 0.12903225806451613, 11.0: 0.06451612903225806, 8.0: 0.06451612903225806, 6.0: 0.03225806451612903, 4.0: 0.03225806451612903, 12.0: 0.03225806451612903}"
CU,78.29513696908771,2495.002266146292,0.319909525006283,-0.7800867052023122,0.0877607439055039,1.8328914300075396,"{14.0: 0.2823573762251822, 13.0: 0.1582055792912792, 11.0: 0.07866298064840412, 8.0: 0.07778336265393315, 5.0: 0.06622266901231465, 9.0: 0.06257853732093491, 7.0: 0.0542849962302086, 4.0: 0.050012565971349586, 12.0: 0.04875596883639105, 6.0: 0.044860517718019605, 2.0: 0.03040965066599648, 1.0: 0.026388539834129178, 3.0: 0.01947725559185725}"
FA,65.52808219178083,1629.606896551724,0.1291095890410959,1.2976027397260272,-0.1652054794520548,2.976301369863014,"{11.0: 0.2671232876712329, 12.0: 0.13013698630136986, 2.0: 0.10273972602739725, 1.0: 0.0958904109589041, 4.0: 0.0821917808219178, 13.0: 0.0684931506849315, 3.0: 0.06164383561643835, 6.0: 0.0547945205479452, 14.0: 0.04794520547945205, 7.0: 0.0410958904109589, 9.0: 0.02054794520547945, 8.0: 0.0136986301369863, 5.0: 0.0136986301369863}"
FC,88.6838591916558,2314.6431649040346,0.0989986962190352,0.6559608865710561,0.1468200782268579,2.354439374185137,"{14.0: 0.1956975228161669, 13.0: 0.10625814863102999, 12.0: 0.09960886571056063, 11.0: 0.0938722294654498, 6.0: 0.08057366362451109, 5.0: 0.07066492829204693, 9.0: 0.061408083441981745, 2.0: 0.05984354628422425, 4.0: 0.05749674054758801, 8.0: 0.05123859191655802, 3.0: 0.04419817470664928, 7.0: 0.04028683181225554, 1.0: 0.03885267275097783}"
FF,93.718334086619,2239.7706458655025,-0.23162975566958235,1.312213064631909,0.006004041155983303,2.7366857203626407,"{11.0: 0.15912051684258102, 12.0: 0.13580411028101985, 14.0: 0.09156408688485364, 5.0: 0.08507696806955042, 2.0: 0.07845691649163852, 6.0: 0.07130513386329194, 13.0: 0.0703480179725095, 4.0: 0.06760960306277085, 3.0: 0.05950070454364183, 1.0: 0.058968973493207136, 8.0: 0.04543641825964427, 9.0: 0.04110281019860155, 7.0: 0.03570574003668944}"
FS,85.3813810741688,1290.7876923076924,-0.7725728900255755,0.2956675191815857,-0.16658823529411765,1.6512429667519182,"{14.0: 0.2777493606138107, 13.0: 0.2751918158567775, 11.0: 0.09718670076726342, 7.0: 0.0741687979539642, 8.0: 0.06854219948849105, 5.0: 0.04603580562659847, 4.0: 0.04552429667519182, 9.0: 0.04143222506393862, 1.0: 0.029667519181585677, 6.0: 0.015345268542199489, 2.0: 0.014833759590792838, 12.0: 0.011764705882352941, 3.0: 0.0025575447570332483}"
KC,81.15549108992955,2443.77248238707,0.38820140903439704,-0.827326978864484,0.04186489846663904,1.7765727310401989,"{14.0: 0.2743472855366763, 13.0: 0.17861583091587235, 8.0: 0.08288437629506838, 11.0: 0.07542478242851222, 9.0: 0.06755076668048073, 5.0: 0.06589307915457936, 7.0: 0.0563613758806465, 4.0: 0.048901782014090345, 6.0: 0.04185661002900953, 1.0: 0.03232490675507667, 12.0: 0.0306672192291753, 2.0: 0.029423953584749276, 3.0: 0.015748031496062992}"
PO,90.175,2139.25,-1.0125,0.845,-0.024999999999999967,3.7199999999999998,"{11.0: 0.5, 12.0: 0.5}"
SI,93.09535724533717,2093.5279009501874,-0.44739626972740315,0.7350088952654232,-0.06493084648493544,2.315081779053085,"{14.0: 0.13962697274031563, 13.0: 0.13847919655667146, 11.0: 0.11385939741750359, 5.0: 0.08263988522238164, 4.0: 0.07971305595408895, 12.0: 0.07781922525107604, 8.0: 0.07351506456241033, 6.0: 0.06398852223816356, 7.0: 0.05928263988522238, 9.0: 0.05830703012912482, 1.0: 0.04011477761836442, 2.0: 0.0387948350071736, 3.0: 0.03385939741750359}"
SL,84.79441736122033,2384.395710681245,0.24613933008334646,0.14729622057975572,0.23721916443885308,1.882633013576558,"{14.0: 0.3159301777008964, 13.0: 0.14525344655868322, 9.0: 0.07611259632017613, 8.0: 0.06903601195156471, 5.0: 0.0667295696388321, 6.0: 0.06279813387849242, 11.0: 0.05152801803218535, 7.0: 0.04665303768936416, 12.0: 0.04570949310688263, 4.0: 0.04382240394191959, 2.0: 0.03229019237825654, 3.0: 0.022854746553441316, 1.0: 0.021282172249305446}"
ST,81.93314947600662,2531.301824212272,0.5506343077771649,0.005234418091560947,0.21494760066188637,1.9464202978488694,"{14.0: 0.3028130170987314, 13.0: 0.14009928295642582, 9.0: 0.07611693325979041, 5.0: 0.07115278543849972, 8.0: 0.06177606177606178, 11.0: 0.057363485934914506, 6.0: 0.0568119139547711, 7.0: 0.049089906232763374, 12.0: 0.04798676227247656, 4.0: 0.043574186431329286, 1.0: 0.03309431880860452, 2.0: 0.03254274682846112, 3.0: 0.027578599007170437}"
SV,82.25860349127181,2576.349127182045,0.03683291770573566,-0.17987531172069823,0.12533665835411473,1.7495012468827928,"{14.0: 0.26433915211970077, 13.0: 0.19950124688279303, 9.0: 0.08478802992518704, 7.0: 0.0798004987531172, 6.0: 0.06733167082294264, 8.0: 0.059850374064837904, 4.0: 0.05486284289276808, 11.0: 0.04488778054862843, 12.0: 0.04488778054862843, 5.0: 0.04239401496259352, 2.0: 0.02743142144638404, 1.0: 0.014962593516209476, 3.0: 0.014962593516209476}"
CH,85.51193158790629,1799.4356249489088,-0.48038907351868365,0.47828807651779204,-0.10645132528167302,1.8181818918699846,"{13: 0.25176298938153524, 14: 0.2277701223960444, 8: 0.08194860987274054, 11: 0.079679014347086, 7: 0.07562616519413147, 9: 0.0607927372943179, 4: 0.05082272837804977, 5: 0.04912053173380887, 12: 0.042554916106022536, 6: 0.03574612952905893, 1: 0.01807570722217719, 3: 0.013131231255572667, 2: 0.012969117289454487}"
CS,62.95454545454545,2250.909090909091,-0.5654545454545454,-0.94,0.5363636363636364,2.0,"{12: 0.36363636363636365, 14: 0.36363636363636365, 13: 0.09090909090909091, 11: 0.09090909090909091, 7: 0.09090909090909091}"
CU,79.11965136694256,2547.0729640870004,0.33615374968648104,-0.7937735139202408,0.0654627539503386,1.8480812641083522,"{14: 0.27251065964384247, 13: 0.17306245297215953, 8: 0.07436669174818158, 11: 0.07373965387509406, 5: 0.06772009029345373, 9: 0.06383245548031101, 4: 0.052294958615500375, 7: 0.052294958615500375, 6: 0.0472786556308001, 12: 0.04451968898921495, 1: 0.03072485578128919, 2: 0.02758966641585152, 3: 0.020065211938801102}"
EP,48.48048780487805,1213.4878048780488,0.05097560975609757,1.328780487804878,0.3931707317073171,2.8534146341463416,"{11: 0.21951219512195122, 12: 0.1951219512195122, 14: 0.14634146341463414, 6: 0.12195121951219512, 1: 0.07317073170731707, 2: 0.07317073170731707, 8: 0.04878048780487805, 9: 0.04878048780487805, 4: 0.024390243902439025, 13: 0.024390243902439025, 3: 0.024390243902439025}"
FA,71.39651162790697,1624.110465116279,-0.42674418604651165,1.1963372093023257,0.03465116279069769,2.5436046511627906,"{14: 0.1511627906976744, 11: 0.14534883720930233, 12: 0.12209302325581395, 13: 0.0872093023255814, 9: 0.08139534883720931, 2: 0.06395348837209303, 8: 0.06395348837209303, 4: 0.05813953488372093, 6: 0.05813953488372093, 3: 0.046511627906976744, 1: 0.046511627906976744, 5: 0.040697674418604654, 7: 0.03488372093023256}"
FC,89.21124127055643,2407.81591245868,0.15028159495381843,0.6366670421266051,0.21159270105879702,2.379424419914395,"{14: 0.2025230907862131, 12: 0.10520387474656454, 11: 0.09011038522189682, 6: 0.08898400540662312, 13: 0.08222572651498085, 5: 0.07343996395584591, 9: 0.06409101148907412, 2: 0.0602613201171435, 8: 0.05260193737328227, 3: 0.05237666141022753, 4: 0.04989862581662537, 1: 0.04032439738679883, 7: 0.037958999774724035}"
FF,94.31790328235833,2285.9008746355685,-0.2895948971060226,1.3054748226663428,-0.006308762844890363,2.803584702106427,"{11: 0.17609299565768535, 12: 0.14475281171615825, 2: 0.08568654421878792, 5: 0.08525500984437792, 14: 0.07894381961863149, 1: 0.06642932276074116, 6: 0.06588990479272865, 4: 0.06313887315586482, 3: 0.06017207433179599, 13: 0.057070421015724036, 8: 0.04363891361221242, 9: 0.039458424360115436, 7: 0.033470884915176524}"
FO,82.56896551724138,1036.6727272727273,-0.6122988505747127,0.05396551724137932,0.1520689655172414,1.2575287356321838,"{14: 0.4367816091954023, 13: 0.1839080459770115, 11: 0.08620689655172414, 8: 0.05747126436781609, 7: 0.05172413793103448, 9: 0.04597701149425287, 4: 0.040229885057471264, 5: 0.034482758620689655, 2: 0.022988505747126436, 6: 0.017241379310344827, 12: 0.011494252873563218, 1: 0.011494252873563218}"
FS,86.64256781193491,1373.1833758658404,-0.8805931283905968,0.29468354430379745,-0.2330524412296564,1.7316528028933094,"{13: 0.26256781193490053, 14: 0.24267631103074142, 11: 0.10669077757685352, 7: 0.08499095840867993, 8: 0.08390596745027125, 4: 0.06148282097649186, 5: 0.05027124773960217, 9: 0.04267631103074141, 1: 0.02061482820976492, 6: 0.015189873417721518, 2: 0.013019891500904159, 12: 0.011211573236889693, 3: 0.004701627486437613}"
KC,81.78131004366813,2420.5659965034965,0.47202620087336244,-0.734174672489083,0.14699126637554585,1.7644628820960697,"{14: 0.3078602620087336, 13: 0.15109170305676856, 8: 0.09388646288209607, 5: 0.07205240174672489, 9: 0.06550218340611354, 11: 0.05720524017467249, 7: 0.049344978165938864, 12: 0.04410480349344978, 4: 0.043668122270742356, 2: 0.03580786026200873, 6: 0.03449781659388646, 1: 0.026200873362445413, 3: 0.018777292576419215}"
KN,72.15555555555555,363.1666666666667,-0.6111111111111112,-0.13277777777777777,-0.5455555555555556,2.2255555555555557,"{13: 0.2777777777777778, 11: 0.2222222222222222, 14: 0.16666666666666666, 9: 0.1111111111111111, 6: 0.05555555555555555, 1: 0.05555555555555555, 7: 0.05555555555555555, 4: 0.05555555555555555}"
PO,90.08333333333333,2204.5,-0.6133333333333334,1.1133333333333333,-0.2683333333333335,4.0633333333333335,"{11: 0.5, 12: 0.5}"
SC,79.89375,2152.875,-0.776875,-0.53,-0.155625,1.78375,"{14: 0.3125, 7: 0.25, 8: 0.1875, 13: 0.125, 5: 0.0625, 12: 0.0625}"
SI,93.39878639393767,2151.4811189621223,-0.6652618084439633,0.6459062161700188,-0.11438151672269387,2.342238618882115,"{13: 0.13224317702695004, 11: 0.1275710785710216, 14: 0.12694433365620192, 5: 0.08597800695117087, 4: 0.08210358384137656, 8: 0.07310124779214859, 7: 0.06347216682810096, 6: 0.06295937553415759, 12: 0.06273146829240499, 9: 0.05731867130078058, 1: 0.04837331206199077, 2: 0.047518659905418495, 3: 0.02968491823827702}"
SL,85.3882525104708,2414.156469510333,0.23721804511278194,0.1355124388151587,0.2394181763132664,1.8845011858505325,"{14: 0.31816117474895295, 13: 0.13523742241509815, 9: 0.07377504163092294, 8: 0.07311903920876016, 5: 0.07054549124489075, 6: 0.06009991421506787, 11: 0.04879648786395519, 12: 0.04672755714790332, 7: 0.045516475753141244, 4: 0.04405308573447041, 2: 0.0340616642276833, 3: 0.025937326537821062, 1: 0.023969319271332695}"
ST,81.86949887289752,2551.1939533239038,0.6216750476851048,0.10802150164730363,0.23924917634818796,1.9745378879833535,"{14: 0.30951968094329807, 13: 0.14322871510317323, 9: 0.06797294954048899, 8: 0.06641234610716143, 11: 0.06519854343679556, 5: 0.06485174267383388, 6: 0.0556615224553494, 12: 0.05427431940350269, 4: 0.04751170452574996, 7: 0.04161609155540142, 2: 0.03346627362580198, 3: 0.029304664470261834, 1: 0.02098144615918155}"
SV,83.14145454545455,2493.156862745098,1.2519636363636364,-0.22843636363636363,0.41058181818181816,1.6840363636363638,"{14: 0.4581818181818182, 9: 0.09818181818181818, 13: 0.08727272727272728, 8: 0.08727272727272728, 5: 0.05818181818181818, 4: 0.05818181818181818, 11: 0.04727272727272727, 6: 0.03636363636363636, 7: 0.02181818181818182, 2: 0.01818181818181818, 1: 0.01818181818181818, 12: 0.01090909090909091}"
CH,85.37411376751855,1802.831674041298,-0.3884730237244664,0.454589172849684,-0.09148484015755244,1.8495236786663003,"{13.0: 0.24942749839699552, 14.0: 0.22680223504625813, 8.0: 0.08143262801135843, 11.0: 0.07566181185307319, 7.0: 0.07254740313272877, 9.0: 0.06082257030319685, 4.0: 0.05395255106714299, 12.0: 0.048639736191261336, 5.0: 0.04589172849683979, 6.0: 0.03773930567005588, 1.0: 0.019052853347989375, 2.0: 0.014472840523953466, 3.0: 0.013556837959146285}"
CS,62.84285714285714,2196.6666666666665,-0.30428571428571427,-0.8328571428571429,0.027142857142857153,2.0914285714285716,"{7.0: 0.2857142857142857, 12.0: 0.14285714285714285, 11.0: 0.14285714285714285, 13.0: 0.14285714285714285, 8.0: 0.14285714285714285, 14.0: 0.14285714285714285}"
CU,79.22993171471927,2568.7852604828463,0.35544764795144157,-0.8139845725847243,0.06209408194233688,1.8147104198280222,"{14.0: 0.2870510875063227, 13.0: 0.17109256449165403, 8.0: 0.07966616084977238, 11.0: 0.07852807283763277, 5.0: 0.06487101669195751, 9.0: 0.06310065756196256, 4.0: 0.05361659079413252, 7.0: 0.05323722812341932, 12.0: 0.04021244309559939, 6.0: 0.038189175518462314, 2.0: 0.027567020738492664, 1.0: 0.02693474962063733, 3.0: 0.015933232169954476}"
EP,48.96666666666667,1190.1612903225807,-0.002698412698412699,1.5153968253968253,-0.4461904761904762,3.5233333333333334,"{11.0: 0.4126984126984127, 12.0: 0.12698412698412698, 13.0: 0.09523809523809523, 2.0: 0.07936507936507936, 14.0: 0.07936507936507936, 1.0: 0.06349206349206349, 4.0: 0.031746031746031744, 5.0: 0.031746031746031744, 6.0: 0.031746031746031744, 8.0: 0.015873015873015872, 7.0: 0.015873015873015872, 3.0: 0.015873015873015872}"
FA,71.29090909090908,1708.8169934640523,-0.27564935064935064,1.3299999999999998,-0.0025324675324675332,2.9710389610389614,"{11.0: 0.22727272727272727, 12.0: 0.18831168831168832, 1.0: 0.11038961038961038, 14.0: 0.09740259740259741, 2.0: 0.06493506493506493, 4.0: 0.05844155844155844, 5.0: 0.05194805194805195, 6.0: 0.045454545454545456, 3.0: 0.045454545454545456, 7.0: 0.032467532467532464, 8.0: 0.025974025974025976, 13.0: 0.025974025974025976, 9.0: 0.025974025974025976}"
FC,89.51549425287357,2394.7322952710497,0.1468528735632184,0.6029747126436782,0.1927816091954023,2.3597241379310345,"{14.0: 0.212183908045977, 12.0: 0.09655172413793103, 11.0: 0.09482758620689655, 13.0: 0.08448275862068966, 6.0: 0.07931034482758621, 5.0: 0.07413793103448275, 9.0: 0.06540229885057472, 2.0: 0.06126436781609195, 4.0: 0.05528735632183908, 8.0: 0.052183908045977015, 3.0: 0.05057471264367816, 1.0: 0.04045977011494253, 7.0: 0.03333333333333333}"
FF,94.32453042175617,2281.160431675491,-0.27569543673657526,1.274516881769993,-0.0038021433510025356,2.8202442959207192,"{11.0: 0.17812283936390874, 12.0: 0.13937543212721826, 5.0: 0.08726088960589998, 2.0: 0.08668471998156257, 14.0: 0.07824383498501959, 6.0: 0.07003341783821157, 1.0: 0.06542406084351234, 4.0: 0.06476146577552432, 3.0: 0.06228393639087347, 13.0: 0.056493431666282554, 8.0: 0.043961742336944, 9.0: 0.038027195206268724, 7.0: 0.02932703387877391}"
FO,82.98958333333333,1106.5578947368422,-0.6434375,0.23989583333333334,-0.01791666666666666,1.1915625,"{14.0: 0.46875, 13.0: 0.22916666666666666, 8.0: 0.08333333333333333, 4.0: 0.07291666666666667, 7.0: 0.052083333333333336, 11.0: 0.041666666666666664, 1.0: 0.03125, 2.0: 0.010416666666666666, 9.0: 0.010416666666666666}"
FS,86.64392332789559,1330.4218494271686,-0.8409665579119088,0.2742699836867863,-0.27577487765089725,1.7345228384991844,"{13.0: 0.2875203915171289, 14.0: 0.24469820554649266, 11.0: 0.11296900489396411, 7.0: 0.0766721044045677, 8.0: 0.07300163132137032, 4.0: 0.0599510603588907, 5.0: 0.04567699836867863, 9.0: 0.03874388254486134, 1.0: 0.0199836867862969, 6.0: 0.015089722675367047, 2.0: 0.01264274061990212, 12.0: 0.008156606851549755, 3.0: 0.004893964110929853}"
KC,81.6630895091434,2452.570391872279,0.4554956689124158,-0.788046198267565,0.11317613089509143,1.7671414821944176,"{14.0: 0.3055822906641001, 13.0: 0.15351299326275264, 8.0: 0.09432146294513956, 11.0: 0.06641000962463908, 5.0: 0.06352261790182868, 7.0: 0.061597690086621755, 9.0: 0.05678537054860443, 4.0: 0.04716073147256978, 6.0: 0.04138594802694899, 12.0: 0.03897978825794033, 2.0: 0.02791145332050048, 1.0: 0.02406159769008662, 3.0: 0.018768046198267566}"
PO,90.10000000000001,2241.6666666666665,-0.7433333333333333,1.195,0.4633333333333333,3.715,"{11.0: 0.5, 12.0: 0.5}"
SC,80.62727272727273,2095.6363636363635,-0.6090909090909091,-0.3718181818181818,-0.9336363636363636,2.3145454545454545,"{13.0: 0.36363636363636365, 11.0: 0.18181818181818182, 1.0: 0.09090909090909091, 7.0: 0.09090909090909091, 4.0: 0.09090909090909091, 9.0: 0.09090909090909091, 5.0: 0.09090909090909091}"
SI,93.34103148684454,2140.0831675783193,-0.5059510752356892,0.616986259165691,-0.10030500955080411,2.346763201676012,"{13.0: 0.13173947871094954, 14.0: 0.12409883541807874, 11.0: 0.11997042331628566, 5.0: 0.0873128350483702, 4.0: 0.08417031240372173, 8.0: 0.07542054347156325, 12.0: 0.06691724690369093, 6.0: 0.06328177953047015, 7.0: 0.062357508164397064, 9.0: 0.05551790005545628, 2.0: 0.04972579949473165, 1.0: 0.047445930125084725, 3.0: 0.032041407357200076}"
SL,85.51089903181189,2411.2258604339822,0.2535861687413554,0.11404315352697095,0.22190373443983402,1.8729150760719226,"{14.0: 0.3188934993084371, 13.0: 0.1387551867219917, 9.0: 0.07745504840940526, 8.0: 0.07491009681881051, 5.0: 0.06556016597510374, 6.0: 0.05687413554633472, 11.0: 0.05167358229598894, 4.0: 0.046804979253112035, 7.0: 0.04603042876901798, 12.0: 0.04365145228215768, 2.0: 0.029100968188105116, 1.0: 0.026058091286307053, 3.0: 0.024232365145228217}"
ST,81.90576096302665,2551.398096885813,0.5771625107480653,0.11296474634565778,0.2582992261392949,1.9892467755803953,"{14.0: 0.3129836629406707, 13.0: 0.12226999140154772, 5.0: 0.07394668959587274, 8.0: 0.0708512467755804, 9.0: 0.06620808254514188, 11.0: 0.0643164230438521, 12.0: 0.05588993981083405, 6.0: 0.05468615649183147, 4.0: 0.0527944969905417, 7.0: 0.04282029234737747, 2.0: 0.03404987102321582, 3.0: 0.026827171109200344, 1.0: 0.02235597592433362}"
SV,82.10994764397905,2630.0761154855645,0.23570680628272253,-0.17630890052356019,0.03515706806282722,1.8935078534031415,"{14.0: 0.2670157068062827, 13.0: 0.14659685863874344, 7.0: 0.09162303664921466, 5.0: 0.08115183246073299, 4.0: 0.08115183246073299, 8.0: 0.07591623036649214, 9.0: 0.07068062827225131, 11.0: 0.05235602094240838, 6.0: 0.03926701570680628, 2.0: 0.03664921465968586, 1.0: 0.02356020942408377, 12.0: 0.01832460732984293, 3.0: 0.015706806282722512}"
CH,85.59855660802887,1791.9837502834253,-0.4533852052322959,0.49249586528341605,-0.09124342204179822,1.8580920162381598,"{13.0: 0.24688016839572996, 14.0: 0.23056683205533002, 8.0: 0.08149150503683657, 11.0: 0.0790858517516163, 7.0: 0.07081641858367163, 9.0: 0.058261915501428355, 4.0: 0.05307472560517215, 12.0: 0.04954142234250489, 5.0: 0.04721094572244775, 6.0: 0.034355735979551945, 1.0: 0.018718989625620207, 2.0: 0.015937453014584272, 3.0: 0.014058036385505939}"
CS,61.96666666666667,2227.8333333333335,-0.00916666666666671,-0.9191666666666666,-0.036666666666666674,2.5575,"{13.0: 0.3333333333333333, 12.0: 0.16666666666666666, 2.0: 0.08333333333333333, 4.0: 0.08333333333333333, 11.0: 0.08333333333333333, 7.0: 0.08333333333333333, 5.0: 0.08333333333333333, 14.0: 0.08333333333333333}"
CU,79.34522718831249,2538.915866882712,0.37263464157484216,-0.7640138665346043,0.06451405224712146,1.8669431719697906,"{14.0: 0.26371177417357927, 13.0: 0.1697412405596137, 8.0: 0.08617060789897239, 11.0: 0.07787544880524948, 5.0: 0.07057075646898602, 9.0: 0.0619041723412158, 7.0: 0.05509471338368206, 4.0: 0.05237092980066856, 6.0: 0.044571004085675374, 12.0: 0.04184722050266188, 2.0: 0.02884734431100656, 1.0: 0.028228302587594404, 3.0: 0.019066485081094466}"
EP,47.86352201257862,1194.0377358490566,-0.03037735849056604,1.4337735849056603,-0.1270440251572327,3.423899371069182,"{11.0: 0.3522012578616352, 12.0: 0.1949685534591195, 1.0: 0.08176100628930817, 14.0: 0.06289308176100629, 6.0: 0.050314465408805034, 3.0: 0.050314465408805034, 13.0: 0.0440251572327044, 5.0: 0.03773584905660377, 4.0: 0.03773584905660377, 9.0: 0.03773584905660377, 2.0: 0.03773584905660377, 7.0: 0.006289308176100629, 8.0: 0.006289308176100629}"
FA,70.6491935483871,1720.6935483870968,-0.6483870967741936,1.3250000000000002,0.1616935483870968,2.6927419354838706,"{12.0: 0.16129032258064516, 14.0: 0.1532258064516129, 11.0: 0.1532258064516129, 5.0: 0.0967741935483871, 2.0: 0.08870967741935484, 6.0: 0.08870967741935484, 3.0: 0.07258064516129033, 1.0: 0.04838709677419355, 13.0: 0.04032258064516129, 7.0: 0.03225806451612903, 9.0: 0.024193548387096774, 4.0: 0.024193548387096774, 8.0: 0.016129032258064516}"
FC,89.24492869253017,2393.3005217740315,0.13201256607160666,0.6540660217412985,0.20272663807719157,2.3701655530068817,"{14.0: 0.2077391044180712, 12.0: 0.10561483993218311, 11.0: 0.09464445995811309, 13.0: 0.08267677271367309, 5.0: 0.07838835145108208, 6.0: 0.07489777600478707, 9.0: 0.06302981948738406, 2.0: 0.06173332003590306, 4.0: 0.052458362421462054, 8.0: 0.05176024733220305, 3.0: 0.05126159369701805, 1.0: 0.04238555899072504, 7.0: 0.03340979355739503}"
FF,94.15740911699393,2291.1543491331795,-0.295563262556451,1.331119039896205,-0.01788193318196562,2.807693555228424,"{11.0: 0.1839117742458644, 12.0: 0.13740362783502583, 5.0: 0.0888245714713441, 2.0: 0.08420868784151302, 14.0: 0.0777714014820729, 1.0: 0.06938795878140672, 6.0: 0.06759150677412111, 4.0: 0.06339978542378802, 3.0: 0.05953242346365927, 13.0: 0.05556525861423688, 8.0: 0.04323960178647172, 9.0: 0.0367773647047082, 7.0: 0.03238603757578782}"
FO,83.36,1048.076923076923,-0.6767586206896551,0.08351724137931034,-0.01303448275862069,1.2612413793103447,"{14.0: 0.36551724137931035, 13.0: 0.27586206896551724, 11.0: 0.08275862068965517, 8.0: 0.06896551724137931, 5.0: 0.04827586206896552, 9.0: 0.04827586206896552, 4.0: 0.041379310344827586, 7.0: 0.027586206896551724, 6.0: 0.020689655172413793, 1.0: 0.013793103448275862, 12.0: 0.006896551724137931}"
FS,86.81948003014318,1374.3701175578308,-0.9062207987942729,0.31090052750565184,-0.25981914091936703,1.7564958553127354,"{13.0: 0.273172569706104, 14.0: 0.23247927656367748, 11.0: 0.10625470987189148, 7.0: 0.08138658628485305, 8.0: 0.07309721175584025, 4.0: 0.06217030896759608, 5.0: 0.04747550866616428, 9.0: 0.042577241899020346, 1.0: 0.030519969856819894, 6.0: 0.019969856819894497, 2.0: 0.013941220798794273, 12.0: 0.010173323285606632, 3.0: 0.006782215523737754}"
KC,81.609375,2430.7195261750094,0.46484756097560975,-0.7867835365853658,0.12173018292682927,1.7122446646341465,"{14.0: 0.3018292682926829, 13.0: 0.16463414634146342, 8.0: 0.08689024390243902, 9.0: 0.07088414634146341, 11.0: 0.06592987804878049, 5.0: 0.06059451219512195, 7.0: 0.04916158536585366, 4.0: 0.04611280487804878, 6.0: 0.04496951219512195, 12.0: 0.041158536585365856, 2.0: 0.03163109756097561, 1.0: 0.020198170731707318, 3.0: 0.01600609756097561}"
KN,63.0,1342.0,-0.91,0.98,-0.77,2.36,{4.0: 1.0}
PO,90.8125,2224.75,-0.68875,1.32625,0.19624999999999992,3.72125,"{12.0: 0.625, 11.0: 0.375}"
SC,79.56666666666666,2053.133333333333,-0.7293333333333333,-0.42733333333333334,-0.5066666666666666,2.3526666666666665,"{11.0: 0.2, 4.0: 0.2, 14.0: 0.2, 13.0: 0.13333333333333333, 7.0: 0.13333333333333333, 9.0: 0.06666666666666667, 8.0: 0.06666666666666667}"
SI,93.31165227082754,2156.350525310411,-0.5959113959320145,0.6539297854555587,-0.1011864028977431,2.3695135135135135,"{11.0: 0.13000835887433826, 13.0: 0.12644190582334913, 14.0: 0.11925327389244915, 5.0: 0.08799108386737253, 4.0: 0.08030091947617721, 12.0: 0.0715519643354695, 8.0: 0.07027027027027027, 6.0: 0.06642518807467261, 7.0: 0.059403733630537754, 9.0: 0.0556143772638618, 1.0: 0.050989133463360266, 2.0: 0.04758985789913625, 3.0: 0.034159933129005296}"
SL,85.21115280177733,2397.6990860321876,0.23893211552703034,0.13528758331276228,0.2279155764008887,1.8635931868674402,"{14.0: 0.3146383608985436, 13.0: 0.1442606763762034, 9.0: 0.07622809182917797, 8.0: 0.0721303381881017, 5.0: 0.06926684769192792, 6.0: 0.05791162675882498, 7.0: 0.04714885213527524, 12.0: 0.046408294248333745, 11.0: 0.04630955319674154, 4.0: 0.04384102690693656, 2.0: 0.03273265860281412, 3.0: 0.024685262898049863, 1.0: 0.024438410269069365}"
ST,81.69108811748998,2562.9394909826397,0.6157877169559413,0.13559078771695596,0.3015804405874499,1.984202269692924,"{14.0: 0.3204272363150868, 13.0: 0.12066088117489987, 9.0: 0.07326435246995995, 5.0: 0.06792389853137516, 6.0: 0.06792389853137516, 8.0: 0.05824432576769025, 12.0: 0.057910547396528705, 11.0: 0.05507343124165554, 4.0: 0.049566088117489984, 7.0: 0.042222963951935914, 2.0: 0.03387850467289719, 1.0: 0.026869158878504672, 3.0: 0.0260347129506008}"
SV,82.49631578947368,2592.2815789473684,0.6492894736842105,-0.1898421052631579,0.14636842105263156,1.903578947368421,"{14.0: 0.33421052631578946, 13.0: 0.10526315789473684, 8.0: 0.08157894736842106, 11.0: 0.08157894736842106, 4.0: 0.08157894736842106, 9.0: 0.06315789473684211, 5.0: 0.05789473684210526, 7.0: 0.05526315789473684, 6.0: 0.042105263157894736, 1.0: 0.034210526315789476, 2.0: 0.02894736842105263, 12.0: 0.018421052631578946, 3.0: 0.015789473684210527}"
CH,87.87777777777778,1483.0,-0.9155555555555556,0.548888888888889,-0.9155555555555556,1.8311111111111111,"{13: 0.6666666666666666, 7: 0.2222222222222222, 11: 0.1111111111111111}"
CU,80.81111111111112,2094.1481481481483,0.807037037037037,-0.6340740740740741,0.14333333333333334,1.9292592592592592,"{14: 0.3333333333333333, 7: 0.14814814814814814, 13: 0.1111111111111111, 9: 0.1111111111111111, 1: 0.07407407407407407, 5: 0.07407407407407407, 8: 0.037037037037037035, 3: 0.037037037037037035, 11: 0.037037037037037035, 4: 0.037037037037037035}"
FC,90.79130434782608,2315.2608695652175,0.26652173913043475,0.731304347826087,0.6313043478260869,2.0782608695652174,"{14: 0.34782608695652173, 6: 0.17391304347826086, 9: 0.17391304347826086, 12: 0.08695652173913043, 3: 0.08695652173913043, 7: 0.043478260869565216, 5: 0.043478260869565216, 11: 0.043478260869565216}"
FF,95.03884297520662,2330.8595041322315,-0.5395041322314049,1.2968595041322313,-0.06355371900826447,2.5580165289256196,"{14: 0.1487603305785124, 4: 0.10743801652892562, 13: 0.10743801652892562, 11: 0.09917355371900827, 12: 0.09917355371900827, 3: 0.08264462809917356, 7: 0.0743801652892562, 5: 0.06611570247933884, 2: 0.05785123966942149, 8: 0.049586776859504134, 1: 0.04132231404958678, 6: 0.04132231404958678, 9: 0.024793388429752067}"
FS,87.70344827586207,1536.2413793103449,-1.0544827586206895,0.11241379310344829,-0.25517241379310346,1.3672413793103448,"{13: 0.3793103448275862, 14: 0.27586206896551724, 8: 0.1724137931034483, 7: 0.06896551724137931, 9: 0.034482758620689655, 11: 0.034482758620689655, 5: 0.034482758620689655}"
KC,82.516,2377.48,0.24960000000000002,-0.7004,0.09759999999999999,1.4864000000000002,"{14: 0.36, 13: 0.24, 4: 0.16, 9: 0.12, 8: 0.08, 6: 0.04}"
SI,96.5625,2325.75,-0.69625,0.935,-0.09125,2.59375,"{4: 0.25, 1: 0.125, 5: 0.125, 3: 0.125, 6: 0.125, 2: 0.125, 8: 0.125}"
SL,88.32727272727273,2433.8636363636365,0.34045454545454545,-0.005909090909090906,0.3054545454545454,1.564090909090909,"{14: 0.45454545454545453, 8: 0.13636363636363635, 13: 0.13636363636363635, 9: 0.09090909090909091, 11: 0.045454545454545456, 4: 0.045454545454545456, 7: 0.045454545454545456, 6: 0.045454545454545456}"
ST,85.26666666666667,2535.222222222222,0.6244444444444445,0.7533333333333334,-0.17888888888888888,1.6277777777777778,"{8: 0.3333333333333333, 14: 0.3333333333333333, 13: 0.2222222222222222, 7: 0.1111111111111111}"
CH,86.02319711538462,1858.1231971153845,-0.544296875,0.47652043269230765,-0.0948016826923077,1.783671875,"{13: 0.2698317307692308, 14: 0.24158653846153846, 8: 0.08473557692307693, 7: 0.07992788461538461, 11: 0.06911057692307693, 9: 0.05588942307692308, 5: 0.054086538461538464, 4: 0.039663461538461536, 12: 0.03665865384615385, 6: 0.03064903846153846, 1: 0.01622596153846154, 3: 0.010817307692307692, 2: 0.010817307692307692}"
CU,80.0493119266055,2524.8577981651374,0.32136085626911315,-0.853493883792049,0.11781345565749235,1.6715290519877677,"{14: 0.30963302752293576, 13: 0.20642201834862386, 8: 0.08256880733944955, 9: 0.07339449541284404, 11: 0.06039755351681957, 5: 0.05045871559633028, 6: 0.045871559633027525, 7: 0.04510703363914373, 12: 0.03669724770642202, 4: 0.03669724770642202, 2: 0.021406727828746176, 1: 0.017584097859327217, 3: 0.013761467889908258}"
EP,57.45,1531.5,-0.22500000000000003,1.1,0.17,1.24,"{14: 0.5, 8: 0.5}"
FA,73.0,2097.0,-0.7,1.34,0.17,2.2,{8: 1.0}
FC,90.49133611691023,2388.4582463465554,0.11056367432150313,0.6834237995824635,0.17521920668058455,2.296774530271399,"{14: 0.2150313152400835, 13: 0.1325678496868476, 12: 0.1022964509394572, 11: 0.08977035490605428, 6: 0.07933194154488518, 5: 0.07306889352818371, 9: 0.06471816283924843, 2: 0.0511482254697286, 8: 0.04801670146137787, 3: 0.04175365344467641, 7: 0.03653444676409186, 4: 0.03549060542797495, 1: 0.030271398747390398}"
FF,94.88334470989761,2339.0614439324117,-0.33020819112627986,1.3257696245733788,-0.01769112627986348,2.8138583617747437,"{11: 0.16911262798634813, 12: 0.12798634812286688, 2: 0.08651877133105802, 5: 0.08395904436860069, 14: 0.081740614334471, 6: 0.07116040955631399, 1: 0.06723549488054607, 4: 0.06518771331058021, 3: 0.06484641638225255, 13: 0.060238907849829354, 8: 0.04658703071672355, 9: 0.042150170648464165, 7: 0.033276450511945395}"
FS,87.56732673267327,1439.1881188118812,-1.0098267326732675,0.14727722772277227,-0.1504950495049505,1.5361138613861387,"{13: 0.30445544554455445, 14: 0.28217821782178215, 8: 0.09158415841584158, 7: 0.07673267326732673, 11: 0.05693069306930693, 4: 0.05693069306930693, 9: 0.05693069306930693, 5: 0.027227722772277228, 1: 0.01485148514851485, 2: 0.01485148514851485, 6: 0.009900990099009901, 12: 0.0049504950495049506, 3: 0.0024752475247524753}"
KC,81.93846153846154,2549.7745358090187,0.6635543766578249,-0.8597877984084881,0.21297082228116712,1.5973740053050398,"{14: 0.41379310344827586, 13: 0.15915119363395225, 8: 0.10079575596816977, 9: 0.07427055702917772, 5: 0.05305039787798409, 4: 0.05305039787798409, 11: 0.03713527851458886, 7: 0.03713527851458886, 6: 0.023872679045092837, 1: 0.015915119363395226, 2: 0.015915119363395226, 12: 0.010610079575596816, 3: 0.005305039787798408}"
KN,75.1,452.0,-0.47000000000000003,0.29,-0.03,2.7800000000000002,"{11: 0.5, 9: 0.5}"
PO,90.7,1990.0,-1.08,0.82,-3.21,3.75,{11: 1.0}
SI,93.8279295154185,2178.7515418502203,-0.31097797356828194,0.6396079295154186,-0.09912775330396477,2.287920704845815,"{13: 0.1436123348017621, 14: 0.1370044052863436, 11: 0.1066079295154185, 8: 0.07973568281938326, 7: 0.07753303964757709, 4: 0.07577092511013216, 5: 0.07577092511013216, 12: 0.06960352422907488, 9: 0.06255506607929516, 6: 0.06167400881057269, 2: 0.04317180616740088, 1: 0.03788546255506608, 3: 0.02907488986784141}"
SL,85.40985221674877,2462.3954321540527,0.30381997313031794,0.11121361397223466,0.30679802955665025,1.8046842812360053,"{14: 0.3663233318405732, 13: 0.1477832512315271, 9: 0.07836990595611286, 5: 0.06672637707120466, 8: 0.06090461262875056, 6: 0.05508284818629646, 12: 0.04478280340349306, 11: 0.041648007165248545, 7: 0.03716972682489924, 4: 0.03493058665472459, 2: 0.027317510076130765, 3: 0.02418271383788625, 1: 0.014778325123152709}"
ST,83.2635922330097,2660.873786407767,0.7929490291262136,0.07310679611650486,0.35684466019417477,1.8882645631067962,"{14: 0.3580097087378641, 13: 0.11286407766990292, 9: 0.08859223300970874, 8: 0.0691747572815534, 6: 0.06067961165048544, 5: 0.05825242718446602, 7: 0.05218446601941747, 4: 0.050970873786407765, 12: 0.044902912621359224, 11: 0.03762135922330097, 2: 0.02669902912621359, 3: 0.024271844660194174, 1: 0.015776699029126214}"
SV,83.26666666666667,2211.5333333333333,0.17666666666666664,-0.4475555555555556,0.2362222222222222,1.797111111111111,"{14: 0.3333333333333333, 13: 0.15555555555555556, 12: 0.08888888888888889, 7: 0.08888888888888889, 6: 0.08888888888888889, 9: 0.08888888888888889, 8: 0.06666666666666667, 5: 0.06666666666666667, 11: 0.022222222222222223}"
CH,85.387879739383,1786.4604441634394,-0.33799434806499723,0.5145694324515269,-0.06879739382997095,1.8063804066253237,"{13.0: 0.26077400109898735, 14.0: 0.23706727372635214, 8.0: 0.081482062956276, 7.0: 0.07316115864667556, 11.0: 0.0708846848261245, 9.0: 0.059109820237067276, 12.0: 0.04961142946856111, 4.0: 0.04678546196718738, 5.0: 0.044116492660334405, 6.0: 0.034696600989088625, 1.0: 0.01601381584111783, 2.0: 0.014522332993170578, 3.0: 0.011774864589057226}"
CS,63.0,2078.0,0.13666666666666663,-0.6266666666666666,-0.07833333333333332,2.2833333333333337,"{6.0: 0.3333333333333333, 5.0: 0.16666666666666666, 12.0: 0.16666666666666666, 11.0: 0.16666666666666666, 13.0: 0.16666666666666666}"
CU,78.9972920696325,2534.0880702610393,0.2746651353965184,-0.7624262572533849,0.0163394584139265,1.900071324951644,"{14.0: 0.2452852998065764, 13.0: 0.1848404255319149, 8.0: 0.07773210831721471, 11.0: 0.07470986460348163, 5.0: 0.06576402321083172, 9.0: 0.06274177949709865, 7.0: 0.05766441005802708, 4.0: 0.054883945841392646, 12.0: 0.04956479690522244, 6.0: 0.04799323017408124, 2.0: 0.032277562862669244, 1.0: 0.02756286266924565, 3.0: 0.018979690522243714}"
EP,55.27321428571429,1246.9642857142858,0.32053571428571426,1.5483928571428571,-0.4082142857142857,3.1180357142857145,"{11.0: 0.25, 12.0: 0.14285714285714285, 14.0: 0.10714285714285714, 6.0: 0.08928571428571429, 5.0: 0.07142857142857142, 13.0: 0.07142857142857142, 2.0: 0.07142857142857142, 1.0: 0.05357142857142857, 4.0: 0.05357142857142857, 3.0: 0.03571428571428571, 7.0: 0.03571428571428571, 8.0: 0.017857142857142856}"
FA,64.06382978723404,1561.3156028368794,-0.4693971631205674,1.2770567375886526,-0.03195035460992907,2.504716312056738,"{11.0: 0.1879432624113475, 14.0: 0.16666666666666666, 12.0: 0.09929078014184398, 13.0: 0.07801418439716312, 4.0: 0.07801418439716312, 8.0: 0.06382978723404255, 2.0: 0.05673758865248227, 5.0: 0.05319148936170213, 1.0: 0.05319148936170213, 6.0: 0.04964539007092199, 9.0: 0.04609929078014184, 3.0: 0.03900709219858156, 7.0: 0.028368794326241134}"
FC,88.87639614302933,2391.4511726647797,0.11844214543993573,0.6369063881076737,0.15389815186822017,2.349878465247087,"{14.0: 0.1984732824427481, 13.0: 0.09833266372036963, 11.0: 0.09230614704700683, 12.0: 0.09120128565689031, 6.0: 0.08075532342306146, 5.0: 0.08035355564483729, 9.0: 0.06719566090799518, 2.0: 0.060767376456408194, 8.0: 0.05403776617115307, 4.0: 0.05393732422659703, 3.0: 0.04961832061068702, 1.0: 0.04007633587786259, 7.0: 0.03294495781438329}"
FF,93.7693124170764,2277.836829287454,-0.23067639636827178,1.3450336897421888,-0.023141600978173207,2.8205928874320354,"{11.0: 0.1847602695179375, 12.0: 0.14074247509040297, 2.0: 0.0847056375035771, 5.0: 0.08350893623663466, 14.0: 0.07656286583938188, 1.0: 0.06992897838133146, 6.0: 0.06665105751970654, 4.0: 0.06319102994354692, 3.0: 0.0596529566325867, 13.0: 0.058872499284580763, 8.0: 0.04388771820286688, 9.0: 0.03579697702853872, 7.0: 0.03173859881890788}"
FO,83.76100000000001,988.15,-0.5815,0.1448,-0.32089999999999996,1.1059,"{13.0: 0.41, 14.0: 0.28, 11.0: 0.11, 8.0: 0.07, 7.0: 0.07, 5.0: 0.02, 4.0: 0.02, 2.0: 0.01, 1.0: 0.01}"
FS,86.6511699271193,1399.531906614786,-0.8970617568085922,0.30253931722286154,-0.2937974683544304,1.7124395857307249,"{13.0: 0.30609896432681244, 14.0: 0.22247794399693133, 11.0: 0.10126582278481013, 7.0: 0.09359416954353664, 8.0: 0.0805523590333717, 4.0: 0.05638665132336018, 9.0: 0.03605677023398542, 5.0: 0.0349060222477944, 1.0: 0.027234369006520907, 6.0: 0.014959723820483314, 2.0: 0.01457614115841964, 12.0: 0.00728807057920982, 3.0: 0.004602991944764097}"
KC,81.58139021699154,2416.1171470805616,0.4836042662743656,-0.7646083118793673,0.1768333946303788,1.7057778595071718,"{14.0: 0.3420375137918352, 13.0: 0.1415961750643619, 8.0: 0.09047443913203383, 9.0: 0.06951084957705038, 11.0: 0.06399411548363369, 5.0: 0.05627068775285031, 4.0: 0.05112173593232806, 7.0: 0.05038617138653917, 6.0: 0.03751379183523354, 12.0: 0.03126149319602795, 1.0: 0.024273630011033467, 2.0: 0.023538065465244576, 3.0: 0.01802133137182788}"
KN,58.8,1439.0,-0.97,1.03,-1.46,3.4,{11.0: 1.0}
PO,88.43333333333334,2083.3333333333335,-0.9349999999999999,1.3133333333333332,-2.4933333333333336,4.171666666666667,"{11.0: 0.8333333333333334, 12.0: 0.16666666666666666}"
SC,80.79523809523809,2082.190476190476,-0.8752380952380951,-0.29,-0.7528571428571429,2.5914285714285716,"{11.0: 0.3333333333333333, 13.0: 0.19047619047619047, 1.0: 0.14285714285714285, 14.0: 0.09523809523809523, 4.0: 0.09523809523809523, 7.0: 0.047619047619047616, 2.0: 0.047619047619047616, 3.0: 0.047619047619047616}"
SI,93.19748854573221,2162.2941277669456,-0.577754963516036,0.6918372079868771,-0.1318213699869902,2.4016907064879236,"{11.0: 0.13337858476158154, 13.0: 0.12907969907800215, 14.0: 0.11284574919395893, 5.0: 0.08733525651903389, 4.0: 0.0825272922676622, 12.0: 0.0719497709146445, 8.0: 0.07036597092595735, 7.0: 0.06420046382713955, 6.0: 0.061089428135075514, 9.0: 0.05175632105888342, 2.0: 0.049833135358334744, 1.0: 0.049606878217093725, 3.0: 0.036031449742632504}"
SL,84.9047007255139,2396.627225557025,0.2197652156388553,0.1459749093107618,0.18673166062071744,1.887357416364369,"{14.0: 0.3001813784764208, 13.0: 0.14938532849657396, 8.0: 0.07451632406287788, 9.0: 0.07340790004030633, 5.0: 0.06902458686013704, 6.0: 0.0575372833534865, 7.0: 0.052045546150745664, 11.0: 0.051491334139459895, 4.0: 0.04856912535268037, 12.0: 0.04116283756549778, 2.0: 0.031993147924224107, 1.0: 0.026400644901249496, 3.0: 0.024284562676340184}"
ST,81.66379107981221,2563.021409455843,0.6467605633802817,0.15601085680751173,0.2711370305164319,1.987381161971831,"{14.0: 0.32335680751173707, 13.0: 0.12485328638497653, 9.0: 0.07056924882629108, 5.0: 0.06719483568075117, 11.0: 0.06352699530516431, 8.0: 0.061326291079812204, 6.0: 0.05824530516431925, 12.0: 0.0539906103286385, 4.0: 0.047828638497652586, 7.0: 0.04445422535211268, 2.0: 0.032423708920187796, 3.0: 0.026555164319248828, 1.0: 0.02567488262910798}"
SV,82.36353591160221,2520.5759259259257,0.37979742173112335,-0.25314917127071823,0.2641436464088398,1.9226151012891344,"{14.0: 0.3388581952117864, 13.0: 0.09944751381215469, 8.0: 0.08287292817679558, 9.0: 0.06998158379373849, 11.0: 0.06629834254143646, 5.0: 0.0570902394106814, 7.0: 0.0570902394106814, 12.0: 0.055248618784530384, 4.0: 0.05156537753222836, 6.0: 0.04788213627992634, 2.0: 0.03683241252302026, 3.0: 0.020257826887661142, 1.0: 0.016574585635359115}"
CH,85.40528794194844,1757.4535171986365,-0.29751273737841594,0.5008545622973599,-0.0741693685348155,1.8195213833564923,"{13.0: 0.25412999845607537, 14.0: 0.23714682723483094, 8.0: 0.08259996912150687, 11.0: 0.07464875714065154, 7.0: 0.07287324378570326, 9.0: 0.05851474448046935, 12.0: 0.051567083526323915, 5.0: 0.045931758530183726, 4.0: 0.045931758530183726, 6.0: 0.03458391230507951, 1.0: 0.016983171221244403, 2.0: 0.012582985950285626, 3.0: 0.012505789717461788}"
CS,68.97857142857143,2464.785714285714,0.5935714285714286,-0.9685714285714286,-0.3992857142857143,2.19,"{14.0: 0.2857142857142857, 11.0: 0.21428571428571427, 7.0: 0.21428571428571427, 3.0: 0.07142857142857142, 1.0: 0.07142857142857142, 13.0: 0.07142857142857142, 4.0: 0.07142857142857142}"
CU,78.82320540862995,2539.838555178607,0.3470839133028435,-0.7602028236229866,0.07786438655796381,1.84074567508451,"{14.0: 0.27560151123483795, 13.0: 0.17468681646450587, 8.0: 0.0762577053092066, 11.0: 0.06890037780870949, 5.0: 0.06880095446410817, 9.0: 0.06462517399085305, 4.0: 0.05637303638894412, 7.0: 0.050407635712865384, 6.0: 0.04613243189500895, 12.0: 0.04374627162457745, 2.0: 0.02744084310996222, 1.0: 0.027341419765360905, 3.0: 0.019685822231059854}"
EP,50.23090909090909,1238.4454545454546,-0.3422727272727273,1.3867272727272726,-0.03290909090909091,2.6745454545454543,"{11.0: 0.20909090909090908, 14.0: 0.14545454545454545, 12.0: 0.11818181818181818, 8.0: 0.09090909090909091, 3.0: 0.08181818181818182, 4.0: 0.07272727272727272, 13.0: 0.05454545454545454, 2.0: 0.05454545454545454, 7.0: 0.03636363636363636, 5.0: 0.03636363636363636, 6.0: 0.03636363636363636, 1.0: 0.03636363636363636, 9.0: 0.02727272727272727}"
FA,66.75767195767196,1670.3862433862435,-0.7435449735449735,1.1856613756613756,-0.002910052910052908,2.627830687830688,"{11.0: 0.18518518518518517, 14.0: 0.15343915343915343, 12.0: 0.1164021164021164, 6.0: 0.09523809523809523, 13.0: 0.08465608465608465, 5.0: 0.07407407407407407, 2.0: 0.0582010582010582, 3.0: 0.047619047619047616, 7.0: 0.042328042328042326, 1.0: 0.042328042328042326, 8.0: 0.037037037037037035, 4.0: 0.031746031746031744, 9.0: 0.031746031746031744}"
FC,89.06672517827757,2379.63718871057,0.1478102029621503,0.6786275370268787,0.2198299506308283,2.3346900713110257,"{14.0: 0.23082830499177182, 12.0: 0.10191991223258365, 11.0: 0.0911684037301152, 13.0: 0.08447613823368075, 6.0: 0.07931980252331322, 5.0: 0.07021393307734504, 9.0: 0.06516730663741085, 2.0: 0.055842018650575975, 8.0: 0.05211190345584202, 4.0: 0.04871091607240812, 3.0: 0.04552934722984092, 1.0: 0.038946791003839826, 7.0: 0.035765222161272626}"
FF,93.94798723912038,2291.110775650466,-0.23414801646250882,1.3379000560114946,-0.013791734651632857,2.8034098823758615,"{11.0: 0.17309987093003434, 12.0: 0.14477753695540999, 5.0: 0.08384677203321725, 2.0: 0.0828970119085308, 14.0: 0.07690621727589314, 1.0: 0.06655626719918174, 6.0: 0.06609356354869347, 4.0: 0.06604485790127365, 13.0: 0.06314687187979447, 3.0: 0.06195358351800891, 8.0: 0.042617441492341035, 9.0: 0.037990404987458294, 7.0: 0.03406960037016292}"
FS,87.13837994214079,1381.2695274831244,-0.9234908389585342,0.3301928640308583,-0.2697685631629701,1.6682208293153327,"{13.0: 0.2945998071359691, 14.0: 0.23963355834136935, 11.0: 0.09594985535197685, 7.0: 0.0935390549662488, 8.0: 0.08293153326904533, 4.0: 0.06460945033751206, 5.0: 0.03326904532304725, 9.0: 0.029411764705882353, 1.0: 0.022179363548698167, 6.0: 0.01591128254580521, 2.0: 0.015429122468659595, 12.0: 0.00819672131147541, 3.0: 0.004339440694310511}"
KC,81.92367217727752,2502.650123196058,0.4420963770664791,-0.8205416813225467,0.12755539922616954,1.7638058389025677,"{14.0: 0.31586352444600774, 13.0: 0.14104818853323953, 8.0: 0.07984523390784383, 11.0: 0.07456911712979247, 9.0: 0.07281041153710868, 5.0: 0.06929300035174112, 4.0: 0.05381639113612381, 6.0: 0.044319380935631376, 7.0: 0.043264157580021105, 12.0: 0.03306366514245515, 1.0: 0.02919451283855083, 2.0: 0.027787548364403798, 3.0: 0.015124868097080548}"
PO,88.87142857142858,2248.1428571428573,-0.6271428571428571,1.2914285714285714,0.852857142857143,3.834285714285714,"{12.0: 0.7142857142857143, 11.0: 0.2857142857142857}"
SI,93.50769887880405,2162.0223343713087,-0.5586385477843032,0.7116668446342765,-0.11428937533368926,2.347381206620395,"{13.0: 0.1379604911906033, 11.0: 0.12754938601174587, 14.0: 0.1187933796049119, 5.0: 0.08638547784303256, 4.0: 0.07746930058729311, 8.0: 0.07495995728777363, 12.0: 0.06962092899092365, 7.0: 0.06737853710624667, 6.0: 0.062466631073144686, 9.0: 0.05611318739989322, 2.0: 0.04559530165509877, 1.0: 0.04308595835557928, 3.0: 0.03262146289375334}"
SL,85.24209470304976,2409.293772745653,0.2308823676950088,0.14537469903691813,0.230553772070626,1.8419311797752809,"{14.0: 0.3209771268057785, 13.0: 0.1508828250401284, 9.0: 0.0788021669341894, 8.0: 0.07293338683788123, 5.0: 0.069723113964687, 6.0: 0.05562800963081862, 11.0: 0.045997191011235956, 7.0: 0.04529494382022472, 4.0: 0.044040930979133225, 12.0: 0.04384028892455859, 2.0: 0.028892455858747994, 3.0: 0.021819823434991975, 1.0: 0.021167736757624397}"
ST,81.849197740113,2584.0550521069326,0.5479864406779661,0.12106666666666667,0.3261310734463277,1.956201129943503,"{14.0: 0.3326553672316384, 13.0: 0.11706214689265537, 9.0: 0.07661016949152542, 6.0: 0.06937853107344633, 8.0: 0.06689265536723164, 5.0: 0.06621468926553672, 12.0: 0.05627118644067797, 7.0: 0.04632768361581921, 11.0: 0.04519774011299435, 4.0: 0.04, 2.0: 0.03231638418079096, 3.0: 0.028700564971751413, 1.0: 0.022372881355932205}"
SV,83.15504807692308,2630.5985576923076,0.4271875,-0.09805288461538461,0.19415865384615383,1.8210336538461538,"{14.0: 0.3245192307692308, 13.0: 0.1201923076923077, 9.0: 0.0889423076923077, 7.0: 0.08173076923076923, 4.0: 0.07692307692307693, 8.0: 0.07211538461538461, 5.0: 0.06009615384615385, 11.0: 0.04567307692307692, 6.0: 0.040865384615384616, 2.0: 0.028846153846153848, 1.0: 0.021634615384615384, 3.0: 0.021634615384615384, 12.0: 0.016826923076923076}"
CH,85.46199018582575,1779.2660602157462,-0.4039449762690049,0.5099107071032097,-0.060086879575255416,1.7943914407529564,"{14: 0.2527552087523128, 13: 0.2507441074732524, 8: 0.08374225726007561, 7: 0.0715147614833883, 11: 0.06942321615316548, 9: 0.05816104899042716, 4: 0.046818437776526424, 5: 0.044324672190491514, 12: 0.04392245193467943, 6: 0.03547582656262569, 1: 0.016812806692945055, 2: 0.01512348161853431, 3: 0.011181723111575899}"
CS,68.53999999999999,2414.6,0.43600000000000005,-1.144,-0.6799999999999999,2.988,"{11: 0.4, 2: 0.2, 3: 0.2, 13: 0.2}"
CU,78.91808644087125,2547.3985168282943,0.2769255331280648,-0.7606842285323298,0.05692895427072642,1.843231839434371,"{14: 0.2668491276086213, 13: 0.17960998973657202, 8: 0.0766335956209374, 5: 0.07298437678184513, 11: 0.07093169118485575, 9: 0.06431748203900102, 7: 0.052229444634507925, 4: 0.0493784924164671, 6: 0.04915041623902383, 12: 0.042080054738282587, 2: 0.029649903067624588, 1: 0.026912988938305394, 3: 0.01927243699395598}"
EP,52.7045871559633,1229.4311926605506,-0.03871559633027523,1.3827522935779817,-0.1546788990825688,3.0772477064220185,"{11: 0.30275229357798167, 12: 0.1651376146788991, 6: 0.09174311926605505, 1: 0.07339449541284404, 14: 0.07339449541284404, 5: 0.06422018348623854, 13: 0.045871559633027525, 3: 0.045871559633027525, 2: 0.03669724770642202, 8: 0.027522935779816515, 4: 0.027522935779816515, 9: 0.027522935779816515, 7: 0.01834862385321101}"
FA,68.86180904522612,1671.175879396985,-0.46889447236180903,1.1980904522613065,-0.0178391959798995,2.899045226130653,"{11: 0.24120603015075376, 12: 0.1306532663316583, 14: 0.12562814070351758, 6: 0.09547738693467336, 5: 0.07035175879396985, 13: 0.06532663316582915, 1: 0.06030150753768844, 3: 0.04522613065326633, 8: 0.04020100502512563, 7: 0.035175879396984924, 2: 0.035175879396984924, 4: 0.03015075376884422, 9: 0.02512562814070352}"
FC,89.26493838125903,2370.298456070199,0.13302431442211615,0.713390696125236,0.24812590207616297,2.3884134562007326,"{14: 0.21882979904518707, 12: 0.10902631286776951, 11: 0.08815365826579327, 6: 0.08349061840790496, 5: 0.0733873653824803, 13: 0.0733873653824803, 9: 0.06605973132008437, 2: 0.06050849339402687, 3: 0.05517930498501166, 4: 0.049739091817475295, 8: 0.04674142333740424, 1: 0.039857888309092926, 7: 0.03563894748528922}"
FF,94.09023531591625,2292.9918727166832,-0.25169115116863866,1.3562121813706027,-0.01522062521506657,2.8181796765398763,"{11: 0.1794647820217581, 12: 0.14481590301490246, 2: 0.08427962624738611, 5: 0.08200322930728712, 14: 0.07962095343974165, 1: 0.06800074115249212, 6: 0.06699489134175071, 4: 0.06490378252468303, 13: 0.05892162312395775, 3: 0.05847163768231028, 8: 0.044601498186823366, 9: 0.03615765372296779, 7: 0.03176367823393949}"
FS,87.06248454882571,1333.6322620519159,-0.9092274412855378,0.3176266996291718,-0.26393695920889987,1.6546786155747837,"{13: 0.2954264524103832, 14: 0.2484548825710754, 11: 0.10074165636588381, 7: 0.07972805933250927, 8: 0.07045735475896168, 4: 0.06056860321384425, 9: 0.03955500618046971, 5: 0.0377008652657602, 1: 0.024721878862793572, 6: 0.021013597033374538, 2: 0.011124845488257108, 3: 0.007416563658838072, 12: 0.0030902348578491965}"
KC,82.0576844262295,2519.509395285275,0.5265368852459017,-0.8238251366120218,0.13681352459016394,1.7388285519125684,"{14: 0.33811475409836067, 13: 0.13456284153005466, 8: 0.07923497267759563, 11: 0.07616120218579235, 9: 0.06864754098360656, 5: 0.0584016393442623, 7: 0.05259562841530055, 4: 0.05259562841530055, 6: 0.041325136612021855, 2: 0.030737704918032786, 1: 0.028005464480874317, 12: 0.025614754098360656, 3: 0.014002732240437158}"
PO,88.89999999999999,2165.714285714286,-0.6385714285714286,1.3457142857142856,-0.23142857142857146,4.284285714285715,"{11: 0.5714285714285714, 12: 0.42857142857142855}"
SI,93.56435109253479,2155.282500529325,-0.6482127929739168,0.6971250198402201,-0.13850219565102376,2.3467276863658006,"{13: 0.14195016136712343, 11: 0.12914660599968256, 14: 0.12253319930162425, 4: 0.08364636791704143, 5: 0.0825882228453521, 8: 0.07602772340087827, 12: 0.06560499444473837, 7: 0.06258928099042378, 6: 0.061319506904396595, 9: 0.052219459287868364, 2: 0.04550023808264113, 1: 0.044812443786043064, 3: 0.03206179567218666}"
SL,85.41110074626866,2433.2545756208847,0.2711458333333333,0.1561396144278607,0.25469216417910445,1.85800114013267,"{14: 0.33079394693200664, 13: 0.13287728026533996, 9: 0.07809908789386401, 8: 0.07136194029850747, 5: 0.06623134328358209, 6: 0.05679933665008292, 4: 0.04710820895522388, 7: 0.046589966832504145, 11: 0.046538142620232176, 12: 0.0431695688225539, 2: 0.029384328358208957, 3: 0.02663764510779436, 1: 0.024409203980099502}"
ST,82.02080016329863,2575.8709940804247,0.7087140232700551,0.14586242090222495,0.34029189630536844,1.9982037150438867,"{14: 0.3321085935905287, 13: 0.10532761788120025, 9: 0.0824658093488467, 5: 0.06695243927332109, 6: 0.06348234333537457, 8: 0.06062461726883037, 12: 0.06001224739742805, 11: 0.057971014492753624, 4: 0.04470300061236987, 7: 0.03735456215554195, 2: 0.034292712798530314, 3: 0.028577260665441927, 1: 0.02612778117983262}"
SV,82.75817757009345,2610.2780373831774,0.118107476635514,-0.12341121495327102,0.09376168224299065,1.979859813084112,"{14: 0.26401869158878505, 13: 0.15186915887850466, 5: 0.08411214953271028, 4: 0.08411214953271028, 8: 0.0630841121495327, 9: 0.06074766355140187, 6: 0.05841121495327103, 12: 0.0514018691588785, 2: 0.04906542056074766, 1: 0.04439252336448598, 11: 0.0397196261682243, 7: 0.037383177570093455, 3: 0.011682242990654205}"
CH,84.35491729531455,1763.52569555819,-0.3192615405910444,0.5706803238978476,-0.07678178420651949,1.8355401757907122,"{13.0: 0.24070869956398366, 14.0: 0.23939372966987335, 8.0: 0.08346598380510761, 11.0: 0.07959028306457194, 7.0: 0.07301543359402035, 9.0: 0.059934943594712436, 4.0: 0.050937781161326044, 5.0: 0.04609315523565645, 12.0: 0.04339400650564053, 6.0: 0.036265485500726696, 1.0: 0.018617205342930307, 2.0: 0.01681777285625303, 3.0: 0.011765520105197592}"
CS,73.7203125,2355.625,0.56625,-0.7471875,-0.12218749999999999,2.1275,"{14.0: 0.171875, 8.0: 0.140625, 13.0: 0.125, 11.0: 0.125, 12.0: 0.109375, 4.0: 0.078125, 1.0: 0.078125, 7.0: 0.0625, 5.0: 0.046875, 2.0: 0.03125, 9.0: 0.03125}"
CU,78.25071480747157,2555.766092379241,0.3544025879161014,-0.7608379421892935,0.10561828237503913,1.7726296566837108,"{14.0: 0.29479286236042995, 13.0: 0.17958885526453094, 8.0: 0.07377647918188458, 11.0: 0.06876760930814985, 9.0: 0.061045601586142126, 5.0: 0.060106438484816865, 4.0: 0.04894083272461651, 7.0: 0.04852342690180528, 12.0: 0.04831472399039967, 6.0: 0.0472712094333716, 2.0: 0.02734008139413545, 1.0: 0.024731295001565273, 3.0: 0.016800584368151936}"
EP,50.1,1237.5,-0.055,1.0550000000000002,-3.3249999999999997,8.235,"{11.0: 0.5, 3.0: 0.5}"
FA,73.7890804597701,1847.7701149425288,-0.5170689655172414,1.2408620689655172,-0.17522988505747125,2.4891379310344828,"{11.0: 0.21264367816091953, 14.0: 0.14942528735632185, 13.0: 0.12643678160919541, 6.0: 0.08045977011494253, 4.0: 0.07471264367816093, 8.0: 0.07471264367816093, 12.0: 0.06896551724137931, 7.0: 0.04597701149425287, 5.0: 0.04597701149425287, 2.0: 0.040229885057471264, 9.0: 0.034482758620689655, 1.0: 0.022988505747126436, 3.0: 0.022988505747126436}"
FC,88.21007556675063,2369.939825447864,0.11707465079001603,0.6564998855049233,0.21528738264254638,2.302120448820701,"{14.0: 0.22761621250286238, 13.0: 0.10190061827341425, 12.0: 0.10178612319670254, 11.0: 0.08621479276391115, 6.0: 0.07682619647355164, 5.0: 0.07098694756125487, 9.0: 0.06640714449278681, 2.0: 0.05392718113121136, 8.0: 0.05163727959697733, 4.0: 0.04797343714220288, 3.0: 0.04213418822990611, 1.0: 0.03881383100526677, 7.0: 0.033776047629951914}"
FF,93.32907915599463,2304.231077939557,-0.25678668130259785,1.3164956702036834,-0.007855592145383583,2.7170728137577753,"{11.0: 0.162849127942432, 12.0: 0.13199170630564702, 14.0: 0.0960604951823393, 5.0: 0.08374191974631053, 2.0: 0.07727771679473107, 13.0: 0.07088669349920722, 6.0: 0.06839858519331626, 4.0: 0.0663739480424442, 1.0: 0.06090986705695817, 3.0: 0.055714111477009394, 8.0: 0.04685937309427979, 9.0: 0.0424685937309428, 7.0: 0.03646786193438224}"
FS,85.21379159369526,1466.6179183135705,-0.8279115586690018,0.37140542907180385,-0.2058274956217163,1.7575525394045535,"{13.0: 0.2670753064798599, 14.0: 0.23467600700525393, 11.0: 0.10551663747810858, 8.0: 0.07924693520140105, 7.0: 0.07049036777583187, 4.0: 0.06085814360770578, 5.0: 0.05253940455341506, 9.0: 0.04509632224168126, 1.0: 0.027583187390542906, 6.0: 0.02583187390542907, 2.0: 0.01926444833625219, 3.0: 0.006129597197898424, 12.0: 0.005691768826619965}"
KC,81.29575994781474,2513.4189852700492,0.45895629484670586,-0.8184409654272669,0.13640574037834313,1.7712198303979128,"{14.0: 0.32159165035877363, 13.0: 0.1470971950424005, 8.0: 0.08056099151989563, 11.0: 0.07110241356816699, 9.0: 0.07077625570776255, 5.0: 0.06099151989562948, 4.0: 0.05251141552511415, 7.0: 0.049249836921069795, 6.0: 0.0410958904109589, 12.0: 0.03228962818003914, 2.0: 0.030332681017612523, 1.0: 0.02511415525114155, 3.0: 0.017286366601435094}"
PO,90.55,2203.25,-0.65,1.37125,1.63375,4.17875,"{12.0: 0.75, 11.0: 0.25}"
SI,92.58041293423639,2153.013499423805,-0.539155014201442,0.7450972252567184,-0.11484979244046319,2.303969849246231,"{13.0: 0.16211492243827835, 14.0: 0.1337666593838759, 11.0: 0.12032991042167358, 4.0: 0.07543150535285122, 12.0: 0.07537688442211055, 5.0: 0.07433908673803802, 8.0: 0.06882237273323137, 7.0: 0.06751147039545553, 6.0: 0.058389774961765346, 9.0: 0.05489403539436312, 2.0: 0.03960017478697837, 1.0: 0.03899934454883111, 3.0: 0.03042385842254752}"
SL,84.3443221436398,2432.107929184011,0.2198246837334396,0.11355314274330112,0.23391224225520468,1.8288654248431118,"{14.0: 0.32986353222432513, 13.0: 0.14961649566689908, 9.0: 0.07660125510509015, 8.0: 0.0734634923797191, 5.0: 0.06773583026197828, 6.0: 0.05329216057376233, 11.0: 0.049058671182388686, 12.0: 0.0432812033071023, 7.0: 0.04153800179300727, 4.0: 0.03989441179400339, 2.0: 0.029036756649068633, 3.0: 0.02330909453132782, 1.0: 0.02330909453132782}"
ST,80.44705364995603,2598.182561307902,0.4836763412489007,-0.009973614775725594,0.1656376429199648,1.9066314863676344,"{14.0: 0.28671943711521547, 13.0: 0.17502198768689534, 8.0: 0.07651715039577836, 9.0: 0.06772207563764292, 5.0: 0.06420404573438875, 11.0: 0.06068601583113457, 4.0: 0.05364995602462621, 7.0: 0.051890941072999124, 12.0: 0.048372911169744945, 6.0: 0.047493403693931395, 2.0: 0.025505716798592787, 1.0: 0.022867194371152155, 3.0: 0.019349164467897976}"
SV,82.23627450980392,2377.9154228855723,0.5541666666666667,-0.26122549019607844,0.19014705882352942,1.795294117647059,"{14.0: 0.36764705882352944, 13.0: 0.12254901960784313, 11.0: 0.08333333333333333, 8.0: 0.0784313725490196, 7.0: 0.0784313725490196, 5.0: 0.058823529411764705, 4.0: 0.058823529411764705, 6.0: 0.03431372549019608, 2.0: 0.029411764705882353, 9.0: 0.029411764705882353, 1.0: 0.024509803921568627, 3.0: 0.0196078431372549, 12.0: 0.014705882352941176}"
CH,84.570368674147,1759.0796995938385,-0.40111441874666054,0.5813388290970155,-0.06625601099152736,1.8207800931226625,"{14.0: 0.2457064346233112, 13.0: 0.23845507976490343, 11.0: 0.08014655369819097, 8.0: 0.07915426303335624, 7.0: 0.07167391802152508, 9.0: 0.06404091290741165, 4.0: 0.05083581405999542, 5.0: 0.04442408976414014, 12.0: 0.04404243950843447, 6.0: 0.03816502557056713, 1.0: 0.017861231967025416, 2.0: 0.013510419051980764, 3.0: 0.011983818029158079}"
CS,73.616,2379.24,0.3356,-0.7574,-0.2164,2.2374,"{11.0: 0.22, 14.0: 0.18, 13.0: 0.16, 4.0: 0.08, 12.0: 0.06, 8.0: 0.06, 7.0: 0.06, 5.0: 0.06, 3.0: 0.04, 6.0: 0.02, 1.0: 0.02, 9.0: 0.02, 2.0: 0.02}"
CU,78.18580075920796,2568.489842454395,0.3580352929106392,-0.7866246024417769,0.10350364214630142,1.7590920283164049,"{14.0: 0.3011182928080435, 13.0: 0.1788242536164974, 8.0: 0.07366369139222324, 11.0: 0.06678978147122192, 5.0: 0.06248076331178824, 9.0: 0.05981327587975788, 7.0: 0.05437570534523443, 4.0: 0.0444239253103519, 12.0: 0.04380835128757567, 6.0: 0.04370575561711296, 2.0: 0.030470914127423823, 1.0: 0.023391812865497075, 3.0: 0.01713347696727198}"
EP,51.24166666666667,1302.888888888889,0.021111111111111122,1.2436111111111112,-0.8233333333333334,3.453611111111111,"{11.0: 0.5277777777777778, 4.0: 0.1111111111111111, 5.0: 0.08333333333333333, 13.0: 0.05555555555555555, 12.0: 0.05555555555555555, 1.0: 0.05555555555555555, 2.0: 0.027777777777777776, 7.0: 0.027777777777777776, 14.0: 0.027777777777777776, 3.0: 0.027777777777777776}"
FA,75.60175438596491,1931.201754385965,-0.6595614035087719,1.340701754385965,-0.14271929824561402,2.7036842105263155,"{11.0: 0.19298245614035087, 12.0: 0.13157894736842105, 13.0: 0.11403508771929824, 14.0: 0.10526315789473684, 2.0: 0.08771929824561403, 5.0: 0.07894736842105263, 8.0: 0.06140350877192982, 1.0: 0.05263157894736842, 7.0: 0.043859649122807015, 9.0: 0.043859649122807015, 4.0: 0.03508771929824561, 3.0: 0.02631578947368421, 6.0: 0.02631578947368421}"
FC,88.29885057471265,2375.132508833922,0.12370926301555106,0.6804070317782285,0.20321974306964163,2.2897755240027045,"{14.0: 0.23069641649763353, 13.0: 0.10574712643678161, 12.0: 0.095605138607167, 11.0: 0.08654496281271129, 6.0: 0.07315753887762001, 5.0: 0.07302231237322515, 9.0: 0.05949966193373901, 8.0: 0.05273833671399594, 4.0: 0.04989858012170385, 2.0: 0.04935767410412441, 3.0: 0.04367816091954023, 1.0: 0.04354293441514537, 7.0: 0.036511156186612576}"
FF,93.4019926750518,2304.5190332326283,-0.2810462146402583,1.3512580116620887,0.01458122500120476,2.7024704833502,"{11.0: 0.15953448026601127, 12.0: 0.13134306780396127, 14.0: 0.10327213146354393, 5.0: 0.08324900004819046, 2.0: 0.07428557659871814, 6.0: 0.07026167413618621, 13.0: 0.06927376993879814, 4.0: 0.06592453375740928, 1.0: 0.059033299600019275, 3.0: 0.058093585851284275, 8.0: 0.04647968772589273, 9.0: 0.04329911811478965, 7.0: 0.035950074695195414}"
FS,85.27517275419545,1423.6569451309936,-0.8518805528134256,0.4091855873642646,-0.24394373149062193,1.6199407699901283,"{13.0: 0.30552813425468905, 14.0: 0.253208292201382, 11.0: 0.09131293188548864, 7.0: 0.07946692991115499, 8.0: 0.06910167818361303, 4.0: 0.052813425468904246, 5.0: 0.045409674234945706, 9.0: 0.043928923988154, 1.0: 0.02319842053307009, 6.0: 0.014313919052319843, 12.0: 0.008884501480750246, 2.0: 0.007897334649555774, 3.0: 0.004935834155972359}"
KC,81.15179764556157,2528.8280397818417,0.505227489659561,-0.8860897231944003,0.11636652879414572,1.6979414572064906,"{14.0: 0.327076041998091, 13.0: 0.15812917594654788, 8.0: 0.08399618199172765, 11.0: 0.07381482659879096, 9.0: 0.06776964683423481, 5.0: 0.05695195672923958, 4.0: 0.05186127903277124, 7.0: 0.050906776964683424, 6.0: 0.03181673560292714, 12.0: 0.030225898822780782, 1.0: 0.028316894686605153, 2.0: 0.02258988227807827, 3.0: 0.01654470251352211}"
KN,59.76086956521739,2796.2608695652175,0.006956521739130426,0.3452173913043478,-0.6304347826086957,2.332173913043478,"{13.0: 0.30434782608695654, 11.0: 0.2608695652173913, 14.0: 0.21739130434782608, 6.0: 0.08695652173913043, 12.0: 0.043478260869565216, 9.0: 0.043478260869565216, 1.0: 0.043478260869565216}"
PO,89.26,2158.6,-0.7,1.218,1.306,3.7739999999999996,"{12.0: 0.6, 14.0: 0.2, 11.0: 0.2}"
SI,92.7704907306434,2156.8004484304934,-0.5979405670665212,0.7584721919302072,-0.11575245365321701,2.2862284623773172,"{13.0: 0.1593784078516903, 14.0: 0.13375136314067612, 11.0: 0.11935659760087242, 4.0: 0.07704471101417666, 5.0: 0.0757906215921483, 8.0: 0.0752453653217012, 12.0: 0.0682660850599782, 7.0: 0.06597600872410032, 6.0: 0.05970556161395856, 9.0: 0.056652126499454745, 2.0: 0.03991275899672846, 1.0: 0.03865866957470011, 3.0: 0.03026172300981461}"
SL,84.41928926514741,2426.6777112902428,0.25832554018801984,0.12300684156125413,0.298760643795836,1.8084638480090562,"{14.0: 0.3554166461583895, 13.0: 0.13333661465767585, 9.0: 0.0815573165329527, 8.0: 0.0695968893045233, 5.0: 0.0654132007678299, 6.0: 0.05566766747059113, 11.0: 0.044051779298124726, 12.0: 0.042378303883447356, 7.0: 0.0413446867155584, 4.0: 0.038834473593542355, 2.0: 0.0287444012403406, 3.0: 0.022395038637594133, 1.0: 0.021262981739430035}"
ST,80.64170444242974,2612.9452554744526,0.32807796917497734,0.012647325475974615,0.19203082502266547,1.9381142339075248,"{14.0: 0.28195829555757024, 13.0: 0.17135086128739802, 5.0: 0.08068902991840435, 8.0: 0.07252946509519492, 6.0: 0.06255666364460562, 9.0: 0.061650045330915684, 12.0: 0.06074342701722575, 4.0: 0.0471441523118767, 11.0: 0.04623753399818677, 7.0: 0.043517679057116954, 3.0: 0.02629193109700816, 2.0: 0.024478694469628286, 1.0: 0.02085222121486854}"
SV,82.1493036211699,2631.066852367688,-0.10192200557103064,-0.1917827298050139,-0.07704735376044568,1.8795543175487466,"{14.0: 0.20612813370473537, 13.0: 0.19498607242339833, 8.0: 0.09192200557103064, 4.0: 0.08913649025069638, 7.0: 0.07242339832869081, 9.0: 0.06128133704735376, 2.0: 0.0584958217270195, 11.0: 0.052924791086350974, 5.0: 0.04735376044568245, 1.0: 0.04178272980501393, 12.0: 0.036211699164345405, 6.0: 0.03064066852367688, 3.0: 0.016713091922005572}"
