idfg,season,name,team,age,wins,losses,war,era,games,games_started,innings_pitched,strikeouts,walks,home_runs,whip,k_per_9,bb_per_9,k_percent,bb_percent,fip,xfip,babip,lob_percent,hard_hit_percent,flyball_percent,fb_velocity,sl_percent,sl_velocity,ch_percent,ch_velocity,cb_percent,cb_velocity,ld_percent,gb_percent,hr_per_9
10603,2024,Chris Sale,ATL,35,18,3,6.4,2.38,29,29,177.2,225,39,9,1.01,11.4,1.98,0.321,0.055999999999999994,2.09,2.64,0.314,0.7979999999999999,0.307,0.336,94.8,0.40299999999999997,78.7,0.142,86.9,,,0.21600000000000003,0.44799999999999995,0.46
22267,2024,Tarik Skubal,DET,27,18,4,5.9,2.39,31,31,192.0,228,35,15,0.92,10.69,1.64,0.303,0.046,2.49,2.83,0.273,0.8,0.335,0.358,96.8,0.146,88.8,0.273,86.3,0.042,78.5,0.184,0.457,0.7
10310,2024,Zack Wheeler,PHI,34,16,7,5.4,2.57,32,32,200.0,224,52,20,0.96,10.08,2.34,0.285,0.066,3.13,3.3,0.246,0.8009999999999999,0.332,0.39,95.1,0.12300000000000001,85.0,,,0.10099999999999999,81.8,0.184,0.426,0.9
21846,2024,Cole Ragans,KCR,26,11,9,4.9,3.14,32,32,186.1,223,67,15,1.14,10.77,3.24,0.293,0.08800000000000001,2.99,3.46,0.29,0.747,0.35200000000000004,0.405,95.4,0.133,86.1,0.237,84.8,0.10400000000000001,80.8,0.187,0.40700000000000003,0.72
18525,2024,Dylan Cease,SDP,28,14,11,4.8,3.47,33,33,189.1,224,65,18,1.07,10.65,3.09,0.294,0.085,3.1,3.44,0.263,0.6940000000000001,0.382,0.424,96.9,0.43,87.7,0.009000000000000001,69.7,0.11900000000000001,82.5,0.17800000000000002,0.39799999999999996,0.86
12447,2024,Seth Lugo,KCR,34,16,9,4.7,3.0,33,33,206.2,181,48,16,1.09,7.88,2.09,0.217,0.057,3.25,3.83,0.277,0.7509999999999999,0.39,0.36700000000000005,92.2,0.23,82.6,0.061,87.5,0.166,79.8,0.191,0.442,0.7
20778,2024,Cristopher Sanchez,PHI,27,11,9,4.7,3.32,31,31,181.2,153,44,11,1.24,7.58,2.18,0.203,0.057999999999999996,3.0,3.19,0.313,0.7120000000000001,0.34299999999999997,0.215,94.5,0.168,84.4,0.35700000000000004,85.2,,,0.21100000000000002,0.574,0.54
27463,2024,Garrett Crochet,CHW,25,6,12,4.7,3.58,32,32,146.0,209,33,18,1.07,12.88,2.03,0.35100000000000003,0.055,2.69,2.38,0.318,0.736,0.38799999999999996,0.361,97.2,0.099,84.3,0.059000000000000004,91.0,,,0.188,0.451,1.11
17995,2024,Logan Webb,SFG,27,13,10,4.4,3.47,33,33,204.2,172,50,11,1.23,7.56,2.2,0.205,0.059000000000000004,2.95,3.28,0.315,0.7170000000000001,0.46,0.22699999999999998,92.6,0.213,83.8,0.308,87.4,,,0.205,0.568,0.48
33677,2024,Paul Skenes,PIT,22,11,3,4.3,1.96,23,23,133.0,170,32,10,0.95,11.5,2.17,0.331,0.062,2.44,2.54,0.284,0.856,0.359,0.309,98.9,0.161,85.5,0.054000000000000006,87.4,0.109,83.0,0.17800000000000002,0.513,0.68
25436,2024,George Kirby,SEA,26,14,11,4.2,3.53,33,33,191.0,179,23,22,1.07,8.43,1.08,0.23,0.03,3.26,3.58,0.291,0.716,0.359,0.40700000000000003,96.1,0.239,87.2,,,0.08,83.3,0.18,0.413,1.04
22250,2024,Logan Gilbert,SEA,27,9,12,4.1,3.23,33,33,208.2,220,37,26,0.89,9.49,1.6,0.27399999999999997,0.046,3.27,3.11,0.236,0.695,0.39299999999999996,0.377,96.6,0.32,88.5,,,0.11800000000000001,83.3,0.172,0.451,1.12
19853,2024,Michael King,SDP,29,13,9,3.9,2.95,31,30,173.2,201,63,17,1.19,10.42,3.26,0.27699999999999997,0.087,3.33,3.5,0.29,0.752,0.301,0.368,93.3,0.17800000000000002,82.1,0.244,86.7,,,0.228,0.40399999999999997,0.88
19879,2024,Tanner Houck,BOS,28,9,10,3.9,3.12,30,30,178.2,154,48,11,1.14,7.76,2.42,0.207,0.065,3.32,3.58,0.282,0.7090000000000001,0.413,0.239,93.6,0.414,83.2,,,,,0.201,0.5589999999999999,0.55
12768,2024,Sonny Gray,STL,34,13,9,3.8,3.84,28,28,166.1,203,39,21,1.09,10.98,2.11,0.303,0.057999999999999996,3.12,2.82,0.299,0.679,0.37799999999999995,0.353,92.6,0.203,84.8,0.064,88.4,0.139,80.0,0.22399999999999998,0.423,1.14
22182,2024,Hunter Greene,CIN,24,9,5,3.8,2.75,26,26,150.1,169,57,12,1.02,10.12,3.41,0.27699999999999997,0.09300000000000001,3.47,4.19,0.237,0.805,0.32,0.483,97.7,0.34700000000000003,86.9,,,0.017,81.0,0.177,0.34,0.72
14374,2024,Tyler Glasnow,LAD,30,9,6,3.8,3.49,22,22,134.0,168,35,15,0.95,11.28,2.35,0.322,0.067,2.9,2.68,0.253,0.698,0.395,0.349,96.4,0.276,90.0,,,0.18600000000000003,83.8,0.165,0.486,1.01
19361,2024,Corbin Burnes,BAL,29,15,9,3.7,2.92,32,32,194.1,181,48,22,1.1,8.38,2.22,0.231,0.061,3.55,3.55,0.269,0.755,0.316,0.345,97.0,0.145,87.2,0.111,89.3,0.21600000000000003,80.3,0.17300000000000001,0.48200000000000004,1.02
17295,2024,Framber Valdez,HOU,30,15,7,3.6,2.91,28,28,176.1,169,55,13,1.11,8.63,2.81,0.24,0.078,3.25,3.08,0.276,0.7709999999999999,0.44799999999999995,0.2,94.2,,,0.17300000000000001,89.9,0.313,79.7,0.19399999999999998,0.606,0.66
17277,2024,Ranger Suarez,PHI,28,12,8,3.5,3.46,27,27,150.2,145,41,14,1.2,8.66,2.45,0.23199999999999998,0.065,3.37,3.26,0.299,0.7390000000000001,0.34299999999999997,0.258,91.2,0.001,82.7,0.163,80.1,0.205,74.5,0.223,0.519,0.84
12730,2024,Nick Martinez,CIN,33,10,7,3.5,3.1,42,16,142.1,116,18,13,1.03,7.33,1.14,0.204,0.032,3.21,3.89,0.275,0.715,0.304,0.414,92.4,0.059000000000000004,85.0,0.21600000000000003,80.1,0.11900000000000001,80.9,0.21600000000000003,0.369,0.82
20633,2024,Yusei Kikuchi,- - -,33,9,10,3.5,4.05,32,32,175.2,206,44,25,1.2,10.55,2.25,0.28,0.06,3.46,3.2,0.309,0.7190000000000001,0.444,0.386,95.6,0.23399999999999999,88.4,0.111,86.8,0.185,82.5,0.188,0.426,1.28
16400,2024,Reynaldo Lopez,ATL,30,8,5,3.5,1.99,26,25,135.2,148,42,10,1.11,9.82,2.79,0.273,0.077,2.92,3.44,0.287,0.87,0.42200000000000004,0.382,95.5,0.295,85.1,0.038,86.1,0.115,77.0,0.22399999999999998,0.39399999999999996,0.66
13743,2024,Max Fried,ATL,30,11,10,3.4,3.25,29,29,174.1,166,57,13,1.16,8.57,2.94,0.23199999999999998,0.08,3.33,3.33,0.282,0.725,0.345,0.23199999999999998,93.8,0.158,83.8,0.13699999999999998,85.8,0.21100000000000002,74.7,0.18,0.588,0.67
17425,2024,Erick Fedde,- - -,31,9,9,3.4,3.3,31,31,177.1,154,52,20,1.16,7.82,2.64,0.212,0.07200000000000001,3.86,4.12,0.271,0.792,0.377,0.39399999999999996,93.0,0.20199999999999999,83.5,,,,,0.185,0.42100000000000004,1.02
14078,2024,Michael Wacha,KCR,32,13,8,3.3,3.35,29,29,166.2,145,45,17,1.19,7.83,2.43,0.212,0.066,3.65,4.14,0.29,0.7709999999999999,0.322,0.415,93.6,0.08,83.9,0.322,81.3,0.081,75.2,0.19899999999999998,0.386,0.92
30134,2024,Tanner Bibee,CLE,25,12,8,3.3,3.47,31,31,173.2,187,44,22,1.12,9.69,2.28,0.263,0.062,3.56,3.72,0.285,0.7709999999999999,0.369,0.444,94.7,0.278,86.2,0.18,82.5,0.105,81.3,0.209,0.34600000000000003,1.14
17085,2024,Pablo Lopez,MIN,28,15,10,3.2,4.08,32,32,185.1,198,41,26,1.19,9.62,1.99,0.256,0.053,3.65,3.36,0.309,0.722,0.371,0.36200000000000004,95.0,0.21899999999999997,84.5,0.2,88.5,0.1,82.5,0.21,0.429,1.26
16149,2024,Aaron Nola,PHI,31,14,8,3.2,3.57,33,33,199.1,197,50,30,1.2,8.89,2.26,0.24,0.061,3.94,3.44,0.294,0.79,0.377,0.33899999999999997,92.1,,,0.096,85.8,0.32899999999999996,79.2,0.21600000000000003,0.445,1.35
17479,2024,Jack Flaherty,- - -,28,13,7,3.2,3.17,28,28,162.0,194,38,24,1.07,10.78,2.11,0.299,0.059000000000000004,3.48,3.0,0.285,0.809,0.349,0.37799999999999995,93.2,0.292,84.8,0.026000000000000002,85.9,0.217,77.4,0.22699999999999998,0.395,1.33
22201,2024,MacKenzie Gore,WSN,25,10,12,3.2,3.9,32,32,166.1,181,65,15,1.42,9.79,3.52,0.248,0.08900000000000001,3.53,3.87,0.34,0.6809999999999999,0.37799999999999995,0.353,96.1,0.157,90.7,0.09300000000000001,85.9,0.19699999999999998,82.9,0.255,0.391,0.81
25880,2024,Hunter Brown,HOU,25,11,9,3.1,3.49,31,30,170.0,179,60,18,1.27,9.48,3.18,0.251,0.084,3.58,3.47,0.307,0.7659999999999999,0.303,0.305,95.9,0.054000000000000006,89.2,,,0.125,82.9,0.20600000000000002,0.489,0.95
27782,2024,Brandon Pfaadt,ARI,25,11,10,3.1,4.71,32,32,181.2,185,42,24,1.24,9.17,2.08,0.243,0.055,3.61,3.58,0.315,0.645,0.38799999999999996,0.38799999999999996,93.8,0.273,84.9,0.113,87.5,0.053,80.8,0.19699999999999998,0.415,1.19
17874,2024,Nestor Cortes,NYY,29,9,10,3.1,3.77,31,30,174.1,162,39,24,1.15,8.36,2.01,0.228,0.055,3.84,4.16,0.287,0.764,0.434,0.489,92.1,0.166,78.3,0.09699999999999999,83.6,,,0.2,0.311,1.24
21390,2024,Joe Ryan,MIN,28,7,7,3.1,3.6,23,23,135.0,147,23,19,0.99,9.8,1.53,0.273,0.043,3.44,3.44,0.265,0.7090000000000001,0.364,0.45399999999999996,93.9,0.233,83.1,,,,,0.18899999999999997,0.35700000000000004,1.27
13543,2024,Blake Snell,SFG,31,5,3,3.1,3.12,20,20,104.0,145,44,6,1.05,12.55,3.81,0.34700000000000003,0.105,2.43,3.01,0.266,0.7090000000000001,0.289,0.40700000000000003,95.9,0.099,88.8,0.177,85.5,0.261,81.2,0.17300000000000001,0.42,0.52
33829,2024,Shota Imanaga,CHC,30,15,3,3.0,2.91,29,29,173.1,174,28,27,1.02,9.03,1.45,0.251,0.04,3.72,3.62,0.264,0.802,0.389,0.455,91.7,0.076,81.7,0.021,88.7,0.033,72.5,0.17300000000000001,0.37200000000000005,1.4
17312,2024,Justin Steele,CHC,28,5,5,3.0,3.07,24,24,134.2,135,37,12,1.1,9.02,2.47,0.243,0.067,3.23,3.62,0.27,0.725,0.327,0.375,91.6,0.29600000000000004,83.3,0.032,86.2,0.022000000000000002,80.1,0.177,0.44799999999999995,0.8
14107,2024,Kevin Gausman,TOR,33,14,11,2.9,3.83,31,31,181.0,162,56,20,1.22,8.06,2.78,0.214,0.07400000000000001,3.77,4.22,0.281,0.703,0.414,0.42200000000000004,93.9,0.084,82.8,,,,,0.195,0.38299999999999995,0.99
21224,2024,Bailey Ober,MIN,28,12,9,2.9,3.98,31,31,178.2,191,43,27,1.0,9.62,2.17,0.26899999999999996,0.061,3.82,3.83,0.247,0.7070000000000001,0.33899999999999997,0.503,91.8,0.11599999999999999,80.3,0.294,83.4,0.013999999999999999,76.4,0.161,0.335,1.36
19291,2024,Zac Gallen,ARI,28,14,6,2.8,3.65,28,28,148.0,156,54,13,1.26,9.49,3.28,0.251,0.087,3.38,3.62,0.305,0.747,0.41,0.336,93.7,0.087,87.0,0.14,86.7,0.27699999999999997,81.0,0.20199999999999999,0.462,0.79
29837,2024,Bryce Miller,SEA,25,12,8,2.8,2.94,31,31,180.1,171,45,21,0.98,8.53,2.25,0.243,0.064,3.58,3.85,0.237,0.782,0.408,0.441,95.1,0.168,84.5,,,0.045,85.0,0.17800000000000002,0.381,1.05
15873,2024,Sean Manaea,NYM,32,12,6,2.8,3.47,32,32,181.2,184,63,21,1.08,9.12,3.12,0.249,0.085,3.83,4.04,0.245,0.742,0.376,0.431,92.4,0.245,79.3,0.11699999999999999,85.4,,,0.193,0.376,1.04
13774,2024,Zach Eflin,- - -,30,10,9,2.8,3.59,28,28,165.1,134,24,22,1.15,7.29,1.31,0.196,0.035,3.77,3.81,0.287,0.752,0.359,0.375,91.9,0.10300000000000001,79.7,0.061,85.7,0.18,78.9,0.19699999999999998,0.42700000000000005,1.2
33825,2024,Yoshinobu Yamamoto,LAD,25,7,2,2.8,3.0,18,18,90.0,105,22,7,1.11,10.5,2.2,0.285,0.06,2.61,2.86,0.305,0.757,0.413,0.315,95.5,0.033,86.3,,,0.231,78.1,0.20600000000000002,0.479,0.7
9132,2024,Nathan Eovaldi,TEX,34,12,8,2.7,3.8,29,29,170.2,166,42,23,1.11,8.75,2.21,0.239,0.06,3.83,3.47,0.271,0.745,0.426,0.32799999999999996,95.5,0.028999999999999998,86.0,,,0.13699999999999998,76.8,0.188,0.483,1.21
27867,2024,Cade Smith,CLE,25,6,1,2.7,1.91,74,0,75.1,103,17,1,0.9,12.31,2.03,0.35600000000000004,0.059000000000000004,1.4,2.41,0.303,0.79,0.428,0.358,96.1,0.10099999999999999,82.1,,,,,0.20600000000000002,0.436,0.12
31846,2024,Spencer Schwellenbach,ATL,24,8,7,2.6,3.35,21,21,123.2,127,23,14,1.04,9.24,1.67,0.254,0.046,3.29,3.34,0.279,0.745,0.39799999999999996,0.36700000000000005,96.0,0.201,87.3,,,0.14400000000000002,80.6,0.217,0.41600000000000004,1.02
20253,2024,Griffin Jax,MIN,29,5,5,2.6,2.03,72,0,71.0,95,15,4,0.87,12.04,1.9,0.344,0.054000000000000006,1.94,2.32,0.269,0.7709999999999999,0.384,0.32299999999999995,97.1,0.371,88.8,0.16699999999999998,92.4,0.062,86.5,0.155,0.522,0.51
25377,2024,Brady Singer,KCR,27,9,13,2.5,3.71,32,32,179.2,170,54,22,1.27,8.52,2.71,0.223,0.071,3.93,3.62,0.302,0.778,0.41700000000000004,0.29100000000000004,92.2,0.455,82.9,0.017,87.9,,,0.23800000000000002,0.47100000000000003,1.1
27636,2024,Mitchell Parker,WSN,24,7,10,2.4,4.29,29,29,151.0,133,43,18,1.3,7.93,2.56,0.20600000000000002,0.067,3.85,4.17,0.302,0.6729999999999999,0.389,0.406,92.5,0.098,84.5,,,0.225,80.5,0.215,0.38,1.07
24968,2024,Reese Olson,DET,24,4,8,2.4,3.53,22,22,112.1,101,33,7,1.18,8.09,2.64,0.217,0.071,3.17,3.72,0.291,0.6759999999999999,0.434,0.312,94.2,0.278,84.8,0.223,86.6,0.06,79.1,0.182,0.506,0.56
21446,2024,Ryan Feltner,COL,27,3,10,2.4,4.49,30,30,162.1,138,52,20,1.34,7.65,2.88,0.19899999999999998,0.075,4.16,4.17,0.305,0.6629999999999999,0.366,0.35200000000000004,94.5,0.249,87.6,0.147,85.3,0.107,79.3,0.19899999999999998,0.449,1.11
11674,2024,Jameson Taillon,CHC,32,12,8,2.3,3.27,28,28,165.1,125,33,21,1.13,6.8,1.8,0.185,0.049,3.92,4.16,0.269,0.763,0.386,0.405,92.4,0.155,80.5,0.042,86.0,0.147,79.6,0.19399999999999998,0.401,1.14
15689,2024,Luis Castillo,SEA,31,11,12,2.3,3.64,30,30,175.1,175,47,25,1.17,8.98,2.41,0.243,0.065,3.91,3.82,0.285,0.7829999999999999,0.41700000000000004,0.42,95.6,0.223,85.7,0.14300000000000002,88.1,,,0.187,0.39299999999999996,1.28
18679,2024,Freddy Peralta,MIL,28,11,9,2.3,3.68,32,32,173.2,200,68,26,1.21,10.36,3.52,0.276,0.094,4.16,3.93,0.278,0.7959999999999999,0.365,0.44799999999999995,94.4,0.21600000000000003,81.5,0.175,87.8,0.07,78.2,0.18600000000000003,0.36700000000000005,1.35
30279,2024,Bryan Woo,SEA,24,9,3,2.3,2.89,22,22,121.1,101,13,14,0.9,7.49,0.96,0.214,0.027999999999999997,3.4,3.75,0.24,0.768,0.35200000000000004,0.423,94.8,0.18600000000000003,84.3,0.09,89.6,,,0.17,0.406,1.04
15823,2024,Zack Littell,TBR,28,8,10,2.3,3.63,29,29,156.1,141,31,22,1.25,8.12,1.78,0.215,0.047,3.88,4.01,0.311,0.78,0.39,0.424,92.2,0.051,79.5,,,,,0.235,0.34,1.27
18138,2024,Ryan Helsley,STL,29,7,4,2.3,2.04,65,0,66.1,79,23,3,1.1,10.72,3.12,0.297,0.086,2.41,3.35,0.292,0.785,0.348,0.41100000000000003,99.6,,,,,0.062,81.3,0.221,0.368,0.41
31757,2024,Mason Miller,OAK,25,2,2,2.3,2.49,55,0,65.0,104,21,6,0.88,14.4,2.91,0.418,0.084,2.18,2.21,0.256,0.706,0.325,0.431,100.9,0.35,87.6,0.018000000000000002,92.3,,,0.163,0.40700000000000003,0.83
21052,2024,Luis Gil,NYY,26,15,7,2.2,3.5,29,29,151.2,171,77,18,1.19,10.15,4.57,0.268,0.121,4.14,4.36,0.237,0.7879999999999999,0.37,0.467,96.6,0.256,87.5,0.252,91.6,,,0.177,0.35600000000000004,1.07
17594,2024,Mitch Keller,PIT,28,11,12,2.2,4.25,31,31,178.0,166,50,23,1.3,8.39,2.53,0.215,0.065,4.08,4.08,0.306,0.731,0.391,0.368,94.0,0.157,83.0,0.004,89.4,0.095,78.4,0.23800000000000002,0.39399999999999996,1.16
12304,2024,Chris Bassitt,TOR,35,10,14,2.2,4.16,31,31,171.0,168,70,18,1.46,8.84,3.68,0.222,0.092,4.08,4.28,0.333,0.727,0.369,0.355,92.6,0.11800000000000001,77.3,0.053,84.5,0.13699999999999998,71.0,0.242,0.40299999999999997,0.95
26253,2024,Ryne Nelson,ARI,26,10,6,2.2,4.24,28,25,150.2,126,34,17,1.25,7.53,2.03,0.2,0.054000000000000006,3.74,3.98,0.308,0.711,0.413,0.366,95.2,0.099,84.1,0.099,83.0,0.061,78.0,0.218,0.41600000000000004,1.02
22191,2024,Tobias Myers,MIL,25,9,6,2.2,3.0,27,25,138.0,127,36,18,1.17,8.28,2.35,0.223,0.063,3.91,3.97,0.282,0.8109999999999999,0.382,0.406,93.0,0.204,85.5,0.114,81.2,0.040999999999999995,77.8,0.218,0.376,1.17
15423,2024,Andrew Heaney,TEX,33,5,14,2.2,4.28,32,31,160.0,159,41,23,1.25,8.94,2.31,0.22899999999999998,0.059000000000000004,4.04,4.18,0.297,0.7120000000000001,0.397,0.444,91.6,0.278,82.6,0.17,83.8,0.037000000000000005,75.8,0.22,0.335,1.29
21032,2024,Emmanuel Clase,CLE,26,4,2,2.2,0.61,74,0,74.1,66,10,2,0.66,7.99,1.21,0.244,0.037000000000000005,2.22,2.81,0.195,0.851,0.292,0.242,99.6,0.205,91.1,,,,,0.184,0.574,0.24
19407,2024,Ronel Blanco,HOU,30,13,6,2.1,2.8,30,29,167.1,166,68,22,1.09,8.93,3.66,0.24600000000000002,0.10099999999999999,4.15,4.09,0.22,0.836,0.355,0.419,93.5,0.301,86.4,0.221,85.3,0.094,80.2,0.183,0.39799999999999996,1.18
15890,2024,Luis Severino,NYM,30,11,7,2.1,3.91,31,31,182.0,161,60,23,1.24,7.96,2.97,0.212,0.079,4.21,4.12,0.283,0.737,0.35,0.36,96.0,0.242,85.7,0.075,86.2,,,0.18100000000000002,0.46,1.14
26378,2024,Nick Lodolo,CIN,26,9,6,2.1,4.76,21,21,115.1,122,37,13,1.2,9.52,2.89,0.247,0.075,3.95,3.95,0.29,0.682,0.373,0.358,94.2,0.273,81.7,0.16399999999999998,88.2,,,0.195,0.447,1.01
13799,2024,Matt Strahm,PHI,32,6,2,2.1,1.87,66,0,62.2,79,11,4,0.75,11.35,1.58,0.33299999999999996,0.046,2.29,3.15,0.234,0.823,0.376,0.5,93.4,0.195,81.6,,,,,0.18600000000000003,0.314,0.57
23920,2024,Brayan Bello,BOS,25,14,8,2.0,4.49,30,30,162.1,153,64,19,1.36,8.48,3.55,0.218,0.091,4.19,3.87,0.303,0.721,0.41100000000000003,0.273,95.7,0.28,86.8,0.26899999999999996,87.7,,,0.218,0.508,1.05
24492,2024,Grayson Rodriguez,BAL,24,13,4,2.0,3.86,20,20,116.2,130,36,15,1.24,10.03,2.78,0.265,0.073,3.66,3.57,0.308,0.76,0.391,0.381,96.1,0.159,86.6,0.21,83.1,0.154,81.3,0.213,0.406,1.16
27792,2024,Gavin Stone,LAD,25,11,5,2.0,3.53,25,25,140.1,116,37,18,1.21,7.44,2.37,0.2,0.064,4.01,4.02,0.283,0.797,0.36,0.366,95.1,0.16399999999999998,88.8,0.266,87.5,0.042,83.3,0.191,0.442,1.15
9803,2024,Miles Mikolas,STL,35,10,11,2.0,5.35,32,32,171.2,122,25,26,1.28,6.4,1.31,0.16899999999999998,0.035,4.24,4.08,0.31,0.629,0.42100000000000004,0.365,92.9,0.284,85.7,0.084,85.6,0.121,76.3,0.21600000000000003,0.419,1.36
16977,2024,Trevor Williams,WSN,32,6,1,2.0,2.03,13,13,66.2,59,18,3,1.04,7.97,2.43,0.22699999999999998,0.069,2.79,3.82,0.267,0.802,0.39299999999999996,0.38799999999999996,88.6,0.34700000000000003,78.7,0.16399999999999998,82.8,,,0.158,0.45399999999999996,0.41
15454,2024,Nick Pivetta,BOS,31,6,12,2.0,4.14,27,26,145.2,172,36,28,1.13,10.63,2.22,0.289,0.061,4.07,3.5,0.279,0.755,0.391,0.483,94.0,0.284,82.7,,,0.17300000000000001,80.3,0.182,0.335,1.73
17432,2024,Jeff Hoffman,PHI,31,3,3,2.0,2.17,68,0,66.1,89,16,6,0.96,12.08,2.17,0.336,0.06,2.52,2.8,0.278,0.802,0.414,0.408,96.7,0.408,86.9,0.12,90.6,,,0.217,0.376,0.81
20302,2024,David Peterson,NYM,28,10,3,1.9,2.9,21,21,121.0,101,46,8,1.29,7.51,3.42,0.198,0.09,3.67,4.1,0.293,0.784,0.42700000000000005,0.292,92.5,0.184,85.1,0.16399999999999998,84.7,0.076,79.2,0.207,0.501,0.6
20531,2024,Kutter Crawford,BOS,28,9,16,1.9,4.36,33,33,183.2,175,51,34,1.12,8.58,2.5,0.231,0.067,4.65,4.35,0.247,0.705,0.361,0.494,92.6,0.183,80.8,,,0.07200000000000001,77.4,0.17600000000000002,0.33,1.67
26221,2024,Ryan Pepiot,TBR,26,8,8,1.9,3.6,26,26,130.0,142,48,17,1.15,9.83,3.32,0.263,0.08900000000000001,3.95,4.05,0.262,0.743,0.371,0.456,95.0,0.174,89.1,0.235,85.9,0.027000000000000003,80.7,0.191,0.353,1.18
9073,2024,Kirby Yates,TEX,37,7,2,1.9,1.17,61,0,61.2,85,28,3,0.83,12.41,4.09,0.359,0.11800000000000001,2.5,3.12,0.168,0.8809999999999999,0.32799999999999996,0.42100000000000004,93.2,0.006,85.8,,,,,0.124,0.455,0.44
8241,2024,David Robertson,TEX,39,3,4,1.9,3.0,68,0,72.0,99,27,5,1.11,12.38,3.38,0.33399999999999996,0.091,2.65,2.88,0.3,0.769,0.376,0.32899999999999996,94.8,0.07200000000000001,83.7,0.018000000000000002,88.1,0.263,84.3,0.183,0.488,0.63
21504,2024,Jake Irvin,WSN,27,10,14,1.8,4.41,33,33,187.2,156,52,29,1.2,7.48,2.49,0.203,0.068,4.41,4.03,0.273,0.701,0.39,0.36700000000000005,93.8,0.003,86.1,0.039,88.6,0.313,81.2,0.193,0.439,1.39
13125,2024,Gerrit Cole,NYY,33,8,5,1.8,3.41,17,17,95.0,99,29,11,1.13,9.38,2.75,0.254,0.07400000000000001,3.69,3.99,0.273,0.768,0.395,0.441,96.0,0.14400000000000002,88.3,0.04,88.3,0.187,82.5,0.172,0.387,1.04
26108,2024,Andre Pallante,STL,25,8,8,1.8,3.78,29,20,121.1,94,48,8,1.3,6.97,3.56,0.185,0.094,3.71,3.89,0.286,0.706,0.36700000000000005,0.228,94.6,0.175,87.5,,,0.124,79.6,0.154,0.618,0.59
25550,2024,Matt Waldron,SDP,27,7,11,1.8,4.91,27,26,146.2,133,40,21,1.26,8.16,2.45,0.213,0.064,4.26,4.32,0.295,0.672,0.34700000000000003,0.428,90.4,0.19699999999999998,79.3,,,,,0.183,0.389,1.29
27863,2024,Jared Jones,PIT,22,6,8,1.8,4.14,22,22,121.2,132,39,18,1.19,9.76,2.88,0.262,0.077,4.0,3.78,0.284,0.721,0.442,0.418,97.4,0.35,88.8,0.066,90.0,0.092,81.5,0.195,0.387,1.33
24494,2024,Simeon Woods Richardson,MIN,23,5,5,1.8,4.17,28,28,133.2,117,48,16,1.29,7.88,3.23,0.20600000000000002,0.084,4.12,4.55,0.283,0.736,0.359,0.44299999999999995,93.1,0.313,86.4,0.193,82.8,0.09300000000000001,76.1,0.204,0.353,1.08
14916,2024,Jon Gray,TEX,32,5,6,1.8,4.47,23,19,102.2,86,28,11,1.31,7.54,2.45,0.196,0.064,3.7,4.24,0.306,0.677,0.42200000000000004,0.40700000000000003,94.9,0.439,88.7,0.071,88.8,0.046,78.9,0.193,0.401,0.96
15761,2024,Joe Jimenez,ATL,29,1,5,1.8,2.62,69,0,68.2,82,23,2,0.99,10.75,3.01,0.29600000000000004,0.083,2.34,3.52,0.259,0.723,0.327,0.425,94.6,0.496,84.6,0.042,89.1,,,0.156,0.419,0.26
16137,2024,Carlos Rodon,NYY,31,16,9,1.7,3.96,32,32,175.0,195,57,31,1.22,10.03,2.93,0.265,0.077,4.39,4.09,0.284,0.792,0.40700000000000003,0.494,95.5,0.26,86.9,0.129,85.6,0.083,81.1,0.168,0.33799999999999997,1.59
20423,2024,Ryan Walker,SFG,28,10,4,1.7,1.91,76,1,80.0,99,18,5,0.85,11.14,2.03,0.321,0.057999999999999996,2.52,2.8,0.254,0.8290000000000001,0.302,0.324,95.6,0.447,83.9,,,,,0.207,0.469,0.56
20070,2024,Bailey Falter,PIT,27,8,9,1.7,4.43,28,28,142.1,97,45,17,1.29,6.13,2.85,0.165,0.076,4.3,4.71,0.281,0.6970000000000001,0.41200000000000003,0.42100000000000004,91.9,,,,,0.152,77.8,0.217,0.36200000000000004,1.07
22100,2024,Jose Soriano,LAA,25,6,7,1.7,3.42,22,20,113.0,97,45,8,1.2,7.73,3.58,0.207,0.096,3.8,3.82,0.269,0.71,0.43799999999999994,0.222,98.0,0.055,91.5,,,0.253,86.4,0.18100000000000002,0.597,0.64
9323,2024,Patrick Corbin,WSN,34,6,13,1.7,5.62,32,32,174.2,139,54,25,1.5,7.16,2.78,0.182,0.071,4.41,4.14,0.337,0.657,0.461,0.327,91.5,0.34299999999999997,79.4,0.034,81.1,,,0.209,0.46299999999999997,1.29
19899,2024,Clarke Schmidt,NYY,28,5,5,1.7,2.85,16,16,85.1,93,30,8,1.18,9.81,3.16,0.263,0.085,3.58,3.92,0.296,0.8,0.38,0.4,94.4,0.251,85.2,0.006999999999999999,87.2,0.182,83.8,0.195,0.405,0.84
19343,2024,A.J. Puk,- - -,29,4,9,1.7,3.15,62,4,71.1,88,28,5,1.11,11.1,3.53,0.299,0.095,2.87,3.47,0.269,0.6759999999999999,0.33,0.408,95.3,0.379,83.8,0.026000000000000002,84.5,,,0.22399999999999998,0.368,0.63
26389,2024,DJ Herz,WSN,23,4,9,1.7,4.16,19,19,88.2,106,36,11,1.26,10.76,3.65,0.27699999999999997,0.094,3.71,3.85,0.288,0.703,0.342,0.446,93.6,0.04,81.6,0.245,83.6,,,0.19,0.364,1.12
20539,2024,Edwin Uceta,TBR,26,2,0,1.7,1.51,30,0,41.2,57,8,2,0.82,12.31,1.73,0.358,0.05,1.7,2.49,0.264,0.8390000000000001,0.312,0.429,94.2,0.046,81.6,0.341,88.3,,,0.231,0.341,0.43
19360,2024,Lucas Erceg,- - -,29,2,6,1.7,3.36,61,0,61.2,72,16,3,1.05,10.51,2.34,0.285,0.063,2.53,3.1,0.295,0.674,0.33299999999999996,0.308,98.6,0.27899999999999997,85.7,0.19899999999999998,91.1,,,0.226,0.465,0.44
12880,2024,Tyler Anderson,LAA,34,10,15,1.6,3.81,31,31,179.1,142,73,24,1.29,7.13,3.66,0.18600000000000003,0.095,4.66,4.85,0.258,0.758,0.32799999999999996,0.424,89.4,0.006,81.3,0.371,79.0,0.001,71.7,0.20199999999999999,0.374,1.2
17586,2024,Tanner Scott,- - -,29,9,6,1.6,1.75,72,0,72.0,84,36,3,1.13,10.5,4.5,0.28600000000000003,0.122,2.92,3.38,0.247,0.797,0.272,0.29600000000000004,97.1,0.40700000000000003,88.6,0.001,92.0,,,0.204,0.5,0.38
29921,2024,Spencer Arrighetti,HOU,24,7,13,1.6,4.53,29,28,145.0,171,65,21,1.41,10.61,4.03,0.271,0.10300000000000001,4.18,4.01,0.321,0.721,0.396,0.42200000000000004,94.2,0.109,80.9,0.086,85.6,0.19899999999999998,78.5,0.21899999999999997,0.36,1.3
25636,2024,Hunter Gaddis,CLE,26,6,3,1.6,1.57,78,0,74.2,66,14,4,0.76,7.96,1.69,0.237,0.05,2.82,3.94,0.205,0.812,0.366,0.46399999999999997,95.5,0.44799999999999995,89.1,0.168,80.3,,,0.155,0.381,0.48
17130,2024,Raisel Iglesias,ATL,34,6,2,1.6,1.95,66,0,69.1,68,13,4,0.74,8.83,1.69,0.263,0.05,2.65,3.38,0.199,0.723,0.309,0.39799999999999996,95.6,0.207,84.2,0.307,89.6,,,0.158,0.444,0.52
22210,2024,Jeremiah Estrada,SDP,25,6,3,1.6,2.95,62,0,61.0,94,23,4,1.07,13.87,3.39,0.373,0.091,2.07,2.65,0.29,0.7240000000000001,0.37,0.433,97.2,0.23600000000000002,89.9,,,,,0.21600000000000003,0.35100000000000003,0.59
27597,2024,Cody Bradford,TEX,26,6,3,1.6,3.54,14,13,76.1,70,13,10,1.01,8.25,1.53,0.22699999999999998,0.042,3.59,3.82,0.252,0.7190000000000001,0.348,0.441,89.8,0.071,82.9,0.273,80.9,0.128,75.0,0.198,0.36,1.18
21461,2024,Cole Sands,MIN,26,9,1,1.5,3.28,62,0,71.1,85,12,6,1.0,10.72,1.51,0.29100000000000004,0.040999999999999995,2.63,3.26,0.29,0.685,0.365,0.431,95.5,,,,,0.141,82.4,0.20199999999999999,0.36700000000000005,0.76
22543,2024,Taj Bradley,TBR,23,8,11,1.5,4.11,25,25,138.0,154,47,22,1.22,10.04,3.07,0.266,0.081,4.09,3.62,0.284,0.737,0.41700000000000004,0.396,96.4,,,,,0.08900000000000001,79.2,0.184,0.42,1.43
10123,2024,Kyle Gibson,STL,36,8,8,1.5,4.24,30,30,169.2,151,68,23,1.35,8.01,3.61,0.209,0.094,4.42,4.19,0.29,0.7070000000000001,0.391,0.34700000000000003,91.0,0.209,80.8,0.099,84.9,0.084,78.3,0.20600000000000002,0.44799999999999995,1.22
25648,2024,Justin Slaten,BOS,26,6,2,1.5,2.93,44,0,55.1,58,9,4,1.01,9.43,1.46,0.259,0.04,2.61,2.9,0.285,0.706,0.368,0.292,96.5,0.247,84.0,,,0.083,84.3,0.20800000000000002,0.5,0.65
31776,2024,Orion Kerkering,PHI,23,5,3,1.5,2.29,64,2,63.0,74,17,2,1.08,10.57,2.43,0.28800000000000003,0.066,2.42,2.94,0.314,0.765,0.32899999999999996,0.252,97.2,0.557,86.3,,,,,0.213,0.535,0.29
23363,2024,Robert Garcia,WSN,28,3,6,1.5,4.22,72,0,59.2,75,16,4,1.19,11.31,2.41,0.299,0.064,2.38,2.77,0.329,0.5720000000000001,0.302,0.325,94.5,0.16,85.6,0.312,87.8,,,0.20800000000000002,0.46799999999999997,0.6
6175,2024,Albert Suarez,BAL,34,9,7,1.4,3.7,32,24,133.2,108,43,17,1.29,7.27,2.9,0.191,0.076,4.24,4.53,0.287,0.7879999999999999,0.382,0.426,94.8,,,0.172,86.1,0.132,79.0,0.235,0.33899999999999997,1.14
27451,2024,Alec Marsh,KCR,26,9,9,1.4,4.53,26,25,129.0,123,39,19,1.26,8.58,2.72,0.22399999999999998,0.071,4.34,4.22,0.292,0.7040000000000001,0.40299999999999997,0.41200000000000003,94.1,0.23199999999999998,86.5,0.1,86.4,0.16,82.9,0.21,0.377,1.33
19350,2024,Dean Kremer,BAL,28,8,10,1.4,4.1,24,24,129.2,123,51,18,1.24,8.54,3.54,0.222,0.092,4.32,4.34,0.257,0.6629999999999999,0.354,0.419,93.1,,,,,0.114,77.1,0.16399999999999998,0.41700000000000004,1.25
26231,2024,Tyler Holton,DET,28,7,2,1.4,2.19,66,9,94.1,77,17,7,0.78,7.35,1.62,0.218,0.048,3.17,3.68,0.201,0.777,0.32799999999999996,0.36200000000000004,91.8,0.155,80.6,0.18899999999999997,83.7,0.015,79.3,0.165,0.47200000000000003,0.67
14309,2024,Frankie Montas,- - -,31,7,11,1.4,4.84,30,30,150.2,148,66,24,1.37,8.84,3.94,0.226,0.10099999999999999,4.71,4.26,0.282,0.6890000000000001,0.423,0.379,95.4,0.294,88.6,,,,,0.20600000000000002,0.41600000000000004,1.43
12970,2024,Joe Musgrove,SDP,31,6,5,1.4,3.88,19,19,99.2,101,23,14,1.17,9.12,2.08,0.24600000000000002,0.055999999999999994,3.96,3.74,0.305,0.773,0.406,0.384,92.9,0.2,82.1,0.078,87.1,0.225,81.6,0.203,0.413,1.26
24453,2024,Justin Martinez,ARI,22,5,6,1.4,2.48,64,0,72.2,91,36,2,1.31,11.27,4.46,0.295,0.11699999999999999,2.59,2.88,0.322,0.754,0.318,0.177,100.3,0.217,89.8,,,,,0.23399999999999999,0.589,0.25
23150,2024,Osvaldo Bido,OAK,28,5,3,1.4,3.41,16,9,63.1,63,26,3,1.09,8.95,3.69,0.243,0.1,3.36,4.63,0.25,0.71,0.27,0.488,94.9,0.196,85.8,0.152,88.9,,,0.21600000000000003,0.29600000000000004,0.43
3096,2024,Kenley Jansen,BOS,36,4,2,1.4,3.29,54,0,54.2,62,20,4,1.06,10.21,3.29,0.284,0.092,3.0,4.04,0.26,0.73,0.37,0.537,93.3,0.077,82.2,,,,,0.157,0.306,0.66
21318,2024,Tylor Megill,NYM,28,4,5,1.4,4.04,16,15,78.0,91,32,8,1.31,10.5,3.69,0.27,0.095,3.55,3.79,0.307,0.7070000000000001,0.424,0.38799999999999996,95.6,0.133,85.5,0.013000000000000001,87.3,0.083,78.2,0.21100000000000002,0.402,0.92
19362,2024,Keegan Akin,BAL,29,3,1,1.4,3.32,66,0,78.2,97,19,9,0.94,11.1,2.17,0.31,0.061,2.99,3.27,0.247,0.71,0.374,0.48700000000000004,93.9,0.332,85.6,0.10800000000000001,85.6,,,0.14300000000000002,0.37,1.03
24586,2024,Kyle Bradish,BAL,27,2,0,1.4,2.75,8,8,39.1,53,15,2,1.07,12.13,3.43,0.325,0.092,2.51,2.92,0.278,0.782,0.293,0.308,95.1,0.298,88.3,,,0.171,84.1,0.14300000000000002,0.5489999999999999,0.46
19876,2024,Kevin Ginkel,ARI,30,8,3,1.3,3.21,72,0,70.0,77,15,6,1.2,9.9,1.93,0.265,0.052000000000000005,2.85,3.23,0.332,0.7120000000000001,0.408,0.35600000000000004,95.8,0.384,87.5,,,,,0.20600000000000002,0.43799999999999994,0.77
11861,2024,Jason Adam,- - -,32,7,2,1.3,1.95,74,0,73.2,81,23,5,0.86,9.9,2.81,0.287,0.08199999999999999,3.03,3.54,0.21,0.79,0.37799999999999995,0.4,95.5,0.368,82.1,0.258,89.6,,,0.171,0.429,0.61
2520,2024,Lance Lynn,STL,37,7,4,1.3,3.84,23,23,117.1,109,44,16,1.34,8.36,3.38,0.213,0.086,4.31,4.39,0.287,0.7,0.39,0.41100000000000003,92.0,0.07,80.7,0.062,84.8,0.005,80.5,0.226,0.363,1.23
25645,2024,Declan Cronin,MIA,26,3,4,1.3,4.35,56,0,70.1,72,25,1,1.42,9.21,3.2,0.235,0.08199999999999999,2.58,3.43,0.365,0.618,0.41700000000000004,0.23600000000000002,93.5,0.522,87.1,,,,,0.187,0.5760000000000001,0.13
30122,2024,Gavin Williams,CLE,24,3,10,1.3,4.86,16,16,76.0,79,32,7,1.37,9.36,3.79,0.23800000000000002,0.096,3.67,4.12,0.308,0.669,0.44,0.382,96.7,,,0.05,89.3,0.198,79.5,0.212,0.406,0.83
13896,2024,Chris Flexen,CHW,29,3,15,1.3,4.95,33,30,160.0,123,63,24,1.52,6.92,3.54,0.174,0.08900000000000001,4.8,5.03,0.315,0.71,0.374,0.449,91.4,0.087,80.1,0.157,81.4,0.122,72.0,0.195,0.35600000000000004,1.35
20116,2024,Calvin Faucher,MIA,28,2,3,1.3,3.19,53,0,53.2,63,26,0,1.4,10.57,4.36,0.268,0.111,2.5,3.76,0.345,0.684,0.39399999999999996,0.321,96.1,0.07200000000000001,88.0,,,0.20199999999999999,85.6,0.214,0.46399999999999997,0.0
20492,2024,Casey Mize,DET,27,2,6,1.3,4.49,22,20,102.1,78,29,11,1.47,6.86,2.55,0.17300000000000001,0.064,3.95,4.04,0.331,0.695,0.446,0.29600000000000004,95.6,0.27699999999999997,85.8,,,0.075,79.6,0.214,0.49,0.97
23590,2024,Ben Brown,CHC,24,1,3,1.3,3.58,15,8,55.1,64,19,5,1.08,10.41,3.09,0.28800000000000003,0.086,3.11,3.63,0.271,0.722,0.514,0.45299999999999996,96.4,,,0.016,90.6,0.35700000000000004,86.6,0.161,0.387,0.81
23429,2024,JP Sears,OAK,28,11,13,1.2,4.38,32,32,180.2,137,49,28,1.22,6.82,2.44,0.18100000000000002,0.065,4.71,4.86,0.272,0.725,0.39799999999999996,0.47100000000000003,91.5,0.33899999999999997,78.9,0.19,84.0,,,0.156,0.373,1.39
27707,2024,Mitch Spence,OAK,26,8,10,1.2,4.58,35,24,151.1,126,44,20,1.38,7.49,2.62,0.19399999999999998,0.068,4.21,4.12,0.319,0.727,0.41700000000000004,0.345,93.3,0.326,84.3,0.12300000000000001,91.2,0.121,80.5,0.171,0.484,1.19
21029,2024,Jhoan Duran,MIN,26,6,9,1.2,3.64,58,0,54.1,66,15,4,1.16,10.93,2.48,0.289,0.066,2.85,2.7,0.321,0.615,0.355,0.21,100.5,,,,,0.278,86.1,0.18100000000000002,0.609,0.66
14857,2024,Joe Mantiply,ARI,33,6,2,1.2,3.92,75,2,59.2,53,18,1,1.17,7.99,2.72,0.218,0.07400000000000001,2.51,3.71,0.298,0.627,0.419,0.33299999999999996,89.0,0.265,79.3,0.264,81.0,,,0.13699999999999998,0.53,0.15
16561,2024,Austin Gomber,COL,30,5,12,1.2,4.75,30,30,165.0,116,38,30,1.31,6.33,2.07,0.16699999999999998,0.055,4.83,4.5,0.29,0.731,0.41,0.413,90.5,0.16699999999999998,83.8,0.205,81.1,0.22399999999999998,77.6,0.207,0.38,1.64
14542,2024,Carlos Estevez,- - -,31,4,5,1.2,2.45,54,0,55.0,50,12,5,0.91,8.18,1.96,0.23600000000000002,0.057,3.24,4.09,0.229,0.75,0.423,0.49700000000000005,96.8,0.28300000000000003,89.5,0.10400000000000001,89.5,0.002,83.0,0.174,0.32899999999999996,0.82
13649,2024,Clay Holmes,NYY,31,3,5,1.2,3.14,67,0,63.0,68,22,4,1.3,9.71,3.14,0.251,0.081,3.02,3.01,0.322,0.705,0.365,0.192,96.6,0.435,85.5,,,,,0.158,0.65,0.57
17878,2024,Dennis Santana,- - -,28,3,1,1.2,3.89,62,0,71.2,69,21,4,1.09,8.67,2.64,0.24,0.073,3.01,3.95,0.28,0.6409999999999999,0.321,0.414,95.6,0.306,87.0,0.083,88.5,,,0.225,0.361,0.5
7048,2024,Fernando Cruz,CIN,34,3,8,1.2,4.86,69,3,66.2,109,35,9,1.34,14.72,4.73,0.37799999999999995,0.122,3.27,2.67,0.336,0.698,0.441,0.364,94.7,0.257,88.6,,,,,0.27899999999999997,0.35700000000000004,1.22
16944,2024,Grant Holmes,ATL,28,2,1,1.2,3.56,26,7,68.1,70,15,7,1.19,9.22,1.98,0.248,0.053,3.2,3.52,0.314,0.765,0.385,0.387,94.6,0.312,86.6,0.006999999999999999,91.1,0.223,84.1,0.175,0.43799999999999994,0.92
19447,2024,Patrick Sandoval,LAA,27,2,8,1.2,5.08,16,16,79.2,81,35,8,1.51,9.15,3.95,0.22899999999999998,0.099,3.87,4.04,0.341,0.662,0.359,0.33799999999999997,93.8,0.292,86.8,0.28300000000000003,82.9,0.09,76.3,0.212,0.45,0.9
29911,2024,Andrew Abbott,CIN,25,10,10,1.1,3.72,25,25,138.0,114,52,25,1.3,7.43,3.39,0.195,0.08900000000000001,5.04,4.91,0.26,0.8290000000000001,0.33,0.493,92.9,0.18600000000000003,83.0,0.163,84.8,0.115,80.8,0.17,0.337,1.63
4676,2024,Charlie Morton,ATL,40,8,10,1.1,4.19,30,30,165.1,167,65,23,1.32,9.09,3.54,0.23800000000000002,0.09300000000000001,4.46,3.99,0.306,0.742,0.381,0.325,94.0,,,0.11,85.0,0.424,81.6,0.212,0.46299999999999997,1.25
13133,2024,Derek Law,WSN,33,7,4,1.1,2.6,75,0,90.0,76,24,7,1.18,7.6,2.4,0.20800000000000002,0.066,3.32,3.54,0.292,0.782,0.35200000000000004,0.27899999999999997,95.0,0.292,87.2,0.049,87.9,0.036000000000000004,77.9,0.237,0.485,0.7
13074,2024,Yu Darvish,SDP,37,7,3,1.1,3.31,16,16,81.2,78,22,12,1.07,8.6,2.42,0.23600000000000002,0.066,4.08,3.99,0.245,0.792,0.39899999999999997,0.436,93.9,0.132,82.0,0.006,88.3,0.14,75.8,0.17800000000000002,0.387,1.32
14710,2024,Edwin Diaz,NYM,30,6,4,1.1,3.52,54,0,53.2,84,20,7,1.04,14.09,3.35,0.389,0.09300000000000001,3.02,2.59,0.284,0.732,0.303,0.413,97.5,0.479,89.7,,,,,0.147,0.44,1.17
24975,2024,Cooper Criswell,BOS,27,6,5,1.1,4.08,26,18,99.1,73,31,10,1.35,6.61,2.81,0.172,0.073,4.15,4.43,0.307,0.701,0.374,0.33299999999999996,89.1,0.28800000000000003,77.2,0.26,84.5,,,0.163,0.503,0.91
25007,2024,Alex Vesia,LAD,28,5,4,1.1,1.76,67,0,66.1,87,33,7,0.99,11.8,4.48,0.331,0.125,3.45,4.09,0.193,0.8390000000000001,0.345,0.647,93.4,0.318,85.1,0.05,85.6,,,0.132,0.221,0.95
23796,2024,Ryan Weathers,MIA,24,5,6,1.1,3.63,16,16,86.2,80,24,11,1.18,8.31,2.49,0.218,0.065,4.11,4.03,0.276,0.753,0.382,0.359,95.6,0.21600000000000003,82.7,0.261,86.4,,,0.175,0.466,1.14
10233,2024,Aroldis Chapman,PIT,36,5,5,1.1,3.79,68,0,61.2,98,39,5,1.35,14.3,5.69,0.37,0.147,3.04,3.14,0.322,0.6920000000000001,0.413,0.376,98.8,0.266,87.0,,,,,0.17600000000000002,0.44799999999999995,0.73
31730,2024,Jonathan Cannon,CHW,23,5,10,1.1,4.49,23,21,124.1,91,40,18,1.33,6.59,2.9,0.174,0.077,4.65,4.62,0.29,0.723,0.359,0.396,93.6,0.218,82.0,0.187,85.8,,,0.223,0.381,1.3
22264,2024,Shane Baz,TBR,25,4,3,1.1,3.06,14,14,79.1,69,27,9,1.06,7.83,3.06,0.21600000000000003,0.085,4.07,4.39,0.229,0.7959999999999999,0.42,0.429,95.7,0.212,87.4,0.10400000000000001,88.1,0.205,83.6,0.17800000000000002,0.39299999999999996,1.02
16258,2024,Aaron Bummer,ATL,30,4,3,1.1,3.58,56,0,55.1,69,18,2,1.43,11.22,2.93,0.28300000000000003,0.07400000000000001,2.23,2.52,0.386,0.7290000000000001,0.32299999999999995,0.188,93.2,0.41100000000000003,82.4,0.011000000000000001,84.3,0.03,82.5,0.215,0.597,0.33
20020,2024,John Schreiber,KCR,30,4,3,1.1,3.66,59,0,51.2,46,20,1,1.32,8.01,3.48,0.205,0.08900000000000001,3.03,4.21,0.307,0.6940000000000001,0.37,0.322,92.5,0.26899999999999996,81.1,0.067,86.3,,,0.16399999999999998,0.513,0.17
15551,2024,Mark Leiter Jr.,- - -,33,4,5,1.1,4.5,60,0,58.0,86,22,8,1.33,13.34,3.41,0.336,0.086,3.29,2.75,0.343,0.669,0.4,0.33299999999999996,91.5,0.09300000000000001,79.7,,,0.16899999999999998,73.6,0.20800000000000002,0.45799999999999996,1.24
19769,2024,Will Vest,DET,29,3,4,1.1,2.82,69,0,70.1,63,18,3,1.12,8.06,2.3,0.218,0.062,2.83,3.47,0.287,0.758,0.38,0.275,96.0,0.21600000000000003,86.9,0.098,89.1,,,0.24,0.485,0.38
20039,2024,Adrian Morejon,SDP,25,3,2,1.1,2.83,60,0,63.2,71,21,4,1.32,10.04,2.97,0.261,0.077,2.79,3.33,0.337,0.768,0.318,0.322,97.3,0.32899999999999996,85.7,,,,,0.16399999999999998,0.514,0.57
16990,2024,Tanner Banks,- - -,32,2,3,1.1,3.98,63,2,72.1,78,25,6,1.3,9.71,3.11,0.251,0.08,3.25,3.59,0.317,0.632,0.337,0.335,93.3,0.33,88.0,0.129,86.3,0.14800000000000002,82.1,0.16699999999999998,0.498,0.75
30056,2024,David Festa,MIN,24,2,6,1.1,4.9,14,13,64.1,77,23,9,1.32,10.77,3.22,0.278,0.083,3.76,3.58,0.319,0.685,0.389,0.402,94.8,0.318,86.2,0.28,88.5,,,0.23600000000000002,0.36200000000000004,1.26
13273,2024,Ross Stripling,OAK,34,2,11,1.1,6.01,22,14,85.1,49,22,7,1.54,5.17,2.32,0.129,0.057999999999999996,3.89,4.74,0.338,0.5479999999999999,0.353,0.353,91.2,0.139,84.8,0.17600000000000002,82.8,0.086,76.2,0.255,0.392,0.74
14168,2024,Jose Berrios,TOR,30,16,11,1.0,3.6,32,32,192.1,153,54,31,1.15,7.16,2.53,0.195,0.069,4.72,4.25,0.256,0.8140000000000001,0.415,0.368,93.7,,,0.16,84.9,0.28600000000000003,83.3,0.19899999999999998,0.43200000000000005,1.45
11423,2024,Jose Quintana,NYM,35,10,10,1.0,3.75,31,31,170.1,135,63,22,1.25,7.13,3.33,0.188,0.08800000000000001,4.56,4.44,0.263,0.782,0.37799999999999995,0.35,90.8,0.054000000000000006,78.0,0.193,85.8,0.22399999999999998,77.6,0.17600000000000002,0.474,1.16
13431,2024,Marcus Stroman,NYY,33,10,9,1.0,4.31,30,29,154.2,113,60,19,1.47,6.58,3.49,0.16699999999999998,0.08900000000000001,4.62,4.5,0.312,0.7390000000000001,0.39299999999999996,0.308,90.0,0.29600000000000004,83.9,0.11,83.4,0.024,76.0,0.2,0.49200000000000005,1.11
20548,2024,Bowden Francis,TOR,28,8,5,1.0,3.3,27,13,103.2,92,22,17,0.93,7.99,1.91,0.225,0.054000000000000006,4.36,4.17,0.211,0.7829999999999999,0.36200000000000004,0.465,92.8,0.092,81.7,,,0.182,73.5,0.192,0.34299999999999997,1.48
12572,2024,Blake Treinen,LAD,36,7,3,1.0,1.93,50,0,46.2,56,11,5,0.94,10.8,2.12,0.304,0.06,3.0,3.06,0.255,0.897,0.33899999999999997,0.395,94.6,0.385,83.9,,,,,0.158,0.447,0.96
23313,2024,Jose Butto,NYM,26,7,3,1.0,2.55,30,7,74.0,79,38,6,1.07,9.61,4.62,0.26899999999999996,0.129,3.83,4.2,0.211,0.833,0.37799999999999995,0.409,94.0,0.23399999999999999,84.0,0.221,87.2,,,0.175,0.415,0.73
16918,2024,Luke Weaver,NYY,30,7,3,1.0,2.89,62,0,84.0,103,26,10,0.93,11.04,2.79,0.311,0.079,3.33,3.42,0.223,0.794,0.384,0.467,95.7,,,0.27699999999999997,88.7,0.012,82.7,0.16899999999999998,0.364,1.07
27646,2024,Luis L. Ortiz,PIT,25,7,6,1.0,3.32,37,15,135.2,107,42,16,1.11,7.1,2.79,0.192,0.076,4.25,4.59,0.243,0.7559999999999999,0.377,0.42200000000000004,95.4,0.26899999999999996,85.9,0.01,90.8,,,0.18100000000000002,0.397,1.06
21741,2024,Javier Assad,CHC,26,7,6,1.0,3.73,29,29,147.0,124,63,20,1.4,7.59,3.86,0.19399999999999998,0.099,4.64,4.61,0.289,0.8029999999999999,0.392,0.386,91.5,0.109,80.2,0.048,83.9,0.114,76.7,0.17800000000000002,0.436,1.22
25139,2024,Tim Herrin,CLE,27,5,1,1.0,1.92,75,0,65.2,68,25,2,0.97,9.32,3.43,0.265,0.09699999999999999,2.86,3.64,0.236,0.785,0.365,0.32899999999999996,95.0,0.276,87.6,,,0.354,81.6,0.174,0.49700000000000005,0.27
20099,2024,Chris Paddack,MIN,28,5,3,1.0,4.99,17,17,88.1,79,21,14,1.39,8.05,2.14,0.20600000000000002,0.055,4.19,4.09,0.327,0.7090000000000001,0.431,0.41200000000000003,93.3,0.177,86.0,0.259,82.9,0.136,78.3,0.215,0.373,1.43
17722,2024,Trevor Megill,MIL,30,1,3,1.0,2.72,48,0,46.1,50,14,4,1.01,9.71,2.72,0.273,0.077,3.1,3.87,0.254,0.755,0.424,0.496,98.8,,,,,0.284,87.4,0.171,0.33299999999999996,0.78
33838,2024,Yariel Rodriguez,TOR,27,1,8,1.0,4.47,21,21,86.2,85,40,11,1.32,8.83,4.15,0.231,0.109,4.34,4.42,0.275,0.6990000000000001,0.371,0.41600000000000004,93.8,0.282,84.6,,,0.105,78.3,0.21,0.374,1.14
25385,2024,Drew Rasmussen,TBR,28,0,2,1.0,2.83,16,4,28.2,35,6,0,1.08,10.99,1.88,0.302,0.052000000000000005,1.35,2.57,0.333,0.677,0.36,0.307,96.9,0.054000000000000006,85.6,,,,,0.16,0.5329999999999999,0.0
12317,2024,Colin Rea,MIL,33,12,6,0.9,4.29,32,27,167.2,135,43,29,1.26,7.25,2.31,0.18899999999999997,0.06,4.75,4.42,0.282,0.7659999999999999,0.41600000000000004,0.40700000000000003,92.6,0.17,82.1,,,0.044000000000000004,78.8,0.205,0.38799999999999996,1.56
27517,2024,Jared Koenig,MIL,30,9,4,0.9,2.47,55,6,62.0,63,23,4,1.24,9.15,3.34,0.23800000000000002,0.087,3.28,3.95,0.292,0.782,0.349,0.365,95.1,,,0.039,85.6,0.131,81.1,0.171,0.465,0.58
30115,2024,Robert Suarez,SDP,33,9,3,0.9,2.77,65,0,65.0,59,16,7,1.05,8.17,2.22,0.22899999999999998,0.062,3.49,3.81,0.256,0.8079999999999999,0.40399999999999997,0.40700000000000003,99.1,,,0.126,91.1,,,0.17600000000000002,0.418,0.97
16866,2024,Reed Garrett,NYM,31,8,5,0.9,3.77,53,0,57.1,83,30,6,1.4,13.03,4.71,0.336,0.121,3.31,3.16,0.349,0.7340000000000001,0.371,0.35100000000000003,96.6,0.435,88.7,,,0.001,85.0,0.20600000000000002,0.44299999999999995,0.94
14212,2024,Josh Hader,HOU,30,8,8,0.9,3.8,71,0,71.0,105,25,12,0.96,13.31,3.17,0.37799999999999995,0.09,3.5,2.93,0.23,0.69,0.38799999999999996,0.524,96.1,0.27399999999999997,85.6,0.009000000000000001,89.3,,,0.172,0.303,1.52
19479,2024,Aaron Civale,- - -,29,8,9,0.9,4.36,31,31,161.0,149,52,29,1.3,8.33,2.91,0.21600000000000003,0.075,4.74,4.31,0.285,0.764,0.392,0.428,92.5,0.163,80.6,,,0.156,77.1,0.21600000000000003,0.35600000000000004,1.62
16647,2024,Ryan Thompson,ARI,32,7,5,0.9,3.26,67,0,66.1,52,15,5,1.19,7.06,2.04,0.191,0.055,3.3,3.35,0.296,0.74,0.446,0.228,91.3,0.257,79.1,,,,,0.157,0.614,0.68
17734,2024,Evan Phillips,LAD,29,5,1,0.9,3.62,61,0,54.2,63,17,6,1.19,10.37,2.8,0.276,0.075,3.28,3.48,0.298,0.625,0.327,0.40399999999999997,96.2,0.386,85.1,,,,,0.19899999999999998,0.397,0.99
19742,2024,Anthony Bender,MIA,29,5,2,0.9,4.08,59,0,53.0,59,18,3,1.28,10.02,3.06,0.259,0.079,2.92,3.36,0.326,0.693,0.401,0.281,95.4,0.47,85.0,0.038,89.4,,,0.21899999999999997,0.5,0.51
13346,2024,Hoby Milner,MIL,33,5,1,0.9,4.73,61,1,64.2,64,14,6,1.19,8.91,1.95,0.239,0.052000000000000005,3.14,3.15,0.313,0.581,0.36200000000000004,0.287,88.7,0.32899999999999996,79.6,0.138,81.2,,,0.193,0.519,0.84
16256,2024,Kyle Freeland,COL,31,5,8,0.9,5.24,21,21,113.1,85,26,22,1.41,6.75,2.06,0.17300000000000001,0.053,4.9,4.38,0.315,0.6759999999999999,0.405,0.39899999999999997,91.5,0.22699999999999998,86.9,0.12300000000000001,85.9,0.18899999999999997,83.5,0.19899999999999998,0.402,1.75
13619,2024,Jakob Junis,- - -,31,4,0,0.9,2.69,24,6,67.0,51,8,8,0.85,6.85,1.07,0.20199999999999999,0.032,3.69,3.87,0.224,0.779,0.424,0.40299999999999997,92.0,0.45299999999999996,83.1,0.08199999999999999,86.6,,,0.209,0.387,1.07
26413,2024,Porter Hodge,CHC,23,3,1,0.9,1.88,39,0,43.0,52,19,2,0.88,10.88,3.98,0.317,0.11599999999999999,2.75,3.41,0.189,0.8009999999999999,0.359,0.391,95.6,0.375,83.0,,,,,0.196,0.413,0.42
16609,2024,Bryan Abreu,HOU,27,3,3,0.9,3.1,78,0,78.1,103,32,9,1.16,11.83,3.68,0.317,0.098,3.49,3.48,0.286,0.8290000000000001,0.375,0.42100000000000004,96.8,0.531,86.2,0.005,90.1,,,0.175,0.40399999999999997,1.03
11847,2024,Chris Martin,BOS,38,3,1,0.9,3.45,45,0,44.1,50,3,5,1.13,10.15,0.61,0.278,0.017,2.78,2.61,0.353,0.674,0.34700000000000003,0.314,94.6,0.009000000000000001,85.2,,,,,0.223,0.46299999999999997,1.02
12972,2024,Joe Ross,MIL,31,3,6,0.9,3.77,25,10,74.0,66,29,7,1.36,8.03,3.53,0.20600000000000002,0.09,3.83,4.5,0.298,0.727,0.387,0.419,94.8,0.373,86.6,0.08199999999999999,90.2,0.017,83.2,0.171,0.41,0.85
33876,2024,Rhett Lowder,CIN,22,2,2,0.9,1.17,6,6,30.2,22,14,0,1.27,6.46,4.11,0.172,0.109,3.1,4.73,0.272,0.897,0.413,0.363,93.0,0.273,85.1,0.195,86.3,,,0.253,0.385,0.0
23055,2024,Dedniel Nunez,NYM,28,2,0,0.9,2.31,25,0,35.0,48,8,3,0.91,12.34,2.06,0.35600000000000004,0.059000000000000004,2.22,2.32,0.276,0.755,0.38,0.359,96.3,0.491,87.5,0.01,91.8,,,0.115,0.526,0.77
15440,2024,Matthew Boyd,CLE,33,2,2,0.9,2.72,8,8,39.2,46,13,4,1.13,10.44,2.95,0.27699999999999997,0.078,3.29,3.89,0.277,0.7490000000000001,0.371,0.47600000000000003,92.0,0.17600000000000002,79.5,0.262,81.0,0.078,74.2,0.21,0.314,0.91
22286,2024,Trevor Rogers,- - -,26,2,11,0.9,4.92,25,25,124.1,97,56,14,1.58,7.02,4.05,0.17300000000000001,0.1,4.52,4.7,0.322,0.698,0.442,0.336,91.7,0.20600000000000002,82.4,0.235,85.6,,,0.201,0.46299999999999997,1.01
21455,2024,Kris Bubic,KCR,26,1,1,0.9,2.67,27,0,30.1,39,5,2,1.02,11.57,1.48,0.322,0.040999999999999995,1.95,2.04,0.32,0.674,0.28600000000000003,0.26,93.1,0.364,84.0,0.165,85.3,,,0.17800000000000002,0.562,0.59
14932,2024,Ben Lively,CLE,32,13,10,0.8,3.81,29,29,151.0,118,49,23,1.25,7.03,2.92,0.187,0.078,4.66,4.57,0.265,0.784,0.41100000000000003,0.413,90.2,0.21899999999999997,79.4,0.091,84.0,0.086,77.0,0.168,0.419,1.37
27758,2024,Kyle Harrison,SFG,22,7,7,0.8,4.56,24,24,124.1,118,42,18,1.34,8.54,3.04,0.222,0.079,4.33,4.23,0.308,0.733,0.43799999999999994,0.40299999999999997,92.6,,,0.198,84.9,0.223,80.6,0.188,0.409,1.3
14524,2024,Jose Leclerc,TEX,30,6,5,0.8,4.32,64,0,66.2,89,32,7,1.32,12.02,4.32,0.309,0.111,3.48,3.66,0.314,0.718,0.307,0.428,95.3,0.32299999999999995,82.0,0.102,88.2,,,0.22,0.35200000000000004,0.95
25679,2024,Kevin Kelly,TBR,26,5,2,0.8,2.67,68,0,70.2,63,9,7,0.96,8.02,1.15,0.22699999999999998,0.032,3.27,3.13,0.268,0.759,0.368,0.271,90.9,0.27899999999999997,77.3,,,,,0.161,0.568,0.89
19996,2024,Dylan Lee,ATL,29,4,2,0.8,2.11,52,0,59.2,76,17,7,1.11,11.46,2.56,0.317,0.071,3.0,3.15,0.3,0.836,0.32,0.455,92.4,0.547,84.1,0.121,85.7,,,0.193,0.35200000000000004,1.06
24719,2024,Randy Vasquez,SDP,25,4,7,0.8,4.87,20,20,98.0,62,29,13,1.51,5.69,2.66,0.14400000000000002,0.067,4.7,4.9,0.33,0.722,0.395,0.37799999999999995,94.3,0.099,82.4,0.12300000000000001,88.7,0.19699999999999998,82.2,0.23600000000000002,0.387,1.19
19926,2024,Tony Santillan,CIN,27,3,3,0.8,3.0,29,1,30.0,46,9,4,1.0,13.8,2.7,0.377,0.07400000000000001,2.73,2.51,0.27,0.779,0.40299999999999997,0.462,97.3,0.387,86.8,0.01,92.2,,,0.215,0.32299999999999995,1.2
7005,2024,Ryan Pressly,HOU,35,2,3,0.8,3.49,59,0,56.2,58,18,4,1.34,9.21,2.86,0.23800000000000002,0.07400000000000001,3.1,3.43,0.333,0.732,0.41600000000000004,0.287,93.9,0.289,89.6,0.111,89.6,0.249,82.4,0.226,0.488,0.64
24862,2024,Ryan Fernandez,STL,26,1,6,0.8,3.51,62,0,66.2,71,32,4,1.35,9.59,4.32,0.249,0.11199999999999999,3.35,3.9,0.307,0.718,0.32799999999999996,0.33299999999999996,95.6,0.44799999999999995,87.3,,,,,0.237,0.429,0.54
25376,2024,Nick Mears,- - -,27,1,5,0.8,5.93,54,0,57.2,75,24,7,1.47,11.71,3.75,0.293,0.094,3.39,3.47,0.36,0.598,0.331,0.401,96.7,0.22899999999999998,86.6,,,0.16899999999999998,81.5,0.191,0.408,1.09
11828,2024,James Paxton,- - -,35,9,3,0.7,4.4,21,21,100.1,73,50,12,1.45,6.55,4.49,0.16699999999999998,0.114,4.79,5.21,0.276,0.72,0.428,0.42700000000000005,93.2,,,0.066,82.6,0.304,80.9,0.19899999999999998,0.375,1.08
14843,2024,Michael Lorenzen,- - -,32,7,6,0.7,3.31,26,24,130.1,97,60,17,1.24,6.7,4.14,0.18100000000000002,0.11199999999999999,4.89,4.95,0.236,0.8240000000000001,0.391,0.405,93.8,0.15,83.9,0.188,84.6,0.079,81.7,0.177,0.418,1.17
26257,2024,Joey Estes,OAK,22,7,9,0.7,5.01,25,24,127.2,92,27,23,1.23,6.49,1.9,0.16899999999999998,0.05,4.94,5.29,0.274,0.6970000000000001,0.396,0.555,92.4,0.331,79.7,0.11,84.8,,,0.2,0.24600000000000002,1.62
19924,2024,Bryan Hudson,MIL,27,6,1,0.7,1.73,43,0,62.1,62,17,7,0.72,8.95,2.45,0.268,0.07400000000000001,3.6,3.6,0.148,0.9420000000000001,0.36200000000000004,0.405,91.4,0.233,81.6,,,,,0.182,0.41200000000000003,1.01
30133,2024,Brant Hurter,DET,25,6,1,0.7,2.58,10,1,45.1,38,6,4,0.88,7.54,1.19,0.217,0.034,3.03,3.32,0.236,0.785,0.366,0.336,92.4,0.307,83.2,0.11800000000000001,85.7,,,0.133,0.531,0.79
11156,2024,Merrill Kelly,ARI,35,5,1,0.7,4.03,13,13,73.2,63,19,11,1.17,7.7,2.32,0.21,0.063,4.25,3.89,0.273,0.73,0.40700000000000003,0.363,92.1,0.11800000000000001,85.6,0.209,88.4,0.078,82.3,0.212,0.425,1.34
8700,2024,Justin Verlander,HOU,41,5,6,0.7,5.48,17,17,90.1,74,27,15,1.38,7.37,2.69,0.187,0.068,4.78,5.13,0.303,0.682,0.325,0.523,93.5,0.193,86.7,0.10099999999999999,84.1,0.21899999999999997,77.7,0.195,0.282,1.49
26079,2024,Beau Brieske,DET,26,4,5,0.7,3.59,46,12,67.2,69,30,5,1.26,9.18,3.99,0.245,0.106,3.51,4.27,0.284,0.7,0.354,0.433,95.8,0.174,86.2,0.26,88.4,,,0.191,0.376,0.67
19481,2024,Tyler Ferguson,OAK,30,4,2,0.7,3.68,48,0,51.1,62,24,4,1.09,10.87,4.21,0.3,0.11599999999999999,3.28,3.77,0.243,0.6679999999999999,0.387,0.43200000000000005,95.6,0.23800000000000002,84.5,0.022000000000000002,88.5,,,0.195,0.373,0.7
27468,2024,Reid Detmers,LAA,24,4,9,0.7,6.7,17,17,87.1,109,38,18,1.56,11.23,3.92,0.27899999999999997,0.09699999999999999,4.72,3.86,0.357,0.629,0.39299999999999996,0.43799999999999994,93.8,0.245,86.2,0.142,84.7,0.146,75.0,0.179,0.38299999999999995,1.85
20373,2024,Andres Munoz,SEA,25,3,7,0.7,2.12,60,0,59.1,77,26,6,0.96,11.68,3.94,0.332,0.11199999999999999,3.35,2.98,0.208,0.853,0.33299999999999996,0.294,98.1,0.47100000000000003,87.7,,,,,0.183,0.524,0.91
16207,2024,Spencer Turnbull,PHI,31,3,0,0.7,2.65,17,7,54.1,58,20,6,1.05,9.61,3.31,0.261,0.09,3.85,3.8,0.233,0.84,0.41,0.36,92.3,0.385,84.0,0.055999999999999994,87.8,0.09,78.8,0.165,0.475,0.99
12857,2024,Shawn Armstrong,- - -,33,3,3,0.7,4.86,57,7,66.2,66,25,6,1.53,8.91,3.38,0.22399999999999998,0.085,3.57,4.19,0.362,0.69,0.381,0.39299999999999996,93.5,0.053,85.1,,,0.028999999999999998,83.6,0.249,0.358,0.81
19959,2024,Jesus Luzardo,MIA,26,3,6,0.7,5.0,12,12,66.2,58,22,9,1.25,7.83,2.97,0.212,0.08,4.26,4.23,0.284,0.6629999999999999,0.41100000000000003,0.402,95.1,0.292,83.6,0.228,86.3,0.002,81.5,0.228,0.37,1.22
25942,2024,Andrew Nardi,MIA,25,3,2,0.7,5.07,59,0,49.2,70,18,7,1.25,12.68,3.26,0.33299999999999996,0.086,3.33,3.35,0.325,0.639,0.34700000000000003,0.508,94.1,0.384,83.0,0.008,91.4,,,0.175,0.317,1.27
29812,2024,Robert Gasser,MIL,25,2,0,0.7,2.57,5,5,28.0,16,1,2,1.04,5.14,0.32,0.14,0.009000000000000001,3.38,4.18,0.283,0.7879999999999999,0.245,0.344,92.8,0.321,80.7,0.12300000000000001,87.5,,,0.226,0.43,0.64
23455,2024,Hunter Stratton,PIT,27,2,1,0.7,3.58,36,0,37.2,33,7,3,1.17,7.88,1.67,0.209,0.044000000000000004,3.25,3.98,0.304,0.701,0.313,0.396,95.5,0.25,84.2,,,,,0.225,0.37799999999999995,0.72
15507,2024,Hunter Harvey,- - -,29,2,4,0.7,4.44,49,0,50.2,55,16,5,1.32,9.77,2.84,0.251,0.073,3.52,3.52,0.333,0.677,0.47600000000000003,0.305,97.8,0.047,85.9,,,0.094,82.4,0.248,0.447,0.89
19614,2024,Cionel Perez,BAL,28,2,0,0.7,4.53,62,0,53.2,46,28,0,1.4,7.71,4.7,0.193,0.11800000000000001,3.3,4.59,0.296,0.638,0.34,0.295,96.3,0.369,83.1,,,0.006,83.4,0.147,0.5579999999999999,0.0
16300,2024,Jesus Tinoco,- - -,29,1,0,0.7,3.32,32,0,40.2,42,12,3,0.96,9.3,2.66,0.259,0.07400000000000001,3.17,3.73,0.235,0.7140000000000001,0.33299999999999996,0.39,96.3,0.522,86.7,0.039,90.0,,,0.14300000000000002,0.467,0.66
22533,2024,Michel Otanez,OAK,26,1,0,0.7,3.44,36,0,34.0,55,20,2,1.38,14.56,5.29,0.364,0.132,2.73,3.38,0.352,0.742,0.32899999999999996,0.43799999999999994,97.8,0.41100000000000003,85.3,,,,,0.17800000000000002,0.384,0.53
19261,2024,Ian Hamilton,NYY,29,0,1,0.7,3.82,35,0,37.2,41,14,2,1.35,9.8,3.35,0.252,0.086,3.03,3.71,0.34,0.723,0.371,0.324,96.1,0.5429999999999999,88.5,,,,,0.23800000000000002,0.43799999999999994,0.48
16511,2024,Jordan Montgomery,ARI,31,8,7,0.6,6.23,25,21,117.0,83,44,14,1.65,6.38,3.38,0.156,0.083,4.48,4.67,0.347,0.639,0.40700000000000003,0.342,91.9,0.018000000000000002,84.1,0.193,83.2,0.307,79.3,0.235,0.423,1.08
17192,2024,Jalen Beeks,- - -,30,7,4,0.6,4.5,71,0,70.0,55,27,6,1.49,7.07,3.47,0.17600000000000002,0.087,4.0,4.65,0.321,0.659,0.33,0.366,94.6,,,0.256,88.9,0.01,74.7,0.183,0.451,0.77
13394,2024,Dylan Floro,- - -,33,6,4,0.6,3.8,66,0,68.2,48,17,5,1.19,6.29,2.23,0.172,0.061,3.5,4.1,0.288,0.684,0.385,0.335,89.9,0.26899999999999996,83.4,0.095,83.6,,,0.21100000000000002,0.455,0.66
27572,2024,Carmen Mlodzinski,PIT,25,5,5,0.6,3.38,40,4,50.2,46,19,3,1.18,8.17,3.38,0.22,0.091,3.36,4.18,0.273,0.6920000000000001,0.35200000000000004,0.376,96.3,0.366,86.5,0.003,88.7,,,0.163,0.461,0.53
27552,2024,Graham Ashcraft,CIN,26,5,5,0.6,5.24,15,15,77.1,57,27,11,1.5,6.63,3.14,0.163,0.077,4.82,4.56,0.313,0.675,0.42700000000000005,0.315,94.9,0.319,88.5,0.037000000000000005,91.0,,,0.198,0.486,1.28
25911,2024,Yennier Cano,BAL,30,4,3,0.6,3.15,70,0,60.0,65,24,6,1.3,9.75,3.6,0.261,0.096,3.55,3.08,0.314,0.779,0.434,0.20800000000000002,96.1,0.13,87.1,0.244,91.1,,,0.16399999999999998,0.629,0.9
17948,2024,Trent Thornton,SEA,30,4,3,0.6,3.61,71,0,72.1,77,19,8,1.13,9.58,2.36,0.262,0.065,3.47,3.56,0.297,0.726,0.368,0.386,95.3,0.33799999999999997,82.4,0.025,87.6,0.12,82.4,0.233,0.381,1.0
10315,2024,Michael Tonkin,- - -,34,4,4,0.6,3.63,57,0,79.1,85,30,6,1.26,9.64,3.4,0.25,0.08800000000000001,3.44,3.89,0.303,0.653,0.35,0.34600000000000003,93.0,0.451,83.2,,,,,0.244,0.41,0.68
21690,2024,Edward Cabrera,MIA,26,4,8,0.6,4.95,20,20,96.1,107,50,15,1.37,10.0,4.67,0.256,0.12,4.68,3.94,0.278,0.664,0.457,0.324,96.3,0.083,89.3,0.324,93.1,0.21899999999999997,84.9,0.20600000000000002,0.47,1.4
15541,2024,Tyler Rogers,SFG,33,3,4,0.6,2.82,77,0,70.1,51,6,7,1.04,6.53,0.77,0.17600000000000002,0.021,3.56,3.69,0.274,0.812,0.305,0.295,82.4,0.355,73.6,,,,,0.161,0.545,0.9
14814,2024,Buck Farmer,CIN,33,3,2,0.6,3.04,61,1,71.0,70,29,7,1.2,8.87,3.68,0.23399999999999999,0.09699999999999999,4.0,4.44,0.263,0.815,0.358,0.426,92.6,,,0.209,86.8,0.348,82.2,0.21600000000000003,0.358,0.89
14332,2024,Joel Payamps,MIL,30,3,7,0.6,3.05,68,0,59.0,59,18,7,0.97,9.0,2.75,0.251,0.077,3.73,3.8,0.215,0.732,0.436,0.41200000000000003,94.8,0.40299999999999997,83.8,0.077,89.6,,,0.203,0.386,1.07
17998,2024,Pete Fairbanks,TBR,30,3,3,0.6,3.57,46,0,45.1,44,17,4,1.17,8.74,3.38,0.23800000000000002,0.092,3.5,3.88,0.267,0.696,0.41100000000000003,0.377,97.4,0.44799999999999995,85.1,0.026000000000000002,93.8,,,0.18899999999999997,0.434,0.79
31461,2024,Ben Joyce,LAA,23,2,0,0.6,2.08,31,1,34.2,33,14,1,1.15,8.57,3.63,0.23199999999999998,0.099,3.2,3.69,0.278,0.845,0.374,0.222,102.1,0.152,86.2,,,,,0.18899999999999997,0.589,0.26
26304,2024,Bryan Hoeing,- - -,27,2,3,0.6,2.18,34,2,53.2,43,14,4,1.06,7.21,2.35,0.205,0.067,3.32,3.5,0.262,0.8170000000000001,0.45799999999999996,0.272,94.0,0.226,83.1,,,,,0.245,0.483,0.67
19274,2024,Jacob Webb,BAL,30,2,5,0.6,3.02,60,0,56.2,58,27,4,1.18,9.21,4.29,0.245,0.114,3.52,4.31,0.245,0.721,0.344,0.42700000000000005,93.5,0.281,82.9,0.275,84.4,,,0.233,0.34,0.64
3137,2024,Max Scherzer,TEX,39,2,4,0.6,3.95,9,9,43.1,40,10,7,1.15,8.31,2.08,0.226,0.055999999999999994,4.18,4.04,0.277,0.752,0.349,0.45899999999999996,92.6,0.212,85.0,0.139,82.9,0.139,74.8,0.221,0.32,1.45
27688,2024,Jack Kochanowicz,LAA,23,2,6,0.6,3.99,11,11,65.1,25,10,7,1.19,3.44,1.38,0.094,0.038,4.62,4.48,0.282,0.735,0.444,0.244,95.9,,,0.03,88.3,0.184,85.0,0.18600000000000003,0.57,0.96
17780,2024,Jose Alvarado,PHI,29,2,5,0.6,4.09,66,0,61.2,63,28,6,1.25,9.19,4.09,0.244,0.109,3.8,3.81,0.269,0.69,0.41,0.319,97.9,0.406,92.5,,,,,0.221,0.46,0.88
2036,2024,Clayton Kershaw,LAD,36,2,2,0.6,4.5,7,7,30.0,24,9,2,1.5,7.2,2.7,0.18,0.068,3.53,4.33,0.354,0.633,0.408,0.344,90.0,0.43700000000000006,86.0,,,0.161,72.1,0.271,0.385,0.6
21844,2024,Braxton Garrett,MIA,26,2,2,0.6,5.35,7,7,37.0,34,4,5,1.19,8.27,0.97,0.21100000000000002,0.025,3.82,3.49,0.31,0.595,0.483,0.299,90.2,0.265,82.9,0.124,83.1,0.044000000000000004,77.5,0.188,0.513,1.22
23550,2024,Aaron Ashby,MIL,26,1,2,0.6,2.86,14,2,28.1,33,10,2,1.06,10.48,3.18,0.27699999999999997,0.084,2.81,2.86,0.243,0.625,0.368,0.24,96.3,0.136,83.2,0.20199999999999999,88.9,0.192,82.2,0.17300000000000001,0.5870000000000001,0.64
24017,2024,Jose A. Ferrer,WSN,24,1,0,0.6,3.38,31,0,32.0,25,6,1,1.03,7.03,1.69,0.19399999999999998,0.047,2.76,3.54,0.274,0.685,0.479,0.26,98.1,0.055,88.0,0.191,88.3,,,0.16699999999999998,0.573,0.28
6107,2024,Huascar Brazoban,- - -,34,1,3,0.6,3.83,39,0,51.2,51,25,2,1.22,8.88,4.35,0.235,0.115,3.32,4.08,0.265,0.633,0.24600000000000002,0.312,96.4,,,0.28,90.4,,,0.23199999999999998,0.457,0.35
21448,2024,Davis Martin,CHW,27,0,5,0.6,4.32,11,10,50.0,47,23,5,1.46,8.46,4.14,0.214,0.105,4.27,4.57,0.321,0.746,0.379,0.368,93.6,0.268,83.6,0.196,89.3,0.076,78.4,0.174,0.45799999999999996,0.9
19312,2024,Cal Quantrill,COL,29,8,11,0.5,4.98,29,29,148.1,110,69,23,1.52,6.67,4.19,0.168,0.105,5.32,4.87,0.3,0.7509999999999999,0.41200000000000003,0.33299999999999996,93.9,0.126,87.9,0.019,84.9,0.127,79.8,0.223,0.444,1.4
13435,2024,Pierce Johnson,ATL,33,6,6,0.5,3.67,58,0,56.1,67,25,6,1.3,10.7,3.99,0.284,0.106,3.61,3.65,0.309,0.7509999999999999,0.39399999999999996,0.373,95.5,,,,,0.716,85.4,0.17600000000000002,0.451,0.96
19976,2024,Tyson Miller,- - -,28,5,1,0.5,2.32,58,0,62.0,54,11,7,0.81,7.84,1.6,0.23,0.047,3.67,4.17,0.203,0.8190000000000001,0.345,0.49700000000000005,89.6,0.43799999999999994,80.3,0.022000000000000002,85.4,0.032,78.7,0.196,0.307,1.02
6902,2024,Martin Perez,- - -,33,5,6,0.5,4.53,26,26,135.0,107,49,22,1.48,7.13,3.27,0.18100000000000002,0.083,4.9,4.48,0.317,0.769,0.415,0.35700000000000004,90.8,0.0,83.0,0.22699999999999998,83.4,0.141,77.9,0.2,0.444,1.47
21520,2024,Hogan Harris,OAK,27,4,4,0.5,2.86,21,9,72.1,61,33,7,1.35,7.59,4.11,0.2,0.10800000000000001,4.23,4.69,0.289,0.789,0.389,0.4,92.9,0.11199999999999999,78.8,0.165,81.1,0.16,72.6,0.22899999999999998,0.371,0.87
20375,2024,Greg Weissert,BOS,29,4,2,0.5,3.13,62,0,63.1,58,20,7,1.34,8.24,2.84,0.221,0.076,3.72,3.91,0.326,0.705,0.405,0.374,93.9,0.349,80.8,0.08800000000000001,84.6,,,0.214,0.41200000000000003,0.99
16814,2024,Tim Hill,- - -,34,4,0,0.5,3.36,62,0,67.0,31,19,2,1.43,4.16,2.55,0.107,0.065,3.57,4.02,0.316,0.693,0.406,0.157,89.3,0.052000000000000005,82.2,,,,,0.161,0.682,0.27
19618,2024,Jordan Hicks,SFG,27,4,7,0.5,4.1,29,20,109.2,96,47,12,1.45,7.88,3.86,0.2,0.098,4.37,4.34,0.315,0.754,0.42200000000000004,0.31,94.7,0.24100000000000002,81.2,,,,,0.18100000000000002,0.509,0.98
14771,2024,Emilio Pagan,CIN,33,4,5,0.5,4.5,38,1,38.0,44,11,6,1.34,10.42,2.61,0.278,0.07,3.77,3.63,0.351,0.728,0.505,0.47100000000000003,94.6,0.272,86.5,,,,,0.21600000000000003,0.314,1.42
23307,2024,Collin Snider,SEA,28,3,4,0.5,1.94,42,0,41.2,47,13,5,1.18,10.15,2.81,0.278,0.077,3.41,3.52,0.298,0.833,0.36700000000000005,0.43,94.3,0.376,82.5,,,,,0.262,0.308,1.08
14706,2024,Anthony Banda,LAD,30,3,2,0.5,3.08,48,2,49.2,50,18,5,1.25,9.06,3.26,0.239,0.086,3.67,3.88,0.291,0.789,0.38799999999999996,0.37,96.2,0.28300000000000003,85.8,0.127,90.1,,,0.185,0.444,0.91
14874,2024,Sam Moll,CIN,32,3,2,0.5,3.35,48,0,37.2,38,14,3,1.09,9.08,3.35,0.25,0.092,3.46,3.91,0.253,0.696,0.36700000000000005,0.385,92.8,0.245,81.3,0.09,85.3,,,0.146,0.469,0.72
27487,2024,Landon Knack,LAD,26,3,5,0.5,3.65,15,12,69.0,69,18,14,1.1,9.0,2.35,0.24100000000000002,0.063,4.72,4.23,0.242,0.8590000000000001,0.439,0.5,93.5,0.23,85.2,0.145,84.2,0.162,79.6,0.18899999999999997,0.311,1.83
23974,2024,Randy Rodriguez,SFG,24,3,2,0.5,4.3,35,1,52.1,53,18,4,1.24,9.11,3.1,0.24,0.081,3.34,4.11,0.301,0.625,0.374,0.424,97.5,0.39799999999999996,84.8,0.055999999999999994,89.8,,,0.16699999999999998,0.41,0.69
19677,2024,Gregory Soto,- - -,29,3,5,0.5,4.42,66,0,53.0,65,27,4,1.57,11.04,4.58,0.266,0.111,3.68,3.84,0.371,0.7140000000000001,0.43799999999999994,0.282,97.6,0.42100000000000004,85.9,,,,,0.21100000000000002,0.507,0.68
30055,2024,Cade Povich,BAL,24,3,9,0.5,5.2,16,16,79.2,69,34,12,1.43,7.79,3.84,0.196,0.09699999999999999,4.79,4.99,0.291,0.679,0.366,0.467,92.3,0.131,82.7,0.107,86.1,0.196,76.4,0.18,0.35200000000000004,1.36
1247,2024,Adam Ottavino,NYM,38,2,2,0.5,4.34,60,0,56.0,70,23,6,1.29,11.25,3.7,0.28600000000000003,0.094,3.67,3.89,0.309,0.708,0.33799999999999997,0.42,92.4,0.39899999999999997,79.1,0.051,87.3,,,0.147,0.434,0.96
22304,2024,Brenan Hanifee,DET,26,1,1,0.5,1.84,21,3,29.1,23,6,2,1.13,7.06,1.84,0.192,0.05,3.1,3.55,0.281,0.861,0.35200000000000004,0.28600000000000003,95.0,0.22399999999999998,87.4,0.096,88.7,,,0.17600000000000002,0.5379999999999999,0.61
13293,2024,Danny Coulombe,BAL,34,1,0,0.5,2.12,33,0,29.2,32,5,3,0.67,9.71,1.52,0.299,0.047,2.83,2.94,0.179,0.823,0.457,0.4,90.6,0.285,81.7,0.002,82.0,0.124,79.3,0.114,0.486,0.91
30076,2024,Landen Roupp,SFG,25,1,2,0.5,3.58,23,4,50.1,47,26,2,1.37,8.4,4.65,0.217,0.12,3.42,4.17,0.291,0.7290000000000001,0.392,0.29600000000000004,94.4,0.040999999999999995,84.0,0.094,88.2,0.44299999999999995,77.5,0.23199999999999998,0.47200000000000003,0.36
27582,2024,Davis Daniel,LAA,27,1,4,0.5,6.23,6,6,30.1,28,6,5,1.48,8.31,1.78,0.209,0.045,4.16,4.16,0.362,0.615,0.39399999999999996,0.434,91.6,0.23800000000000002,81.8,0.203,84.6,0.077,74.4,0.20199999999999999,0.364,1.48
17282,2024,Michael Kopech,- - -,28,6,8,0.4,3.46,67,0,67.2,88,34,9,1.15,11.7,4.52,0.315,0.122,4.02,3.81,0.245,0.795,0.382,0.456,98.8,0.11800000000000001,87.5,0.001,74.0,,,0.168,0.376,1.2
14739,2024,Paul Blackburn,- - -,30,5,4,0.4,4.66,14,14,75.1,59,21,12,1.29,7.05,2.51,0.187,0.066,4.63,4.14,0.29,0.7090000000000001,0.35600000000000004,0.341,91.7,0.166,81.3,0.179,85.7,0.102,79.5,0.203,0.457,1.43
12988,2024,Andrew Chafin,- - -,34,4,3,0.4,3.51,62,0,56.1,70,31,5,1.47,11.18,4.95,0.285,0.126,3.54,3.94,0.338,0.753,0.34,0.40299999999999997,91.8,0.45799999999999996,82.2,,,,,0.23600000000000002,0.361,0.8
26252,2024,Erik Miller,SFG,26,4,5,0.4,3.88,73,10,67.1,87,38,7,1.31,11.63,5.08,0.306,0.134,3.67,3.53,0.285,0.7070000000000001,0.41100000000000003,0.34600000000000003,96.9,0.16399999999999998,83.4,0.33899999999999997,85.6,,,0.147,0.506,0.94
23221,2024,Michael Grove,LAD,27,4,4,0.4,5.12,39,2,51.0,54,16,6,1.22,9.53,2.82,0.25,0.07400000000000001,3.87,3.77,0.299,0.621,0.336,0.345,95.9,0.5329999999999999,86.9,,,0.07,79.9,0.201,0.45299999999999996,1.06
12049,2024,Kyle Hendricks,CHC,34,4,12,0.4,5.92,29,24,130.2,87,43,21,1.45,5.99,2.96,0.153,0.076,4.98,4.59,0.305,0.642,0.33399999999999996,0.341,87.7,,,0.387,80.9,0.131,74.4,0.213,0.445,1.45
12095,2024,Yimi Garcia,- - -,33,3,0,0.4,3.46,39,0,39.0,49,12,6,0.9,11.31,2.77,0.32,0.078,3.73,3.63,0.202,0.769,0.344,0.557,96.3,0.32,85.0,0.095,88.8,,,0.17,0.273,1.38
22294,2024,Matthew Liberatore,STL,24,3,4,0.4,4.4,60,6,86.0,76,28,11,1.27,7.95,2.93,0.212,0.078,4.11,4.17,0.29,0.701,0.385,0.402,95.1,0.284,87.6,0.047,88.0,0.065,78.3,0.17600000000000002,0.42200000000000004,1.15
17677,2024,Jeffrey Springs,TBR,31,2,2,0.4,3.27,7,7,33.0,37,11,5,1.36,10.09,3.0,0.261,0.077,3.98,3.8,0.33,0.872,0.452,0.424,89.9,0.258,82.6,0.317,79.6,,,0.196,0.38,1.36
23335,2024,Joey Cantillo,CLE,24,2,4,0.4,4.89,9,8,38.2,44,15,6,1.29,10.24,3.49,0.27,0.092,4.07,3.46,0.296,0.6729999999999999,0.40399999999999997,0.35,92.2,0.084,82.6,0.276,77.9,0.152,76.3,0.165,0.485,1.4
21649,2024,Luis Medina,OAK,25,2,4,0.4,5.18,8,8,40.0,32,20,4,1.58,7.2,4.5,0.17800000000000002,0.111,4.44,5.11,0.317,0.685,0.449,0.409,96.0,0.251,85.9,0.081,89.8,0.10099999999999999,81.3,0.205,0.386,0.9
17968,2024,Brock Burke,- - -,27,2,1,0.4,5.82,34,1,34.0,41,16,4,1.56,10.85,4.24,0.266,0.10400000000000001,3.87,3.77,0.363,0.6679999999999999,0.41100000000000003,0.337,95.6,0.259,87.0,0.16899999999999998,89.0,,,0.18899999999999997,0.474,1.06
25890,2024,Bryan King,HOU,27,1,0,0.4,2.39,28,0,26.1,32,10,1,1.14,10.94,3.42,0.294,0.092,2.71,3.54,0.302,0.823,0.344,0.371,92.1,0.349,81.8,,,0.07200000000000001,77.9,0.19399999999999998,0.435,0.34
24737,2024,Gus Varland,- - -,27,1,0,0.4,3.42,26,0,26.1,27,8,2,1.44,9.23,2.73,0.235,0.07,3.13,3.92,0.364,0.746,0.392,0.397,95.3,0.382,88.7,0.048,89.8,,,0.218,0.385,0.68
5615,2024,Ryan Brasier,LAD,36,1,0,0.4,3.54,29,4,28.0,25,5,3,0.96,8.04,1.61,0.22699999999999998,0.045,3.31,3.59,0.247,0.6579999999999999,0.43799999999999994,0.397,94.5,0.41200000000000003,85.2,,,,,0.179,0.423,0.96
27889,2024,J.T. Ginn,OAK,25,1,1,0.4,4.24,8,6,34.0,29,9,4,1.32,7.68,2.38,0.204,0.063,3.96,3.9,0.327,0.7490000000000001,0.451,0.324,92.9,0.309,85.4,0.146,87.1,,,0.20600000000000002,0.47100000000000003,1.06
17536,2024,Ryan Burr,TOR,30,0,2,0.4,4.13,34,4,32.2,47,12,4,1.26,12.95,3.31,0.336,0.086,3.07,3.15,0.329,0.7140000000000001,0.475,0.45,94.1,0.605,85.4,,,,,0.225,0.325,1.1
30107,2024,Christian Scott,NYM,25,0,3,0.4,4.56,9,9,47.1,39,12,8,1.2,7.42,2.28,0.198,0.061,4.6,4.71,0.272,0.732,0.354,0.507,94.3,0.36700000000000005,85.2,,,,,0.16899999999999998,0.324,1.52
18383,2024,Mike Soroka,CHW,26,0,10,0.4,4.74,25,9,79.2,84,44,13,1.38,9.49,4.97,0.242,0.127,4.95,4.54,0.261,0.675,0.35200000000000004,0.42700000000000005,93.1,0.365,82.0,0.09699999999999999,82.2,0.001,77.0,0.171,0.40299999999999997,1.47
19244,2024,Cole Irvin,- - -,30,6,6,0.3,5.11,29,16,111.0,78,29,18,1.45,6.32,2.35,0.159,0.059000000000000004,4.82,4.78,0.316,0.677,0.409,0.405,91.8,0.040999999999999995,78.2,0.131,84.9,0.252,77.4,0.205,0.389,1.46
12828,2024,Andrew Kittredge,STL,34,5,5,0.3,2.8,74,0,70.2,67,20,10,1.13,8.53,2.55,0.233,0.07,3.96,3.64,0.263,0.818,0.395,0.36,94.5,0.5,88.2,,,,,0.188,0.452,1.27
24614,2024,Victor Vodnik,COL,24,5,4,0.3,4.28,64,0,73.2,65,37,7,1.48,7.94,4.52,0.203,0.11599999999999999,4.18,4.14,0.31,0.7290000000000001,0.488,0.27,98.0,0.201,84.7,0.166,90.1,,,0.18600000000000003,0.544,0.86
6984,2024,Luis Garcia,- - -,37,5,1,0.3,4.88,60,0,59.0,53,15,8,1.29,8.08,2.29,0.209,0.059000000000000004,4.05,3.62,0.303,0.634,0.39299999999999996,0.284,96.4,0.20800000000000002,81.9,,,,,0.213,0.503,1.22
19459,2024,Jorge Alcala,MIN,28,4,3,0.3,3.24,54,0,58.1,58,20,8,1.03,8.95,3.09,0.247,0.085,4.14,4.38,0.219,0.772,0.325,0.513,97.9,0.387,89.9,0.091,91.0,,,0.145,0.342,1.23
33826,2024,Yuki Matsui,SDP,28,4,2,0.3,3.73,64,0,62.2,69,27,8,1.16,9.91,3.88,0.268,0.105,3.92,4.02,0.248,0.7440000000000001,0.373,0.45299999999999996,92.2,0.33299999999999996,85.1,,,0.01,75.1,0.161,0.385,1.15
12784,2024,Burch Smith,- - -,34,4,1,0.3,4.95,50,0,56.1,46,12,6,1.35,7.35,1.92,0.191,0.05,3.66,4.02,0.331,0.632,0.44799999999999995,0.365,95.0,0.085,83.9,0.008,85.4,0.193,80.1,0.19699999999999998,0.43799999999999994,0.96
20203,2024,Eli Morgan,CLE,28,3,0,0.3,1.93,32,0,42.0,34,11,4,0.98,7.29,2.36,0.204,0.066,3.64,4.46,0.222,0.852,0.281,0.479,92.3,0.361,86.9,0.237,79.0,,,0.218,0.303,0.86
22051,2024,John King,STL,29,3,3,0.3,2.85,56,0,60.0,38,14,5,1.2,5.7,2.1,0.153,0.055999999999999994,3.73,3.78,0.279,0.758,0.369,0.233,93.5,0.12,83.6,0.27699999999999997,84.5,,,0.15,0.617,0.75
7836,2024,Hunter Strickland,LAA,35,3,2,0.3,3.31,72,0,73.1,57,24,10,1.09,7.0,2.95,0.19399999999999998,0.08199999999999999,4.45,4.88,0.229,0.75,0.355,0.51,93.9,0.42100000000000004,83.6,,,,,0.133,0.35700000000000004,1.23
17606,2024,Cristian Javier,HOU,27,3,1,0.3,3.89,7,7,34.2,27,19,4,1.41,7.01,4.93,0.18,0.127,4.75,5.56,0.26,0.76,0.308,0.515,91.7,0.295,77.5,0.268,81.3,0.044000000000000004,75.2,0.233,0.252,1.04
21481,2024,Sean Hjelle,SFG,27,3,4,0.3,3.9,58,0,80.2,75,14,10,1.21,8.37,1.56,0.223,0.042,3.63,3.01,0.318,0.742,0.374,0.222,94.7,0.344,85.9,,,,,0.188,0.59,1.12
13164,2024,Eduardo Rodriguez,ARI,31,3,4,0.3,5.04,10,10,50.0,47,19,8,1.5,8.46,3.42,0.21,0.085,4.57,4.24,0.322,0.725,0.42,0.377,92.0,0.066,84.0,0.225,86.7,,,0.253,0.37,1.44
21487,2024,Stephen Kolek,SDP,27,3,0,0.3,5.21,42,0,46.2,39,12,4,1.52,7.52,2.31,0.185,0.057,3.57,3.46,0.359,0.643,0.408,0.204,95.4,0.13699999999999998,84.7,0.066,88.8,,,0.237,0.5589999999999999,0.77
29608,2024,Joe Boyle,OAK,24,3,6,0.3,6.42,13,10,47.2,56,40,4,1.72,10.57,7.55,0.248,0.177,4.68,5.11,0.311,0.634,0.405,0.384,97.8,0.375,87.8,,,0.037000000000000005,80.5,0.248,0.368,0.76
16061,2024,Cam Booser,BOS,32,2,3,0.3,3.38,43,0,42.2,43,16,5,1.34,9.07,3.38,0.235,0.087,3.8,4.4,0.303,0.8,0.363,0.49200000000000005,95.4,0.237,82.4,,,,,0.205,0.303,1.05
3237,2024,T.J. McFarland,OAK,35,2,4,0.3,3.81,79,0,56.2,39,17,4,1.24,6.19,2.7,0.166,0.07200000000000001,3.82,3.97,0.287,0.6729999999999999,0.349,0.23399999999999999,88.1,0.384,78.3,0.12300000000000001,81.5,,,0.193,0.573,0.64
21132,2024,Alexis Diaz,CIN,27,2,5,0.3,3.99,60,0,56.1,55,31,6,1.3,8.79,4.95,0.22699999999999998,0.128,4.57,5.06,0.25,0.68,0.38,0.47600000000000003,94.0,0.42100000000000004,87.6,,,,,0.19699999999999998,0.327,0.96
20997,2024,Eduard Bazardo,SEA,28,2,0,0.3,4.88,23,0,27.2,33,9,2,1.05,10.73,2.93,0.306,0.083,2.7,2.96,0.281,0.534,0.33299999999999996,0.33799999999999997,94.3,0.467,82.8,,,,,0.10800000000000001,0.5539999999999999,0.65
24763,2024,Kyle Leahy,STL,27,1,1,0.3,4.07,33,0,48.2,33,10,4,1.03,6.1,1.85,0.17300000000000001,0.052000000000000005,3.56,4.41,0.252,0.617,0.435,0.425,95.5,0.401,88.3,0.092,89.8,0.063,81.7,0.16399999999999998,0.41100000000000003,0.74
25386,2024,Jhony Brito,SDP,26,1,2,0.3,4.12,26,0,43.2,29,10,4,1.35,5.98,2.06,0.157,0.054000000000000006,3.72,4.33,0.317,0.674,0.35600000000000004,0.359,96.4,0.134,85.1,0.344,89.9,,,0.159,0.483,0.82
24977,2024,Shawn Dubin,HOU,28,1,1,0.3,4.17,31,2,45.1,49,26,3,1.57,9.73,5.16,0.237,0.126,3.72,4.29,0.331,0.698,0.423,0.33299999999999996,95.0,0.09300000000000001,83.1,0.151,88.4,0.158,81.4,0.20199999999999999,0.465,0.6
13892,2024,Paul Sewald,ARI,34,1,2,0.3,4.31,42,0,39.2,43,10,6,1.13,9.76,2.27,0.261,0.061,3.95,4.31,0.282,0.732,0.42200000000000004,0.56,91.4,0.397,83.2,0.003,83.0,,,0.174,0.266,1.36
19349,2024,Caleb Ferguson,- - -,27,1,4,0.3,4.64,62,0,54.1,67,25,6,1.49,11.1,4.14,0.26899999999999996,0.1,3.74,3.55,0.34,0.6659999999999999,0.373,0.29600000000000004,93.9,0.46799999999999997,85.6,,,,,0.237,0.467,0.99
18311,2024,Carson Fulmer,LAA,30,0,5,0.3,4.15,37,8,86.2,81,40,11,1.4,8.41,4.15,0.214,0.106,4.5,4.56,0.289,0.732,0.44299999999999995,0.39,92.9,0.032,83.3,0.268,87.8,0.057999999999999996,82.3,0.203,0.406,1.14
14975,2024,Chad Kuhl,CHW,31,0,2,0.3,5.06,31,1,53.1,54,25,5,1.52,9.11,4.22,0.225,0.10400000000000001,4.1,4.3,0.34,0.675,0.381,0.331,94.3,0.447,85.0,0.126,87.5,,,0.225,0.444,0.84
13652,2024,Tayler Scott,HOU,32,7,3,0.2,2.23,62,1,68.2,71,35,7,1.17,9.31,4.59,0.252,0.124,4.13,4.17,0.23,0.8490000000000001,0.349,0.365,92.8,0.221,84.0,,,,,0.212,0.424,0.92
17897,2024,Garrett Cleavinger,TBR,30,7,5,0.2,3.75,68,0,60.0,71,31,6,1.38,10.65,4.65,0.267,0.11699999999999999,4.0,4.29,0.305,0.748,0.33799999999999997,0.406,96.3,0.375,84.3,,,,,0.187,0.406,0.9
7146,2024,Daniel Hudson,LAD,37,6,2,0.2,3.0,65,0,63.0,63,19,10,1.03,9.0,2.71,0.249,0.075,4.18,4.06,0.225,0.7879999999999999,0.494,0.47600000000000003,95.2,0.409,88.1,0.037000000000000005,88.8,,,0.135,0.38799999999999996,1.43
18864,2024,Pedro Avila,- - -,27,6,1,0.2,3.81,54,0,82.2,82,36,8,1.32,8.93,3.92,0.23199999999999998,0.102,3.89,4.02,0.291,0.737,0.41600000000000004,0.332,93.4,0.106,81.4,0.21899999999999997,83.4,0.161,77.6,0.218,0.45,0.87
19867,2024,Griffin Canning,LAA,28,6,13,0.2,5.19,32,31,171.2,130,66,31,1.4,6.82,3.46,0.17600000000000002,0.08900000000000001,5.26,4.75,0.283,0.696,0.41700000000000004,0.392,93.5,0.24100000000000002,87.7,0.266,88.6,0.107,80.6,0.201,0.40700000000000003,1.63
22192,2024,Hans Crouse,LAA,25,4,3,0.2,2.84,25,0,25.1,34,17,2,1.22,12.08,6.04,0.318,0.159,3.76,4.7,0.231,0.762,0.278,0.623,92.6,0.387,83.8,0.11199999999999999,87.4,,,0.132,0.245,0.71
16835,2024,Brennan Bernardino,BOS,32,4,3,0.2,4.06,57,3,51.0,56,22,6,1.41,9.88,3.88,0.248,0.09699999999999999,4.15,3.98,0.324,0.7609999999999999,0.366,0.331,91.4,0.353,79.0,,,,,0.21600000000000003,0.45299999999999996,1.06
22387,2024,Josh Winckowski,BOS,26,4,2,0.2,4.14,40,6,76.0,60,26,10,1.41,7.11,3.08,0.179,0.077,4.48,4.14,0.301,0.691,0.431,0.28600000000000003,95.1,0.139,85.4,0.127,91.5,,,0.19899999999999998,0.515,1.18
18439,2024,Danny Young,NYM,30,4,1,0.2,4.54,42,0,37.2,48,18,3,1.25,11.47,4.3,0.29100000000000004,0.109,3.64,3.41,0.292,0.643,0.391,0.222,91.4,0.522,80.7,,,,,0.244,0.5329999999999999,0.72
20794,2024,Manuel Rodriguez,TBR,27,3,4,0.2,2.15,40,0,37.2,34,11,3,1.06,8.12,2.63,0.215,0.07,3.67,4.04,0.248,0.784,0.34299999999999997,0.337,96.8,0.466,89.3,,,,,0.192,0.47100000000000003,0.72
19531,2024,Jason Foley,DET,28,3,6,0.2,3.15,69,0,60.0,46,20,5,1.18,6.9,3.0,0.184,0.08,3.82,4.09,0.26,0.682,0.41200000000000003,0.3,97.0,0.314,88.5,0.051,92.0,,,0.228,0.47200000000000003,0.75
22361,2024,Colin Holderman,PIT,28,3,6,0.2,3.16,55,0,51.1,56,25,6,1.31,9.82,4.38,0.251,0.11199999999999999,4.26,4.42,0.275,0.77,0.38,0.419,97.2,0.478,84.7,,,,,0.20600000000000002,0.375,1.05
25379,2024,Sam Long,KCR,28,3,3,0.2,3.16,43,0,42.2,44,17,5,1.2,9.28,3.59,0.25,0.09699999999999999,3.89,4.0,0.266,0.778,0.325,0.41100000000000003,94.3,0.308,85.5,,,0.222,77.8,0.161,0.429,1.05
27581,2024,Hayden Wesneski,CHC,26,3,6,0.2,3.86,28,7,67.2,67,21,12,1.14,8.91,2.79,0.237,0.07400000000000001,4.51,3.93,0.243,0.675,0.368,0.401,94.4,0.40700000000000003,82.4,0.027999999999999997,87.1,,,0.151,0.44799999999999995,1.6
25977,2024,Quinn Priester,- - -,23,3,6,0.2,4.71,11,7,49.2,33,14,7,1.41,5.98,2.54,0.149,0.063,4.7,4.11,0.299,0.68,0.462,0.24,93.1,0.27899999999999997,87.2,0.125,88.5,0.145,80.6,0.18100000000000002,0.579,1.27
14527,2024,Jorge Lopez,- - -,31,2,3,0.2,2.89,52,0,53.0,50,19,6,1.23,8.49,3.23,0.23,0.08800000000000001,3.94,3.95,0.286,0.8190000000000001,0.397,0.364,95.6,0.185,86.7,0.11800000000000001,87.5,0.136,83.1,0.126,0.51,1.02
17888,2024,Tayler Saucedo,SEA,31,2,0,0.2,3.49,53,0,38.2,38,18,3,1.37,8.84,4.19,0.22899999999999998,0.10800000000000001,3.76,4.0,0.305,0.787,0.278,0.29600000000000004,91.3,0.248,82.0,0.235,85.4,0.026000000000000002,76.1,0.19399999999999998,0.509,0.7
22717,2024,Angel Zerpa,KCR,24,2,0,0.2,3.86,60,0,53.2,49,19,6,1.45,8.22,3.19,0.205,0.079,3.97,3.7,0.325,0.782,0.426,0.253,96.3,0.26,86.2,0.10400000000000001,88.7,0.003,82.0,0.163,0.584,1.01
27472,2024,Jared Shuster,CHW,25,2,5,0.2,4.3,39,4,73.1,56,33,9,1.46,6.87,4.05,0.174,0.10300000000000001,4.58,5.09,0.291,0.731,0.319,0.44299999999999995,92.5,0.284,86.0,0.294,84.2,,,0.213,0.34299999999999997,1.1
17796,2024,Dillon Tate,- - -,30,2,1,0.2,4.66,33,0,36.2,27,12,2,1.47,6.63,2.95,0.165,0.073,3.71,4.45,0.336,0.67,0.306,0.289,92.7,0.33399999999999996,79.5,0.125,83.9,,,0.215,0.496,0.49
10078,2024,Caleb Thielbar,MIN,37,2,4,0.2,5.32,59,0,47.1,53,24,6,1.56,10.08,4.56,0.245,0.111,4.1,4.21,0.331,0.625,0.33799999999999997,0.401,93.3,0.318,81.7,,,0.248,74.2,0.21899999999999997,0.38,1.14
17969,2024,Peter Lambert,COL,27,2,5,0.2,5.72,28,3,61.1,50,29,7,1.66,7.34,4.26,0.179,0.10400000000000001,4.54,4.68,0.344,0.6579999999999999,0.36700000000000005,0.335,94.6,0.302,85.1,0.25,87.0,0.039,77.9,0.299,0.365,1.03
27779,2024,Bryce Elder,ATL,25,2,5,0.2,6.52,10,10,49.2,46,17,8,1.63,8.34,3.08,0.204,0.075,4.56,3.95,0.366,0.6409999999999999,0.447,0.306,90.6,0.315,83.7,0.132,85.2,,,0.188,0.506,1.45
27500,2024,Slade Cecconi,ARI,25,2,7,0.2,6.66,20,13,77.0,64,17,16,1.42,7.48,1.99,0.18899999999999997,0.05,5.02,4.7,0.321,0.618,0.364,0.484,94.4,0.24,85.1,0.122,81.9,0.08900000000000001,75.4,0.18,0.336,1.87
13449,2024,Taylor Rogers,SFG,33,1,4,0.2,2.4,64,0,60.0,64,22,7,1.25,9.6,3.3,0.257,0.08800000000000001,3.75,3.72,0.299,0.818,0.32899999999999996,0.369,93.1,0.47200000000000003,79.3,,,,,0.16899999999999998,0.46299999999999997,1.05
13942,2024,Brent Suter,CIN,34,1,0,0.2,3.15,47,3,65.2,50,12,10,1.14,6.85,1.64,0.185,0.044000000000000004,4.31,4.19,0.272,0.828,0.298,0.39899999999999997,86.4,0.162,78.4,0.198,75.6,,,0.192,0.409,1.37
16201,2024,Justin Anderson,CHW,31,1,2,0.2,4.39,56,0,53.1,57,32,5,1.5,9.62,5.4,0.23600000000000002,0.132,4.22,4.76,0.297,0.711,0.353,0.419,95.7,0.45299999999999996,85.6,,,,,0.203,0.37799999999999995,0.84
15467,2024,Marco Gonzales,PIT,32,1,1,0.2,4.54,7,7,33.2,23,11,5,1.6,6.15,2.94,0.152,0.073,4.71,4.8,0.339,0.787,0.436,0.395,89.8,,,0.255,80.2,0.10099999999999999,79.1,0.20199999999999999,0.40399999999999997,1.34
22207,2024,DL Hall,MIL,25,1,2,0.2,5.02,13,7,43.0,44,21,6,1.6,9.21,4.4,0.223,0.107,4.68,4.48,0.344,0.728,0.375,0.374,93.4,0.14300000000000002,84.8,0.205,84.8,0.19899999999999998,79.8,0.171,0.455,1.26
4301,2024,Justin Wilson,CIN,36,1,5,0.2,5.59,60,0,46.2,51,13,10,1.46,9.84,2.51,0.244,0.062,4.73,3.99,0.338,0.7140000000000001,0.413,0.447,95.5,0.239,88.3,,,,,0.17,0.38299999999999995,1.93
26952,2024,Anthony Molina,COL,22,1,1,0.2,6.79,35,1,59.2,41,22,5,1.58,6.18,3.32,0.155,0.083,4.09,4.47,0.345,0.562,0.43700000000000006,0.293,94.8,0.22699999999999998,88.6,0.22399999999999998,85.3,0.066,82.8,0.28800000000000003,0.419,0.75
23135,2024,Eduardo Salazar,- - -,26,0,1,0.2,2.76,26,0,29.1,27,14,2,1.64,8.28,4.3,0.203,0.105,3.75,3.94,0.36,0.823,0.429,0.231,94.5,0.429,87.8,,,,,0.209,0.56,0.61
22713,2024,Carlos Hernandez,KCR,27,0,1,0.2,3.3,27,0,30.0,27,16,1,1.33,8.1,4.8,0.209,0.124,3.5,5.44,0.274,0.682,0.38799999999999996,0.5529999999999999,97.9,0.193,86.6,,,0.152,83.7,0.129,0.318,0.3
20369,2024,Matt Manning,DET,26,0,1,0.2,4.88,5,5,27.2,23,12,3,1.55,7.48,3.9,0.187,0.098,4.21,5.21,0.329,0.722,0.35200000000000004,0.5,93.9,0.379,84.4,,,0.098,81.7,0.193,0.307,0.98
21652,2024,Elvis Peguero,MIL,27,7,4,0.1,2.98,52,0,51.1,47,27,4,1.54,8.24,4.73,0.207,0.11900000000000001,4.04,4.12,0.327,0.782,0.40399999999999997,0.247,96.8,0.507,90.1,,,,,0.18,0.573,0.7
6655,2024,Craig Kimbrel,BAL,36,7,5,0.1,5.33,57,0,52.1,73,31,7,1.36,12.55,5.33,0.315,0.134,4.18,4.0,0.284,0.619,0.431,0.44299999999999995,93.9,0.045,85.5,0.004,87.8,0.293,84.3,0.23800000000000002,0.32,1.2
14552,2024,Jose Ruiz,PHI,29,5,1,0.1,3.71,52,0,51.0,52,17,8,1.33,9.18,3.0,0.24,0.078,4.23,3.67,0.309,0.7959999999999999,0.42200000000000004,0.342,96.1,0.027999999999999997,91.8,0.031,89.8,0.41200000000000003,86.3,0.205,0.452,1.41
11589,2024,Jose Urena,TEX,32,5,8,0.1,3.8,33,9,109.0,70,39,13,1.32,5.78,3.22,0.151,0.084,4.62,4.61,0.273,0.747,0.397,0.32,96.1,0.341,87.0,0.187,88.7,,,0.179,0.501,1.07
31635,2024,Hayden Birdsong,SFG,22,5,6,0.1,4.75,16,16,72.0,88,43,11,1.39,11.0,5.38,0.27899999999999997,0.13699999999999998,4.67,4.21,0.272,0.7340000000000001,0.5,0.415,95.8,0.184,86.5,0.184,88.1,0.18600000000000003,80.5,0.188,0.39799999999999996,1.38
21992,2024,Camilo Doval,SFG,26,5,3,0.1,4.88,62,0,59.0,78,39,5,1.58,11.9,5.95,0.28800000000000003,0.14400000000000002,3.71,3.63,0.333,0.682,0.428,0.267,98.7,0.51,88.8,,,,,0.133,0.6,0.76
21527,2024,James McArthur,KCR,27,5,7,0.1,4.92,57,0,56.2,49,14,8,1.45,7.78,2.22,0.198,0.057,4.17,3.62,0.347,0.664,0.40299999999999997,0.267,95.0,0.21600000000000003,87.7,,,0.336,83.8,0.2,0.5329999999999999,1.27
27685,2024,Carson Spiers,CIN,26,5,7,0.1,5.46,22,10,90.2,80,27,20,1.53,7.94,2.68,0.195,0.066,5.33,4.65,0.331,0.733,0.386,0.446,92.3,0.244,81.5,0.121,86.8,,,0.204,0.35,1.99
12791,2024,Michael Kelly,OAK,31,3,2,0.1,2.59,28,0,31.1,22,10,2,1.18,6.32,2.87,0.172,0.078,3.84,4.94,0.275,0.78,0.204,0.444,95.0,0.672,84.3,,,,,0.16699999999999998,0.389,0.57
28036,2024,Luke Little,CHC,23,3,1,0.1,3.46,30,1,26.0,28,18,1,1.27,9.69,6.23,0.257,0.165,4.05,4.31,0.241,0.73,0.39,0.22399999999999998,95.9,0.263,81.9,,,,,0.052000000000000005,0.7240000000000001,0.35
18064,2024,Phil Maton,- - -,31,3,3,0.1,3.66,71,0,64.0,60,24,7,1.11,8.44,3.38,0.226,0.091,4.26,4.28,0.242,0.755,0.331,0.35700000000000004,88.5,0.22399999999999998,80.9,,,0.28800000000000003,74.8,0.175,0.46799999999999997,0.98
19337,2024,Richard Lovelady,- - -,28,3,6,0.1,4.46,35,0,34.1,26,11,3,1.31,6.82,2.88,0.177,0.075,3.92,4.24,0.295,0.6779999999999999,0.45399999999999996,0.311,92.3,0.456,85.7,,,,,0.179,0.509,0.79
6632,2024,Carlos Carrasco,CLE,37,3,10,0.1,5.64,21,21,103.2,89,33,19,1.4,7.73,2.86,0.19899999999999998,0.07400000000000001,4.93,4.18,0.309,0.665,0.38799999999999996,0.35200000000000004,91.4,0.273,83.6,0.23,86.8,0.07200000000000001,80.4,0.182,0.465,1.65
21620,2024,Jake Cousins,NYY,29,2,1,0.1,2.37,37,0,38.0,53,20,5,1.05,12.55,4.74,0.342,0.129,4.06,3.54,0.208,0.816,0.33799999999999997,0.395,95.1,0.657,82.1,,,,,0.184,0.42100000000000004,1.18
19795,2024,Keegan Thompson,CHC,29,2,1,0.1,2.67,24,0,30.1,36,18,3,1.22,10.68,5.34,0.28300000000000003,0.142,3.86,3.97,0.229,0.762,0.466,0.389,93.6,0.134,84.4,0.022000000000000002,88.3,0.154,82.1,0.23600000000000002,0.375,0.89
27775,2024,Kyle Nicolas,PIT,25,2,2,0.1,3.95,51,0,54.2,55,31,4,1.5,9.05,5.1,0.226,0.128,4.03,4.49,0.315,0.6970000000000001,0.405,0.336,97.4,0.22399999999999998,90.9,,,0.225,85.7,0.21100000000000002,0.45399999999999996,0.66
20160,2024,Nate Pearson,- - -,27,2,2,0.1,4.48,60,1,66.1,74,21,12,1.33,10.04,2.85,0.26,0.07400000000000001,4.37,3.71,0.314,0.768,0.455,0.39799999999999996,97.7,0.40700000000000003,88.0,,,0.115,80.9,0.231,0.371,1.63
19309,2024,Trevor Richards,- - -,31,2,2,0.1,4.55,55,2,65.1,62,35,7,1.21,8.54,4.82,0.22399999999999998,0.126,4.36,4.96,0.216,0.632,0.376,0.489,92.3,0.001,83.0,0.535,79.2,,,0.159,0.35200000000000004,0.96
18694,2024,Kolby Allard,PHI,26,2,0,0.1,5.0,7,4,27.0,23,8,5,1.56,7.67,2.67,0.19699999999999998,0.068,4.76,4.31,0.358,0.7709999999999999,0.40700000000000003,0.40700000000000003,90.1,,,0.245,82.0,0.122,71.8,0.14,0.45299999999999996,1.67
10591,2024,Scott Alexander,OAK,34,1,3,0.1,2.56,45,0,38.2,31,15,3,1.19,7.22,3.49,0.19399999999999998,0.094,3.89,3.94,0.257,0.7759999999999999,0.43799999999999994,0.245,92.1,0.226,82.8,0.129,84.6,,,0.155,0.6,0.7
16466,2024,Brent Honeywell,- - -,29,1,1,0.1,2.63,20,1,37.2,18,11,3,1.14,4.3,2.63,0.121,0.07400000000000001,4.28,4.97,0.252,0.809,0.39799999999999996,0.371,94.8,0.237,85.8,,,,,0.207,0.42200000000000004,0.72
24930,2024,Ethan Roberts,CHC,26,1,1,0.1,3.71,21,0,26.2,26,10,3,1.54,8.78,3.38,0.22,0.085,3.92,4.61,0.359,0.82,0.43200000000000005,0.469,91.7,0.593,81.4,,,,,0.247,0.284,1.01
29271,2024,Yilber Diaz,ARI,23,1,1,0.1,3.81,7,4,28.1,19,12,3,1.38,6.04,3.81,0.16,0.10099999999999999,4.47,4.75,0.282,0.747,0.455,0.35600000000000004,96.1,0.273,83.7,0.004,86.0,0.14300000000000002,78.7,0.287,0.35600000000000004,0.95
31261,2024,Chris Roycroft,STL,27,1,2,0.1,4.19,27,0,34.1,33,17,2,1.4,8.65,4.46,0.213,0.11,3.84,4.22,0.293,0.6709999999999999,0.337,0.263,95.7,0.21,83.8,,,,,0.20199999999999999,0.535,0.52
19962,2024,Joey Wentz,- - -,26,1,2,0.1,4.68,46,0,67.1,73,33,8,1.47,9.76,4.41,0.24,0.109,4.19,4.24,0.312,0.7190000000000001,0.361,0.37,93.7,,,0.191,85.8,0.13,79.4,0.21899999999999997,0.41100000000000003,1.07
13361,2024,Steven Matz,STL,33,1,2,0.1,5.08,12,7,44.1,33,15,7,1.44,6.7,3.05,0.174,0.079,4.88,4.5,0.316,0.6759999999999999,0.307,0.358,93.9,0.069,88.2,0.257,83.4,0.076,77.7,0.24100000000000002,0.401,1.42
19911,2024,Jose Suarez,LAA,26,1,2,0.1,6.02,22,3,52.1,56,27,7,1.61,9.63,4.64,0.233,0.113,4.54,4.42,0.342,0.639,0.47700000000000004,0.366,92.8,0.23199999999999998,82.0,0.24600000000000002,83.0,0.008,76.4,0.22899999999999998,0.405,1.2
11384,2024,Tommy Kahnle,NYY,34,0,2,0.1,2.11,50,0,42.2,46,19,5,1.15,9.7,4.01,0.257,0.106,4.01,3.55,0.234,0.795,0.321,0.27,94.2,0.057,86.3,0.727,87.5,,,0.14400000000000002,0.586,1.05
20167,2024,Kyle Muller,OAK,26,0,1,0.1,4.01,21,0,49.1,36,10,6,1.18,6.57,1.82,0.17800000000000002,0.05,3.96,4.03,0.282,0.672,0.43200000000000005,0.348,92.6,0.247,85.4,0.079,87.0,0.141,79.4,0.226,0.426,1.09
12777,2024,John Brebbia,- - -,34,0,6,0.1,5.86,59,0,55.1,67,19,11,1.36,10.9,3.09,0.27699999999999997,0.079,4.52,3.82,0.317,0.6709999999999999,0.373,0.45399999999999996,93.9,0.518,83.2,,,,,0.25,0.29600000000000004,1.79
19680,2024,Sixto Sanchez,MIA,25,0,3,0.1,6.06,14,7,35.2,17,14,3,1.6,4.29,3.53,0.105,0.086,4.74,5.3,0.32,0.556,0.43799999999999994,0.31,93.6,0.34,83.6,0.306,85.4,,,0.20600000000000002,0.484,0.76
19444,2024,Yohan Ramirez,- - -,29,0,5,0.1,6.2,38,0,45.0,45,17,4,1.47,9.0,3.4,0.21600000000000003,0.08199999999999999,4.26,4.58,0.346,0.594,0.34299999999999997,0.33799999999999997,94.6,0.292,81.7,,,0.139,81.5,0.223,0.43799999999999994,0.8
18674,2024,Jake Woodford,- - -,27,0,6,0.1,7.97,9,7,35.0,26,9,6,1.63,6.69,2.31,0.156,0.054000000000000006,4.94,4.78,0.341,0.446,0.395,0.375,91.5,0.282,80.8,0.05,85.5,,,0.273,0.35200000000000004,1.54
11804,2024,Hector Neris,- - -,35,10,5,0.0,4.1,62,0,59.1,64,28,8,1.4,9.71,4.25,0.24600000000000002,0.10800000000000001,4.28,4.23,0.297,0.732,0.40399999999999997,0.419,93.0,0.035,85.6,,,,,0.18100000000000002,0.4,1.21
12323,2024,Jacob Barnes,WSN,34,8,3,0.0,4.36,63,0,66.0,55,20,10,1.32,7.5,2.73,0.19899999999999998,0.07200000000000001,4.38,4.17,0.297,0.6990000000000001,0.406,0.381,95.4,0.034,83.6,,,,,0.243,0.376,1.36
15947,2024,Ryne Stanek,- - -,32,7,3,0.0,4.88,63,0,55.1,67,25,8,1.32,10.9,4.07,0.278,0.10400000000000001,4.14,4.18,0.29,0.679,0.418,0.483,97.7,0.166,88.1,,,,,0.18600000000000003,0.331,1.3
15552,2024,Chad Green,TOR,33,4,6,0.0,3.21,53,0,53.1,46,14,8,1.03,7.76,2.36,0.21899999999999997,0.067,4.29,4.44,0.236,0.8079999999999999,0.45899999999999996,0.5,95.5,,,,,0.39299999999999996,87.7,0.128,0.37200000000000005,1.35
15009,2024,Kyle Finnegan,WSN,32,3,8,0.0,3.68,65,0,63.2,60,24,9,1.34,8.48,3.39,0.221,0.08900000000000001,4.25,3.81,0.292,0.746,0.48100000000000004,0.319,97.2,0.054000000000000006,85.5,,,,,0.222,0.45899999999999996,1.27
14993,2024,Scott Barlow,CLE,31,3,3,0.0,4.25,63,0,55.0,68,31,6,1.36,11.13,5.07,0.282,0.129,4.02,3.78,0.288,0.737,0.326,0.312,91.3,0.451,81.0,,,0.21,77.3,0.217,0.47100000000000003,0.98
11486,2024,Robbie Ray,SFG,32,3,2,0.0,4.7,7,7,30.2,43,15,6,1.14,12.62,4.4,0.33299999999999996,0.11599999999999999,4.96,4.09,0.237,0.767,0.354,0.531,94.1,0.319,88.5,,,0.15,83.6,0.188,0.281,1.76
18498,2024,Kenta Maeda,DET,36,3,7,0.0,6.09,29,17,112.1,96,31,22,1.38,7.69,2.48,0.198,0.064,4.96,4.51,0.308,0.619,0.36,0.44,90.8,0.376,81.6,0.312,84.0,0.016,76.5,0.196,0.364,1.76
23499,2024,Keaton Winn,SFG,26,3,8,0.0,7.16,12,12,55.1,48,20,9,1.37,7.81,3.25,0.20199999999999999,0.084,4.85,4.07,0.299,0.534,0.48200000000000004,0.299,95.3,0.14,87.9,,,,,0.201,0.5,1.46
21537,2024,Daniel Lynch IV,KCR,27,2,0,0.0,3.32,16,3,43.1,39,14,6,0.99,8.1,2.91,0.22399999999999998,0.08,4.41,4.32,0.207,0.777,0.479,0.419,92.9,0.27399999999999997,86.0,0.212,84.8,0.059000000000000004,80.4,0.12,0.462,1.25
15047,2024,Austin Voth,SEA,32,2,5,0.0,3.69,68,0,61.0,61,18,9,1.05,9.0,2.66,0.24600000000000002,0.073,4.12,3.93,0.236,0.662,0.295,0.42700000000000005,93.6,0.23399999999999999,80.9,,,0.191,75.4,0.226,0.348,1.33
25595,2024,Xzavion Curry,- - -,25,2,2,0.0,4.64,16,5,42.2,28,7,8,1.05,5.91,1.48,0.163,0.040999999999999995,4.78,5.04,0.233,0.6509999999999999,0.431,0.555,92.1,0.344,84.7,,,0.139,73.9,0.212,0.23399999999999999,1.69
20132,2024,Adam Oller,MIA,29,2,4,0.0,5.31,8,8,42.1,36,22,7,1.54,7.65,4.68,0.19,0.11599999999999999,5.32,5.24,0.295,0.7340000000000001,0.38799999999999996,0.45299999999999996,93.8,0.262,85.6,0.07200000000000001,87.0,0.154,81.6,0.156,0.391,1.49
19206,2024,Dakota Hudson,COL,29,2,12,0.0,6.17,18,18,89.0,49,50,11,1.67,4.96,5.06,0.121,0.124,5.53,5.41,0.304,0.635,0.42,0.295,90.3,0.248,84.2,0.1,83.4,0.17,80.3,0.18100000000000002,0.523,1.11
13801,2024,Austin Adams,OAK,33,1,2,0.0,3.92,56,0,41.1,53,23,4,1.48,11.54,5.01,0.27699999999999997,0.12,4.47,4.64,0.347,0.789,0.314,0.386,93.5,0.738,87.7,,,,,0.248,0.366,0.87
20418,2024,Josh Fleming,PIT,28,1,1,0.0,4.02,25,3,31.1,17,14,3,1.53,4.88,4.02,0.12300000000000001,0.10099999999999999,4.76,4.87,0.301,0.6920000000000001,0.33,0.267,90.5,,,0.3,83.2,0.062,77.9,0.19,0.5429999999999999,0.86
9761,2024,Joe Kelly,LAD,36,1,1,0.0,4.78,35,0,32.0,35,16,4,1.47,9.84,4.5,0.245,0.11199999999999999,4.57,4.22,0.325,0.711,0.425,0.318,98.2,0.19899999999999998,90.3,0.069,88.5,0.196,87.6,0.212,0.47100000000000003,1.13
26419,2024,Bradley Blalock,- - -,23,1,3,0.0,5.87,7,6,30.2,20,20,4,1.79,5.87,5.87,0.136,0.136,5.61,6.09,0.304,0.675,0.425,0.415,93.5,0.218,85.3,,,0.105,79.5,0.217,0.368,1.17
22092,2024,Kyle Tyler,MIA,27,0,2,0.0,5.4,8,7,31.2,25,18,4,1.74,7.11,5.12,0.17600000000000002,0.127,5.03,4.72,0.351,0.7340000000000001,0.45899999999999996,0.28600000000000003,90.7,0.11199999999999999,82.2,0.01,86.0,0.284,77.0,0.214,0.5,1.14
18555,2024,Logan Allen,ARI,27,0,1,0.0,5.46,12,0,28.0,21,10,3,1.5,6.75,3.21,0.16399999999999998,0.078,4.35,4.57,0.315,0.6779999999999999,0.4,0.316,90.8,0.209,81.7,0.209,79.6,0.011000000000000001,78.0,0.27399999999999997,0.41100000000000003,0.96
19574,2024,JoJo Romero,STL,27,7,3,-0.1,3.36,65,0,59.0,51,16,8,1.15,7.78,2.44,0.21,0.066,4.27,3.84,0.27,0.809,0.39799999999999996,0.313,94.3,0.341,84.0,0.171,85.9,,,0.19899999999999998,0.488,1.22
22630,2024,Keider Montero,DET,23,6,6,-0.1,4.76,19,16,98.1,77,31,19,1.33,7.05,2.84,0.187,0.075,5.15,4.33,0.287,0.745,0.365,0.365,94.7,0.282,83.7,0.107,86.0,0.11800000000000001,78.8,0.243,0.392,1.74
18297,2024,Tyler Kinley,COL,33,6,1,-0.1,6.19,67,0,64.0,72,33,11,1.47,10.13,4.64,0.253,0.11599999999999999,4.79,4.23,0.299,0.645,0.331,0.401,95.9,0.629,89.5,0.035,87.2,,,0.22,0.379,1.55
18655,2024,A.J. Minter,ATL,30,5,4,-0.1,2.62,39,0,34.1,35,11,6,1.02,9.17,2.88,0.261,0.08199999999999999,4.45,3.76,0.222,0.9420000000000001,0.33299999999999996,0.424,94.6,0.345,89.5,0.17800000000000002,86.8,,,0.11800000000000001,0.45899999999999996,1.57
16502,2024,Ryan Yarbrough,- - -,32,5,2,-0.1,3.19,44,0,98.2,65,32,11,1.03,5.93,2.92,0.163,0.08,4.64,4.84,0.212,0.7909999999999999,0.294,0.38299999999999995,86.3,0.275,71.3,0.153,77.4,,,0.209,0.408,1.0
19409,2024,Dane Dunning,TEX,29,5,7,-0.1,5.31,26,15,95.0,91,40,18,1.44,8.62,3.79,0.21600000000000003,0.095,5.17,4.41,0.297,0.705,0.45399999999999996,0.381,89.7,0.23399999999999999,80.7,0.12300000000000001,85.0,0.047,75.6,0.18100000000000002,0.43799999999999994,1.71
11752,2024,Luke Jackson,- - -,32,4,3,-0.1,5.09,52,0,53.0,59,26,7,1.47,10.02,4.42,0.251,0.111,4.24,3.81,0.319,0.67,0.392,0.308,94.8,0.55,87.3,,,0.124,84.5,0.185,0.507,1.19
20629,2024,Tyler Phillips,PHI,26,4,1,-0.1,6.87,8,7,36.2,28,7,9,1.42,6.87,1.72,0.175,0.044000000000000004,5.57,4.27,0.316,0.628,0.40700000000000003,0.374,93.4,0.292,82.6,0.066,85.7,0.14400000000000002,81.0,0.203,0.423,2.21
23899,2024,Valente Bellozo,MIA,24,3,4,-0.1,3.67,13,13,68.2,44,21,15,1.31,5.77,2.75,0.149,0.071,5.73,5.47,0.254,0.8590000000000001,0.42100000000000004,0.515,89.3,0.111,78.0,0.14400000000000002,81.1,0.127,73.8,0.185,0.3,1.97
19249,2024,Seranthony Dominguez,- - -,29,3,4,-0.1,4.45,63,0,58.2,68,21,12,1.24,10.43,3.22,0.267,0.08199999999999999,4.68,4.01,0.263,0.7390000000000001,0.32899999999999996,0.475,97.9,0.39799999999999996,88.5,0.015,91.6,,,0.16699999999999998,0.358,1.84
31967,2024,Drew Thorpe,CHW,23,3,3,-0.1,5.48,9,9,44.1,25,21,8,1.26,5.08,4.26,0.132,0.111,5.87,5.81,0.2,0.611,0.371,0.475,91.0,0.171,81.1,0.355,81.7,0.006,78.5,0.163,0.36200000000000004,1.62
30094,2024,Jordan Wicks,CHC,24,2,4,-0.1,5.48,11,10,46.0,42,20,9,1.63,8.22,3.91,0.198,0.094,5.32,4.65,0.331,0.7140000000000001,0.392,0.39,92.4,0.099,84.6,0.258,82.3,0.061,78.5,0.21899999999999997,0.39,1.76
13781,2024,Alex Wood,OAK,33,1,3,-0.1,5.26,9,9,39.1,33,19,6,1.78,7.55,4.35,0.177,0.102,5.3,5.13,0.366,0.721,0.488,0.376,90.6,0.313,81.4,0.225,84.6,,,0.256,0.368,1.37
12718,2024,Adrian Houser,NYM,31,1,5,-0.1,5.84,23,7,69.1,45,32,8,1.53,5.84,4.15,0.146,0.10400000000000001,4.93,5.11,0.3,0.628,0.40399999999999997,0.33899999999999997,92.8,0.17300000000000001,83.3,0.127,84.1,0.087,79.7,0.17600000000000002,0.485,1.04
23252,2024,Spencer Howard,- - -,27,1,2,-0.1,6.21,9,3,29.0,27,14,5,2.0,8.38,4.34,0.188,0.09699999999999999,4.99,5.05,0.398,0.667,0.447,0.436,93.9,0.251,85.3,0.16899999999999998,80.2,0.069,75.7,0.17800000000000002,0.386,1.55
24993,2024,Kody Funderburk,MIN,27,1,0,-0.1,6.49,27,0,34.2,32,15,4,1.62,8.31,3.89,0.19899999999999998,0.09300000000000001,4.55,4.14,0.352,0.632,0.349,0.231,93.3,0.325,82.6,0.034,88.9,,,0.222,0.546,1.04
19835,2024,Gerson Garabito,TEX,28,0,2,-0.1,4.78,18,2,26.1,22,12,4,1.33,7.52,4.1,0.191,0.10400000000000001,5.29,5.1,0.26,0.7190000000000001,0.35100000000000003,0.408,93.1,0.049,89.0,0.11800000000000001,86.7,0.33899999999999997,82.1,0.25,0.342,1.37
12272,2024,Aaron Brooks,OAK,34,0,2,-0.1,5.06,5,4,26.2,12,8,4,1.54,4.05,2.7,0.10099999999999999,0.067,5.23,5.15,0.309,0.632,0.48,0.34,92.1,0.325,85.3,0.134,85.1,0.017,79.6,0.18600000000000003,0.474,1.35
15042,2024,Tim Mayza,- - -,32,0,2,-0.1,6.33,50,0,42.2,28,15,5,1.62,5.91,3.16,0.14400000000000002,0.077,4.5,4.68,0.336,0.5710000000000001,0.384,0.324,92.5,0.282,87.2,,,,,0.223,0.45299999999999996,1.05
21212,2024,J.P. France,HOU,29,0,3,-0.1,7.46,5,5,25.1,22,12,5,1.7,7.82,4.26,0.182,0.099,5.53,5.6,0.321,0.622,0.326,0.512,92.2,0.03,78.5,0.22699999999999998,82.4,0.193,74.3,0.198,0.29100000000000004,1.78
10197,2024,Shelby Miller,DET,33,6,8,-0.2,4.53,51,0,55.2,49,13,9,0.97,7.92,2.1,0.218,0.057999999999999996,4.48,4.36,0.215,0.603,0.41100000000000003,0.462,93.5,0.20600000000000002,88.3,,,,,0.139,0.39899999999999997,1.46
19990,2024,Bryse Wilson,MIL,26,5,4,-0.2,4.04,34,9,104.2,82,31,20,1.27,7.05,2.67,0.18600000000000003,0.07,5.09,4.61,0.269,0.807,0.44299999999999995,0.43,93.3,,,0.040999999999999995,87.9,0.139,80.4,0.192,0.37799999999999995,1.72
13761,2024,Chris Stratton,KCR,33,4,3,-0.2,5.55,57,0,58.1,44,33,5,1.47,6.79,5.09,0.171,0.128,4.62,5.17,0.279,0.622,0.379,0.364,91.8,0.20600000000000002,86.1,0.1,85.1,0.22399999999999998,79.4,0.188,0.449,0.77
13767,2024,JT Chargois,- - -,33,3,1,-0.2,2.23,36,0,36.1,30,13,6,1.02,7.43,3.22,0.205,0.08900000000000001,4.9,4.58,0.189,0.98,0.406,0.436,95.0,0.431,85.6,0.004,85.0,,,0.198,0.366,1.49
21045,2024,Seth Martinez,HOU,29,3,2,-0.2,3.59,44,0,52.2,36,18,7,1.27,6.15,3.08,0.162,0.081,4.78,4.95,0.268,0.768,0.402,0.41,90.5,0.319,79.2,0.146,84.8,,,0.18600000000000003,0.40399999999999997,1.2
18337,2024,Nick Anderson,KCR,33,3,1,-0.2,4.04,37,0,35.2,29,15,6,1.4,7.32,3.79,0.19,0.098,5.07,4.75,0.284,0.7979999999999999,0.37,0.40700000000000003,94.9,,,0.059000000000000004,88.2,0.455,81.8,0.19399999999999998,0.39799999999999996,1.51
13580,2024,Steven Okert,MIN,32,3,2,-0.2,5.09,44,1,35.1,33,16,6,1.5,8.41,4.08,0.20600000000000002,0.1,5.12,4.88,0.304,0.7140000000000001,0.287,0.442,92.9,0.593,81.1,0.078,88.9,,,0.231,0.327,1.53
19569,2024,David Bednar,PIT,29,3,8,-0.2,5.77,62,0,57.2,58,28,9,1.42,9.05,4.37,0.221,0.107,4.8,4.87,0.274,0.622,0.39299999999999996,0.47100000000000003,97.3,,,,,0.204,77.3,0.159,0.371,1.4
5448,2024,Jesse Chavez,ATL,40,2,2,-0.2,3.13,46,0,63.1,55,19,10,1.25,7.82,2.7,0.20800000000000002,0.07200000000000001,4.43,3.88,0.279,0.8029999999999999,0.344,0.335,90.8,0.016,81.5,0.133,85.2,0.07,75.7,0.23399999999999999,0.431,1.42
13528,2024,Matt Bowman,- - -,33,1,0,-0.2,4.4,25,1,30.2,24,13,5,1.27,7.04,3.82,0.182,0.098,5.19,4.79,0.239,0.765,0.409,0.376,92.2,0.258,82.8,,,,,0.183,0.441,1.47
19374,2024,Walker Buehler,LAD,29,1,6,-0.2,5.38,16,16,75.1,64,28,16,1.55,7.65,3.35,0.18600000000000003,0.081,5.54,4.49,0.316,0.703,0.36,0.35100000000000003,95.0,0.095,83.0,0.052000000000000005,90.1,0.192,78.0,0.19399999999999998,0.455,1.91
31827,2024,Zebby Matthews,MIN,24,1,4,-0.2,6.69,9,9,37.2,43,11,11,1.65,10.27,2.63,0.243,0.062,5.72,4.05,0.364,0.679,0.42100000000000004,0.43799999999999994,94.9,0.258,87.2,0.079,85.8,0.071,81.8,0.182,0.38,2.63
17610,2024,Tanner Rainey,WSN,31,0,0,-0.2,4.76,50,0,51.0,44,29,8,1.49,7.76,5.12,0.19,0.126,5.42,5.9,0.267,0.7559999999999999,0.429,0.556,94.1,0.27699999999999997,86.6,0.013999999999999999,85.7,,,0.163,0.281,1.41
16401,2024,Yonny Chirinos,MIA,30,0,2,-0.2,6.3,6,6,30.0,25,13,7,1.87,7.5,3.9,0.174,0.09,6.13,5.52,0.375,0.772,0.34,0.47100000000000003,92.9,0.38799999999999996,85.3,,,,,0.16699999999999998,0.363,2.1
14416,2024,Yunior Marte,PHI,29,0,0,-0.2,6.92,23,0,26.0,23,15,5,1.88,7.96,5.19,0.18100000000000002,0.11800000000000001,5.63,4.58,0.345,0.643,0.42700000000000005,0.281,96.5,0.41700000000000004,85.5,0.06,90.0,,,0.27,0.449,1.73
27669,2024,Tanner Gordon,COL,26,0,6,-0.2,8.65,8,8,34.1,26,6,10,1.72,6.82,1.57,0.163,0.038,6.14,4.51,0.371,0.574,0.365,0.402,92.1,0.28300000000000003,85.0,0.191,83.9,0.027999999999999997,79.9,0.221,0.377,2.62
30146,2024,Jack Leiter,TEX,24,0,3,-0.2,8.83,9,6,35.2,31,17,7,1.71,7.82,4.29,0.179,0.098,5.66,5.27,0.322,0.461,0.434,0.43200000000000005,96.4,0.29100000000000004,86.9,0.057999999999999996,89.5,0.114,81.4,0.18600000000000003,0.381,1.77
20349,2024,Zack Kelly,BOS,29,6,3,-0.3,3.97,49,3,56.2,61,27,10,1.25,9.69,4.29,0.253,0.11199999999999999,4.84,3.94,0.241,0.7120000000000001,0.311,0.34700000000000003,96.6,0.272,82.3,0.209,83.6,,,0.18,0.473,1.59
11760,2024,Drew Smyly,CHC,35,4,8,-0.3,3.84,50,0,58.2,56,25,10,1.4,8.59,3.84,0.218,0.09699999999999999,4.91,4.57,0.288,0.789,0.382,0.429,92.7,,,,,0.486,80.1,0.218,0.353,1.53
30226,2024,Spencer Bivens,SFG,30,3,1,-0.3,3.14,27,2,48.2,37,11,9,1.19,6.84,2.03,0.183,0.054000000000000006,4.79,3.97,0.264,0.841,0.366,0.336,94.4,0.23800000000000002,81.0,0.135,88.6,,,0.125,0.539,1.66
27474,2024,Max Meyer,MIA,25,3,5,-0.3,5.68,11,11,57.0,46,19,14,1.42,7.26,3.0,0.185,0.077,5.9,4.43,0.289,0.7140000000000001,0.47200000000000003,0.361,94.0,0.40700000000000003,88.2,0.179,86.8,,,0.139,0.5,2.21
21306,2024,Jake Latz,TEX,28,2,3,-0.3,3.71,46,0,43.2,40,27,6,1.51,8.24,5.56,0.20800000000000002,0.141,5.04,5.2,0.28,0.802,0.40299999999999997,0.45899999999999996,95.0,0.22899999999999998,83.5,0.226,86.0,0.05,76.4,0.18,0.361,1.24
26790,2024,Angel Chivilli,COL,21,2,3,-0.3,4.55,30,0,31.2,28,10,7,1.29,7.96,2.84,0.21100000000000002,0.075,5.31,3.92,0.276,0.7759999999999999,0.46799999999999997,0.33,96.2,0.182,87.5,,,,,0.17,0.5,1.99
30031,2024,Julian Aguiar,CIN,23,2,1,-0.3,6.25,7,7,31.2,19,12,8,1.33,5.4,3.41,0.136,0.086,6.86,5.87,0.229,0.698,0.35600000000000004,0.47100000000000003,94.4,0.174,80.5,0.18899999999999997,84.1,0.098,78.0,0.157,0.373,2.27
21574,2024,Brendon Little,TOR,27,1,2,-0.3,3.74,49,0,45.2,36,19,7,1.31,7.09,3.74,0.187,0.098,4.9,3.57,0.262,0.7809999999999999,0.38,0.149,94.5,0.003,87.0,,,0.315,86.8,0.142,0.7090000000000001,1.38
19403,2024,Colin Poche,TBR,30,1,2,-0.3,3.86,43,0,37.1,33,13,7,1.15,7.96,3.13,0.21600000000000003,0.085,4.88,4.59,0.23,0.813,0.42100000000000004,0.505,91.2,0.319,83.2,,,,,0.162,0.33299999999999996,1.69
13470,2024,Lucas Sims,- - -,30,1,6,-0.3,4.38,58,0,49.1,49,30,8,1.44,8.94,5.47,0.228,0.14,5.23,5.33,0.262,0.7929999999999999,0.313,0.545,94.3,0.45899999999999996,84.2,0.001,87.0,0.07,79.8,0.174,0.28,1.46
19866,2024,Brandon Bielak,- - -,28,1,0,-0.3,5.16,16,0,29.2,14,13,5,1.75,4.25,3.94,0.1,0.09300000000000001,5.93,5.98,0.321,0.787,0.387,0.396,92.0,0.151,82.9,0.278,87.5,0.1,80.9,0.21600000000000003,0.387,1.52
30171,2024,Mason Black,SFG,24,1,5,-0.3,6.44,9,8,36.1,31,15,7,1.68,7.68,3.72,0.183,0.08900000000000001,5.45,5.24,0.345,0.701,0.408,0.462,92.6,0.368,83.4,0.024,87.2,,,0.218,0.319,1.73
31900,2024,Adam Mazur,SDP,23,1,3,-0.3,7.49,8,8,33.2,22,21,6,1.81,5.88,5.61,0.139,0.133,6.23,6.2,0.318,0.6409999999999999,0.389,0.451,94.6,0.337,86.8,0.10300000000000001,90.0,0.127,80.8,0.212,0.336,1.6
7432,2024,Jay Jackson,MIN,36,1,2,-0.3,7.52,20,0,26.1,29,9,7,1.41,9.91,3.08,0.254,0.079,5.44,3.83,0.304,0.478,0.408,0.42100000000000004,91.8,0.556,84.9,0.132,86.1,,,0.22399999999999998,0.355,2.39
27470,2024,Emerson Hancock,SEA,25,4,4,-0.4,4.75,12,12,60.2,39,19,12,1.34,5.79,2.82,0.147,0.071,5.69,5.24,0.263,0.7120000000000001,0.446,0.42100000000000004,93.3,0.165,84.1,0.209,86.6,,,0.233,0.34700000000000003,1.78
17464,2024,Jonathan Hernandez,- - -,27,3,1,-0.4,5.4,29,1,43.1,39,28,6,1.59,8.1,5.82,0.203,0.146,5.17,4.84,0.297,0.682,0.395,0.341,96.9,0.493,87.7,0.11800000000000001,90.0,,,0.163,0.496,1.25
20206,2024,Mike Baumann,- - -,28,3,1,-0.4,5.55,57,0,58.1,58,28,9,1.49,8.95,4.32,0.22,0.106,4.83,4.69,0.303,0.6509999999999999,0.43700000000000006,0.41600000000000004,96.6,0.243,92.1,0.019,89.1,0.33,87.9,0.191,0.39299999999999996,1.39
22810,2024,Roansy Contreras,- - -,24,2,4,-0.4,4.35,49,3,68.1,56,31,11,1.38,7.38,4.08,0.188,0.10400000000000001,5.16,4.9,0.265,0.7509999999999999,0.43,0.405,94.7,0.326,84.6,0.105,89.0,0.092,77.9,0.151,0.444,1.45
21267,2024,Jake Bird,COL,28,2,2,-0.4,4.5,35,0,40.0,31,25,5,1.7,6.98,5.63,0.168,0.135,5.42,5.42,0.317,0.785,0.41600000000000004,0.35200000000000004,95.4,0.287,85.4,,,0.182,81.8,0.18,0.467,1.13
20462,2024,Bryan Sammons,DET,29,1,1,-0.4,3.62,6,0,27.1,18,9,6,0.91,5.93,2.96,0.17300000000000001,0.087,5.8,5.49,0.143,0.852,0.316,0.613,91.5,0.193,80.2,0.083,81.4,0.078,75.9,0.187,0.2,1.98
31204,2024,Justin Wrobleski,LAD,23,1,2,-0.4,5.7,8,6,36.1,26,16,9,1.38,6.44,3.96,0.16899999999999998,0.10400000000000001,6.36,5.18,0.245,0.703,0.369,0.445,94.9,0.086,84.8,0.032,84.1,0.11800000000000001,82.5,0.245,0.309,2.23
14510,2024,Thyago Vieira,- - -,31,0,1,-0.4,5.21,28,0,38.0,39,26,8,1.66,9.24,6.16,0.22,0.147,6.06,5.04,0.284,0.7809999999999999,0.436,0.39399999999999996,97.4,0.361,88.3,,,,,0.22,0.385,1.89
15734,2024,Brad Keller,- - -,28,0,4,-0.4,5.44,16,2,41.1,32,15,9,1.52,6.97,3.27,0.16699999999999998,0.078,5.68,4.64,0.291,0.706,0.385,0.345,93.7,0.423,85.7,0.131,88.6,0.02,81.6,0.155,0.5,1.96
20038,2024,Darren McCaughan,- - -,28,0,0,-0.4,6.21,12,5,42.0,28,15,9,1.62,6.0,3.21,0.14400000000000002,0.077,6.12,5.85,0.321,0.684,0.39,0.49,89.2,0.38,82.0,0.111,81.1,,,0.168,0.34299999999999997,1.93
29950,2024,Jordan Leasure,CHW,25,0,2,-0.4,6.32,33,0,31.1,26,18,6,1.6,7.47,5.17,0.183,0.127,5.82,5.45,0.286,0.6809999999999999,0.35100000000000003,0.46299999999999997,96.1,0.28800000000000003,88.2,,,0.114,78.7,0.179,0.358,1.72
8048,2024,Will Smith,KCR,34,0,4,-0.4,6.53,45,0,41.1,29,15,7,1.45,6.31,3.27,0.156,0.081,5.27,5.41,0.288,0.602,0.309,0.467,91.3,0.447,80.6,0.146,85.9,0.11699999999999999,76.4,0.226,0.307,1.52
27691,2024,Louie Varland,MIN,26,0,6,-0.4,7.61,16,7,49.2,49,16,12,1.69,8.88,2.9,0.20600000000000002,0.067,5.54,4.14,0.357,0.618,0.444,0.341,96.1,,,0.10400000000000001,89.4,0.155,84.6,0.24,0.419,2.17
19874,2024,Alex Faedo,DET,28,5,3,-0.5,3.61,37,6,57.1,55,28,9,1.34,8.63,4.4,0.22399999999999998,0.114,4.91,4.43,0.265,0.831,0.344,0.376,94.0,0.396,83.2,0.2,89.2,,,0.23600000000000002,0.389,1.41
17490,2024,Genesis Cabrera,TOR,27,3,3,-0.5,3.59,69,0,62.2,50,29,10,1.47,7.18,4.16,0.185,0.107,5.13,4.74,0.294,0.7879999999999999,0.41100000000000003,0.374,96.0,0.39299999999999996,89.2,0.077,88.2,0.12,78.9,0.198,0.428,1.44
14295,2024,Wandy Peralta,SDP,32,3,2,-0.5,3.99,46,0,38.1,22,13,6,1.2,5.17,3.05,0.136,0.08,5.46,4.85,0.233,0.7509999999999999,0.434,0.303,95.2,0.10099999999999999,88.7,0.414,88.6,,,0.168,0.529,1.41
26285,2024,Tommy Henry,ARI,26,2,3,-0.5,7.04,9,7,38.1,30,18,9,1.75,7.04,4.23,0.165,0.099,6.38,5.22,0.331,0.685,0.408,0.37200000000000005,90.1,0.07200000000000001,82.9,0.171,83.6,0.23800000000000002,78.1,0.19399999999999998,0.434,2.11
13190,2024,Jordan Weems,WSN,31,1,1,-0.5,6.7,41,0,41.2,35,24,7,1.75,7.56,5.18,0.179,0.122,5.54,5.43,0.328,0.613,0.43,0.429,96.1,0.349,87.6,,,0.008,79.7,0.165,0.406,1.51
6895,2024,Chase Anderson,- - -,36,0,2,-0.5,5.4,29,1,58.1,42,21,12,1.3,6.48,3.24,0.165,0.08199999999999999,5.69,5.53,0.244,0.617,0.33,0.519,93.5,0.154,80.6,0.304,84.0,0.039,78.8,0.166,0.316,1.85
29833,2024,Nick Nastrini,CHW,24,0,7,-0.5,7.07,9,8,35.2,26,36,7,1.91,6.56,9.08,0.149,0.207,7.37,7.36,0.24,0.608,0.315,0.541,93.7,0.361,84.6,0.098,85.8,0.087,79.3,0.14400000000000002,0.315,1.77
17735,2024,Tyler Alexander,TBR,29,6,5,-0.6,5.1,23,9,107.2,90,24,23,1.24,7.52,2.01,0.198,0.053,5.08,4.63,0.278,0.73,0.369,0.503,89.7,0.2,78.0,0.139,81.5,,,0.185,0.312,1.92
14361,2024,Ty Blach,COL,33,3,8,-0.6,6.94,20,12,71.1,36,18,17,1.7,4.54,2.27,0.109,0.055,6.26,5.12,0.34,0.698,0.426,0.348,89.2,0.13699999999999998,83.0,0.245,80.1,0.109,79.3,0.242,0.409,2.14
27477,2024,Bryce Jarvis,ARI,26,1,2,-0.6,3.19,44,0,59.1,38,33,6,1.43,5.76,5.01,0.147,0.128,5.12,5.51,0.261,0.797,0.401,0.368,95.5,0.233,86.5,0.136,85.1,0.006999999999999999,83.4,0.198,0.434,0.91
21863,2024,George Soriano,MIA,25,1,1,-0.6,6.75,22,0,29.1,29,13,7,1.36,8.9,3.99,0.221,0.099,6.03,4.84,0.256,0.614,0.45899999999999996,0.44,94.1,0.395,84.0,0.175,88.5,,,0.298,0.262,2.15
20517,2024,Nick Sandlin,CLE,27,8,0,-0.7,3.75,68,1,57.2,68,27,12,1.27,10.61,4.21,0.276,0.11,5.23,4.26,0.256,0.804,0.428,0.46799999999999997,92.6,0.348,79.5,,,,,0.156,0.376,1.87
27589,2024,Logan Allen,CLE,25,8,5,-0.7,5.73,20,20,97.1,79,41,22,1.58,7.3,3.79,0.183,0.095,5.87,4.75,0.318,0.747,0.461,0.385,91.2,0.18899999999999997,78.7,,,,,0.18100000000000002,0.434,2.03
1890,2024,Matt Moore,LAA,35,5,3,-0.7,5.03,51,0,48.1,41,26,11,1.34,7.63,4.84,0.195,0.124,6.17,5.46,0.215,0.698,0.355,0.529,92.8,,,0.317,82.8,0.17600000000000002,82.2,0.17600000000000002,0.294,2.05
16587,2024,Erik Swanson,TOR,30,2,2,-0.7,5.03,45,0,39.1,37,14,11,1.27,8.47,3.2,0.22,0.083,6.06,4.01,0.238,0.815,0.5,0.353,93.9,0.192,86.8,,,,,0.22399999999999998,0.42200000000000004,2.52
20185,2024,Zach Pop,TOR,27,2,4,-0.7,5.59,58,0,48.1,33,19,9,1.32,6.14,3.54,0.158,0.091,5.53,4.42,0.247,0.562,0.439,0.276,96.2,0.145,86.3,,,,,0.17800000000000002,0.546,1.68
12763,2024,Chris Devenski,TBR,33,2,1,-0.7,6.75,19,0,26.2,24,14,9,1.58,8.1,4.73,0.19699999999999998,0.115,7.33,5.72,0.253,0.578,0.44,0.583,93.1,0.109,79.5,0.48,82.9,0.002,76.0,0.16699999999999998,0.25,3.04
21170,2024,Dany Jimenez,OAK,30,1,3,-0.7,4.91,25,0,25.2,25,19,6,1.56,8.77,6.66,0.214,0.162,6.6,5.97,0.227,0.706,0.319,0.5770000000000001,92.5,,,0.04,83.3,0.584,81.9,0.099,0.324,2.1
20353,2024,Steven Wilson,CHW,29,1,6,-0.7,5.71,40,0,34.2,34,26,8,1.59,8.83,6.75,0.209,0.16,6.71,6.11,0.228,0.62,0.31,0.5670000000000001,93.5,0.515,82.4,0.08,81.7,,,0.196,0.237,2.08
12056,2024,Scott McGough,ARI,34,1,3,-0.7,7.44,26,2,32.2,25,21,6,1.68,6.89,5.79,0.16699999999999998,0.14,6.04,5.6,0.289,0.546,0.379,0.408,93.2,0.139,87.2,,,,,0.184,0.408,1.65
17639,2024,Justin Lawrence,COL,29,4,4,-0.8,6.49,56,0,59.2,45,33,9,1.78,6.79,4.98,0.161,0.11800000000000001,5.63,4.94,0.346,0.608,0.41200000000000003,0.26,94.6,0.41100000000000003,83.0,,,,,0.20800000000000002,0.531,1.36
5003,2024,Jake Diekman,NYM,37,2,3,-0.8,5.63,43,0,32.0,40,24,7,1.47,11.25,6.75,0.276,0.166,6.14,4.43,0.229,0.655,0.39,0.316,94.6,0.289,82.8,0.09699999999999999,87.2,,,0.237,0.447,1.97
27483,2024,Bobby Miller,LAD,25,2,4,-0.9,8.52,13,13,56.0,52,30,17,1.77,8.36,4.82,0.20199999999999999,0.11599999999999999,6.97,4.7,0.331,0.622,0.47700000000000004,0.35600000000000004,97.6,0.096,88.6,0.19899999999999998,86.5,0.19,79.8,0.201,0.44299999999999995,2.73
12760,2024,Rafael Montero,HOU,33,1,2,-0.9,4.7,41,0,38.1,23,19,8,1.41,5.4,4.46,0.14,0.11599999999999999,6.4,5.38,0.243,0.7859999999999999,0.42,0.361,95.2,0.075,86.3,0.231,91.0,,,0.218,0.42,1.88
18403,2024,Enyel De Los Santos,- - -,28,1,2,-0.9,5.2,64,0,64.0,66,25,17,1.41,9.28,3.52,0.237,0.09,5.96,4.57,0.291,0.8009999999999999,0.423,0.483,95.5,0.42700000000000005,86.5,0.079,87.6,,,0.172,0.344,2.39
20546,2024,Grant Anderson,TEX,27,0,1,-0.9,8.1,23,0,26.2,29,10,11,1.61,9.79,3.38,0.242,0.083,7.59,4.33,0.319,0.6990000000000001,0.413,0.46299999999999997,92.3,0.41,82.2,0.075,85.6,,,0.138,0.4,3.71
18000,2024,Triston McKenzie,CLE,26,3,5,-1.0,5.11,16,16,75.2,74,49,19,1.56,8.8,5.83,0.218,0.14400000000000002,6.46,5.41,0.254,0.79,0.41700000000000004,0.519,91.2,0.21,85.4,,,0.266,77.8,0.131,0.35,2.26
11836,2024,Taijuan Walker,PHI,31,3,7,-1.1,7.1,19,15,83.2,58,37,24,1.72,6.24,3.98,0.152,0.09699999999999999,6.94,5.29,0.32,0.6970000000000001,0.46299999999999997,0.406,91.3,0.179,85.1,,,0.10800000000000001,74.7,0.21600000000000003,0.37799999999999995,2.58
25311,2024,Roddery Munoz,MIA,24,2,7,-1.6,6.53,18,17,82.2,70,42,26,1.58,7.62,4.57,0.185,0.111,7.27,5.36,0.267,0.703,0.447,0.45399999999999996,95.2,0.191,85.7,0.087,89.3,,,0.20600000000000002,0.34,2.83
